{
"type": "FeatureCollection",
"name": "Final_burnt",
"crs": { "type": "name", "properties": { "name": "urn:ogc:def:crs:OGC:1.3:CRS84" } },
"features": [
{ "type": "Feature", "properties": { "fid": 1, "DN": 1 }, "geometry": { "type": "Polygon", "coordinates": [ [ [ 76.619461832358667, 11.739992089552238 ], [ 76.619461832358667, 11.7397226119403 ], [ 76.619731325536051, 11.7397226119403 ], [ 76.619731325536051, 11.739992089552238 ], [ 76.619461832358667, 11.739992089552238 ] ] ] } },
{ "type": "Feature", "properties": { "fid": 2, "DN": 1 }, "geometry": { "type": "Polygon", "coordinates": [ [ [ 76.602753255360625, 11.739992089552238 ], [ 76.602753255360625, 11.739453134328359 ], [ 76.60302274853801, 11.739453134328359 ], [ 76.60302274853801, 11.739992089552238 ], [ 76.602753255360625, 11.739992089552238 ] ] ] } },
{ "type": "Feature", "properties": { "fid": 3, "DN": 1 }, "geometry": { "type": "Polygon", "coordinates": [ [ [ 76.604100721247562, 11.739453134328359 ], [ 76.604100721247562, 11.739183656716419 ], [ 76.604370214424947, 11.739183656716419 ], [ 76.604370214424947, 11.739453134328359 ], [ 76.604100721247562, 11.739453134328359 ] ] ] } },
{ "type": "Feature", "properties": { "fid": 4, "DN": 1 }, "geometry": { "type": "Polygon", "coordinates": [ [ [ 76.648028109161785, 11.739453134328359 ], [ 76.648028109161785, 11.739183656716419 ], [ 76.64829760233917, 11.739183656716419 ], [ 76.64829760233917, 11.739453134328359 ], [ 76.648028109161785, 11.739453134328359 ] ] ] } },
{ "type": "Feature", "properties": { "fid": 5, "DN": 1 }, "geometry": { "type": "Polygon", "coordinates": [ [ [ 76.574456471734891, 11.739183656716419 ], [ 76.574456471734891, 11.738644701492538 ], [ 76.574725964912275, 11.738644701492538 ], [ 76.574725964912275, 11.738914179104478 ], [ 76.575534444444443, 11.738914179104478 ], [ 76.575534444444443, 11.738644701492538 ], [ 76.576073430799212, 11.738644701492538 ], [ 76.576073430799212, 11.738914179104478 ], [ 76.576342923976597, 11.738914179104478 ], [ 76.576342923976597, 11.738644701492538 ], [ 76.577420896686149, 11.738644701492538 ], [ 76.577420896686149, 11.738914179104478 ], [ 76.577690389863548, 11.738914179104478 ], [ 76.577690389863548, 11.739183656716419 ], [ 76.574456471734891, 11.739183656716419 ] ] ] } },
{ "type": "Feature", "properties": { "fid": 6, "DN": 1 }, "geometry": { "type": "Polygon", "coordinates": [ [ [ 76.607873625730988, 11.738914179104478 ], [ 76.607873625730988, 11.738644701492538 ], [ 76.608143118908373, 11.738644701492538 ], [ 76.608143118908373, 11.738914179104478 ], [ 76.607873625730988, 11.738914179104478 ] ] ] } },
{ "type": "Feature", "properties": { "fid": 7, "DN": 1 }, "geometry": { "type": "Polygon", "coordinates": [ [ [ 76.605448187134499, 11.739183656716419 ], [ 76.605448187134499, 11.738644701492538 ], [ 76.605717680311884, 11.738644701492538 ], [ 76.605717680311884, 11.738375223880597 ], [ 76.606526159844051, 11.738375223880597 ], [ 76.606526159844051, 11.738914179104478 ], [ 76.605987173489268, 11.738914179104478 ], [ 76.605987173489268, 11.739183656716419 ], [ 76.605448187134499, 11.739183656716419 ] ] ] } },
{ "type": "Feature", "properties": { "fid": 8, "DN": 1 }, "geometry": { "type": "Polygon", "coordinates": [ [ [ 76.649106081871338, 11.740261567164179 ], [ 76.649106081871338, 11.739992089552238 ], [ 76.648567095516569, 11.739992089552238 ], [ 76.648567095516569, 11.7397226119403 ], [ 76.64829760233917, 11.7397226119403 ], [ 76.64829760233917, 11.739453134328359 ], [ 76.648567095516569, 11.739453134328359 ], [ 76.648567095516569, 11.739183656716419 ], [ 76.649375575048722, 11.739183656716419 ], [ 76.649375575048722, 11.738914179104478 ], [ 76.65018405458089, 11.738914179104478 ], [ 76.65018405458089, 11.738644701492538 ], [ 76.649914561403506, 11.738644701492538 ], [ 76.649914561403506, 11.737836268656716 ], [ 76.650992534113058, 11.737836268656716 ], [ 76.650992534113058, 11.740261567164179 ], [ 76.649106081871338, 11.740261567164179 ] ] ] } },
{ "type": "Feature", "properties": { "fid": 9, "DN": 1 }, "geometry": { "type": "Polygon", "coordinates": [ [ [ 76.57499545808966, 11.737566791044777 ], [ 76.57499545808966, 11.737297313432837 ], [ 76.575264951267059, 11.737297313432837 ], [ 76.575264951267059, 11.737566791044777 ], [ 76.57499545808966, 11.737566791044777 ] ] ] } },
{ "type": "Feature", "properties": { "fid": 10, "DN": 1 }, "geometry": { "type": "Polygon", "coordinates": [ [ [ 76.604909200779716, 11.737836268656716 ], [ 76.604909200779716, 11.737566791044777 ], [ 76.604639707602331, 11.737566791044777 ], [ 76.604639707602331, 11.737297313432837 ], [ 76.605178693957114, 11.737297313432837 ], [ 76.605178693957114, 11.737836268656716 ], [ 76.604909200779716, 11.737836268656716 ] ] ] } },
{ "type": "Feature", "properties": { "fid": 11, "DN": 1 }, "geometry": { "type": "Polygon", "coordinates": [ [ [ 76.603831228070177, 11.737027835820896 ], [ 76.603831228070177, 11.736758358208956 ], [ 76.604370214424947, 11.736758358208956 ], [ 76.604370214424947, 11.737027835820896 ], [ 76.603831228070177, 11.737027835820896 ] ] ] } },
{ "type": "Feature", "properties": { "fid": 12, "DN": 1 }, "geometry": { "type": "Polygon", "coordinates": [ [ [ 76.574186978557506, 11.738375223880597 ], [ 76.574186978557506, 11.738105746268657 ], [ 76.573917485380107, 11.738105746268657 ], [ 76.573917485380107, 11.737297313432837 ], [ 76.573647992202723, 11.737297313432837 ], [ 76.573647992202723, 11.736488880597015 ], [ 76.574186978557506, 11.736488880597015 ], [ 76.574186978557506, 11.737027835820896 ], [ 76.574456471734891, 11.737027835820896 ], [ 76.574456471734891, 11.737566791044777 ], [ 76.574725964912275, 11.737566791044777 ], [ 76.574725964912275, 11.738105746268657 ], [ 76.574456471734891, 11.738105746268657 ], [ 76.574456471734891, 11.738375223880597 ], [ 76.574186978557506, 11.738375223880597 ] ] ] } },
{ "type": "Feature", "properties": { "fid": 13, "DN": 1 }, "geometry": { "type": "Polygon", "coordinates": [ [ [ 76.60302274853801, 11.736758358208956 ], [ 76.60302274853801, 11.736488880597015 ], [ 76.603292241715394, 11.736488880597015 ], [ 76.603292241715394, 11.736758358208956 ], [ 76.60302274853801, 11.736758358208956 ] ] ] } },
{ "type": "Feature", "properties": { "fid": 16, "DN": 1 }, "geometry": { "type": "Polygon", "coordinates": [ [ [ 76.642099259259254, 11.736488880597015 ], [ 76.642099259259254, 11.736219402985075 ], [ 76.642368752436639, 11.736219402985075 ], [ 76.642368752436639, 11.736488880597015 ], [ 76.642099259259254, 11.736488880597015 ] ] ] } },
{ "type": "Feature", "properties": { "fid": 17, "DN": 1 }, "geometry": { "type": "Polygon", "coordinates": [ [ [ 76.537266413255352, 11.738375223880597 ], [ 76.537266413255352, 11.738105746268657 ], [ 76.536727426900583, 11.738105746268657 ], [ 76.536727426900583, 11.737566791044777 ], [ 76.536457933723199, 11.737566791044777 ], [ 76.536457933723199, 11.737297313432837 ], [ 76.535918947368415, 11.737297313432837 ], [ 76.535918947368415, 11.737836268656716 ], [ 76.5361884405458, 11.737836268656716 ], [ 76.5361884405458, 11.738105746268657 ], [ 76.535379961013646, 11.738105746268657 ], [ 76.535379961013646, 11.737836268656716 ], [ 76.535110467836247, 11.737836268656716 ], [ 76.535110467836247, 11.737297313432837 ], [ 76.534571481481478, 11.737297313432837 ], [ 76.534571481481478, 11.737027835820896 ], [ 76.534301988304094, 11.737027835820896 ], [ 76.534301988304094, 11.736758358208956 ], [ 76.534571481481478, 11.736758358208956 ], [ 76.534571481481478, 11.736219402985075 ], [ 76.534840974658863, 11.736219402985075 ], [ 76.534840974658863, 11.735949925373134 ], [ 76.535649454191031, 11.735949925373134 ], [ 76.535649454191031, 11.735680447761194 ], [ 76.535918947368415, 11.735680447761194 ], [ 76.535918947368415, 11.735949925373134 ], [ 76.5361884405458, 11.735949925373134 ], [ 76.5361884405458, 11.736219402985075 ], [ 76.536457933723199, 11.736219402985075 ], [ 76.536457933723199, 11.736488880597015 ], [ 76.535918947368415, 11.736488880597015 ], [ 76.535918947368415, 11.736758358208956 ], [ 76.5361884405458, 11.736758358208956 ], [ 76.5361884405458, 11.737027835820896 ], [ 76.536457933723199, 11.737027835820896 ], [ 76.536457933723199, 11.736758358208956 ], [ 76.537535906432751, 11.736758358208956 ], [ 76.537535906432751, 11.737027835820896 ], [ 76.537805399610136, 11.737027835820896 ], [ 76.537805399610136, 11.737566791044777 ], [ 76.537535906432751, 11.737566791044777 ], [ 76.537535906432751, 11.738105746268657 ], [ 76.537805399610136, 11.738105746268657 ], [ 76.537805399610136, 11.737836268656716 ], [ 76.538883372319688, 11.737836268656716 ], [ 76.538883372319688, 11.738105746268657 ], [ 76.539422358674457, 11.738105746268657 ], [ 76.539422358674457, 11.738375223880597 ], [ 76.537266413255352, 11.738375223880597 ] ], [ [ 76.534840974658863, 11.736758358208956 ], [ 76.535649454191031, 11.736758358208956 ], [ 76.535649454191031, 11.736488880597015 ], [ 76.535110467836247, 11.736488880597015 ], [ 76.535110467836247, 11.736219402985075 ], [ 76.534840974658863, 11.736219402985075 ], [ 76.534840974658863, 11.736758358208956 ] ] ] } },
{ "type": "Feature", "properties": { "fid": 18, "DN": 1 }, "geometry": { "type": "Polygon", "coordinates": [ [ [ 76.53376300194931, 11.736488880597015 ], [ 76.53376300194931, 11.736219402985075 ], [ 76.533493508771926, 11.736219402985075 ], [ 76.533493508771926, 11.735949925373134 ], [ 76.532685029239758, 11.735949925373134 ], [ 76.532685029239758, 11.735680447761194 ], [ 76.53376300194931, 11.735680447761194 ], [ 76.53376300194931, 11.735949925373134 ], [ 76.534032495126695, 11.735949925373134 ], [ 76.534032495126695, 11.736219402985075 ], [ 76.534301988304094, 11.736219402985075 ], [ 76.534301988304094, 11.736488880597015 ], [ 76.53376300194931, 11.736488880597015 ] ] ] } },
{ "type": "Feature", "properties": { "fid": 19, "DN": 1 }, "geometry": { "type": "Polygon", "coordinates": [ [ [ 76.603561734892779, 11.736758358208956 ], [ 76.603561734892779, 11.735410970149255 ], [ 76.603831228070177, 11.735410970149255 ], [ 76.603831228070177, 11.736758358208956 ], [ 76.603561734892779, 11.736758358208956 ] ] ] } },
{ "type": "Feature", "properties": { "fid": 20, "DN": 1 }, "geometry": { "type": "Polygon", "coordinates": [ [ [ 76.606256666666667, 11.736219402985075 ], [ 76.606256666666667, 11.735410970149255 ], [ 76.606526159844051, 11.735410970149255 ], [ 76.606526159844051, 11.736219402985075 ], [ 76.606256666666667, 11.736219402985075 ] ] ] } },
{ "type": "Feature", "properties": { "fid": 22, "DN": 1 }, "geometry": { "type": "Polygon", "coordinates": [ [ [ 76.568527621832359, 11.735680447761194 ], [ 76.568527621832359, 11.735410970149255 ], [ 76.567719142300191, 11.735410970149255 ], [ 76.567719142300191, 11.735141492537315 ], [ 76.568797115009744, 11.735141492537315 ], [ 76.568797115009744, 11.735680447761194 ], [ 76.568527621832359, 11.735680447761194 ] ] ] } },
{ "type": "Feature", "properties": { "fid": 23, "DN": 1 }, "geometry": { "type": "Polygon", "coordinates": [ [ [ 76.597363391812863, 11.735141492537315 ], [ 76.597363391812863, 11.734872014925374 ], [ 76.597632884990247, 11.734872014925374 ], [ 76.597632884990247, 11.735141492537315 ], [ 76.597363391812863, 11.735141492537315 ] ] ] } },
{ "type": "Feature", "properties": { "fid": 24, "DN": 1 }, "geometry": { "type": "Polygon", "coordinates": [ [ [ 76.602753255360625, 11.734602537313434 ], [ 76.602753255360625, 11.734333059701493 ], [ 76.60302274853801, 11.734333059701493 ], [ 76.60302274853801, 11.734602537313434 ], [ 76.602753255360625, 11.734602537313434 ] ] ] } },
{ "type": "Feature", "properties": { "fid": 25, "DN": 1 }, "geometry": { "type": "Polygon", "coordinates": [ [ [ 76.604100721247562, 11.734872014925374 ], [ 76.604100721247562, 11.734602537313434 ], [ 76.603292241715394, 11.734602537313434 ], [ 76.603292241715394, 11.734333059701493 ], [ 76.604370214424947, 11.734333059701493 ], [ 76.604370214424947, 11.734872014925374 ], [ 76.604100721247562, 11.734872014925374 ] ] ] } },
{ "type": "Feature", "properties": { "fid": 26, "DN": 1 }, "geometry": { "type": "Polygon", "coordinates": [ [ [ 76.567449649122807, 11.734602537313434 ], [ 76.567449649122807, 11.734333059701493 ], [ 76.567719142300191, 11.734333059701493 ], [ 76.567719142300191, 11.734063582089552 ], [ 76.567988635477576, 11.734063582089552 ], [ 76.567988635477576, 11.734333059701493 ], [ 76.568258128654961, 11.734333059701493 ], [ 76.568258128654961, 11.734063582089552 ], [ 76.568527621832359, 11.734063582089552 ], [ 76.568527621832359, 11.734602537313434 ], [ 76.567449649122807, 11.734602537313434 ] ] ] } },
{ "type": "Feature", "properties": { "fid": 27, "DN": 1 }, "geometry": { "type": "Polygon", "coordinates": [ [ [ 76.599519337231968, 11.734872014925374 ], [ 76.599519337231968, 11.734602537313434 ], [ 76.598980350877184, 11.734602537313434 ], [ 76.598980350877184, 11.734063582089552 ], [ 76.599519337231968, 11.734063582089552 ], [ 76.599519337231968, 11.734333059701493 ], [ 76.600058323586737, 11.734333059701493 ], [ 76.600058323586737, 11.734602537313434 ], [ 76.599788830409352, 11.734602537313434 ], [ 76.599788830409352, 11.734872014925374 ], [ 76.599519337231968, 11.734872014925374 ] ] ] } },
{ "type": "Feature", "properties": { "fid": 28, "DN": 1 }, "geometry": { "type": "Polygon", "coordinates": [ [ [ 76.617844873294345, 11.734333059701493 ], [ 76.617844873294345, 11.734063582089552 ], [ 76.618383859649114, 11.734063582089552 ], [ 76.618383859649114, 11.734333059701493 ], [ 76.617844873294345, 11.734333059701493 ] ] ] } },
{ "type": "Feature", "properties": { "fid": 29, "DN": 1 }, "geometry": { "type": "Polygon", "coordinates": [ [ [ 76.600866803118905, 11.734063582089552 ], [ 76.600866803118905, 11.733794104477612 ], [ 76.601136296296289, 11.733794104477612 ], [ 76.601136296296289, 11.734063582089552 ], [ 76.600866803118905, 11.734063582089552 ] ] ] } },
{ "type": "Feature", "properties": { "fid": 31, "DN": 1 }, "geometry": { "type": "Polygon", "coordinates": [ [ [ 76.600058323586737, 11.733524626865671 ], [ 76.600058323586737, 11.733255149253733 ], [ 76.60059730994152, 11.733255149253733 ], [ 76.60059730994152, 11.733524626865671 ], [ 76.600058323586737, 11.733524626865671 ] ] ] } },
{ "type": "Feature", "properties": { "fid": 32, "DN": 1 }, "geometry": { "type": "Polygon", "coordinates": [ [ [ 76.601136296296289, 11.733524626865671 ], [ 76.601136296296289, 11.732985671641792 ], [ 76.601675282651073, 11.732985671641792 ], [ 76.601675282651073, 11.733255149253733 ], [ 76.601405789473674, 11.733255149253733 ], [ 76.601405789473674, 11.733524626865671 ], [ 76.601136296296289, 11.733524626865671 ] ] ] } },
{ "type": "Feature", "properties": { "fid": 34, "DN": 1 }, "geometry": { "type": "Polygon", "coordinates": [ [ [ 76.60302274853801, 11.733255149253733 ], [ 76.60302274853801, 11.732985671641792 ], [ 76.603292241715394, 11.732985671641792 ], [ 76.603292241715394, 11.733255149253733 ], [ 76.60302274853801, 11.733255149253733 ] ] ] } },
{ "type": "Feature", "properties": { "fid": 35, "DN": 1 }, "geometry": { "type": "Polygon", "coordinates": [ [ [ 76.598171871345031, 11.732985671641792 ], [ 76.598171871345031, 11.732716194029852 ], [ 76.598441364522415, 11.732716194029852 ], [ 76.598441364522415, 11.732985671641792 ], [ 76.598171871345031, 11.732985671641792 ] ] ] } },
{ "type": "Feature", "properties": { "fid": 36, "DN": 1 }, "geometry": { "type": "Polygon", "coordinates": [ [ [ 76.602483762183226, 11.732985671641792 ], [ 76.602483762183226, 11.732716194029852 ], [ 76.602753255360625, 11.732716194029852 ], [ 76.602753255360625, 11.732985671641792 ], [ 76.602483762183226, 11.732985671641792 ] ] ] } },
{ "type": "Feature", "properties": { "fid": 37, "DN": 1 }, "geometry": { "type": "Polygon", "coordinates": [ [ [ 76.607604132553604, 11.732985671641792 ], [ 76.607604132553604, 11.732446716417911 ], [ 76.607873625730988, 11.732446716417911 ], [ 76.607873625730988, 11.732985671641792 ], [ 76.607604132553604, 11.732985671641792 ] ] ] } },
{ "type": "Feature", "properties": { "fid": 39, "DN": 1 }, "geometry": { "type": "Polygon", "coordinates": [ [ [ 76.60059730994152, 11.732446716417911 ], [ 76.60059730994152, 11.73190776119403 ], [ 76.600866803118905, 11.73190776119403 ], [ 76.600866803118905, 11.732177238805971 ], [ 76.601405789473674, 11.732177238805971 ], [ 76.601405789473674, 11.732446716417911 ], [ 76.60059730994152, 11.732446716417911 ] ] ] } },
{ "type": "Feature", "properties": { "fid": 42, "DN": 1 }, "geometry": { "type": "Polygon", "coordinates": [ [ [ 76.603561734892779, 11.732716194029852 ], [ 76.603561734892779, 11.732177238805971 ], [ 76.602214269005842, 11.732177238805971 ], [ 76.602214269005842, 11.73190776119403 ], [ 76.602753255360625, 11.73190776119403 ], [ 76.602753255360625, 11.73163828358209 ], [ 76.603561734892779, 11.73163828358209 ], [ 76.603561734892779, 11.73190776119403 ], [ 76.603831228070177, 11.73190776119403 ], [ 76.603831228070177, 11.732177238805971 ], [ 76.604100721247562, 11.732177238805971 ], [ 76.604100721247562, 11.732716194029852 ], [ 76.603561734892779, 11.732716194029852 ] ] ] } },
{ "type": "Feature", "properties": { "fid": 43, "DN": 1 }, "geometry": { "type": "Polygon", "coordinates": [ [ [ 76.600058323586737, 11.73190776119403 ], [ 76.600058323586737, 11.73163828358209 ], [ 76.60059730994152, 11.73163828358209 ], [ 76.60059730994152, 11.73190776119403 ], [ 76.600058323586737, 11.73190776119403 ] ] ] } },
{ "type": "Feature", "properties": { "fid": 46, "DN": 1 }, "geometry": { "type": "Polygon", "coordinates": [ [ [ 76.60059730994152, 11.73163828358209 ], [ 76.60059730994152, 11.73109932835821 ], [ 76.600866803118905, 11.73109932835821 ], [ 76.600866803118905, 11.73163828358209 ], [ 76.60059730994152, 11.73163828358209 ] ] ] } },
{ "type": "Feature", "properties": { "fid": 48, "DN": 1 }, "geometry": { "type": "Polygon", "coordinates": [ [ [ 76.600327816764121, 11.73109932835821 ], [ 76.600327816764121, 11.73082985074627 ], [ 76.60059730994152, 11.73082985074627 ], [ 76.60059730994152, 11.73109932835821 ], [ 76.600327816764121, 11.73109932835821 ] ] ] } },
{ "type": "Feature", "properties": { "fid": 49, "DN": 1 }, "geometry": { "type": "Polygon", "coordinates": [ [ [ 76.602483762183226, 11.731368805970149 ], [ 76.602483762183226, 11.730560373134329 ], [ 76.60302274853801, 11.730560373134329 ], [ 76.60302274853801, 11.73082985074627 ], [ 76.602753255360625, 11.73082985074627 ], [ 76.602753255360625, 11.731368805970149 ], [ 76.602483762183226, 11.731368805970149 ] ] ] } },
{ "type": "Feature", "properties": { "fid": 51, "DN": 1 }, "geometry": { "type": "Polygon", "coordinates": [ [ [ 76.5987108576998, 11.73082985074627 ], [ 76.5987108576998, 11.730560373134329 ], [ 76.599519337231968, 11.730560373134329 ], [ 76.599519337231968, 11.73082985074627 ], [ 76.5987108576998, 11.73082985074627 ] ] ] } },
{ "type": "Feature", "properties": { "fid": 52, "DN": 1 }, "geometry": { "type": "Polygon", "coordinates": [ [ [ 76.601136296296289, 11.73082985074627 ], [ 76.601136296296289, 11.730560373134329 ], [ 76.601675282651073, 11.730560373134329 ], [ 76.601675282651073, 11.73082985074627 ], [ 76.601136296296289, 11.73082985074627 ] ] ] } },
{ "type": "Feature", "properties": { "fid": 58, "DN": 1 }, "geometry": { "type": "Polygon", "coordinates": [ [ [ 76.644255204678359, 11.730560373134329 ], [ 76.644255204678359, 11.730290895522389 ], [ 76.644524697855744, 11.730290895522389 ], [ 76.644524697855744, 11.730560373134329 ], [ 76.644255204678359, 11.730560373134329 ] ] ] } },
{ "type": "Feature", "properties": { "fid": 59, "DN": 1 }, "geometry": { "type": "Polygon", "coordinates": [ [ [ 76.599519337231968, 11.730560373134329 ], [ 76.599519337231968, 11.730290895522389 ], [ 76.599788830409352, 11.730290895522389 ], [ 76.599788830409352, 11.730021417910448 ], [ 76.600058323586737, 11.730021417910448 ], [ 76.600058323586737, 11.730290895522389 ], [ 76.60059730994152, 11.730290895522389 ], [ 76.60059730994152, 11.730560373134329 ], [ 76.599519337231968, 11.730560373134329 ] ] ] } },
{ "type": "Feature", "properties": { "fid": 61, "DN": 1 }, "geometry": { "type": "Polygon", "coordinates": [ [ [ 76.558825867446387, 11.730021417910448 ], [ 76.558825867446387, 11.729751940298508 ], [ 76.559095360623772, 11.729751940298508 ], [ 76.559095360623772, 11.730021417910448 ], [ 76.558825867446387, 11.730021417910448 ] ] ] } },
{ "type": "Feature", "properties": { "fid": 63, "DN": 1 }, "geometry": { "type": "Polygon", "coordinates": [ [ [ 76.559364853801171, 11.730290895522389 ], [ 76.559364853801171, 11.729751940298508 ], [ 76.559634346978555, 11.729751940298508 ], [ 76.559634346978555, 11.729482462686567 ], [ 76.55990384015594, 11.729482462686567 ], [ 76.55990384015594, 11.729751940298508 ], [ 76.560173333333324, 11.729751940298508 ], [ 76.560173333333324, 11.730021417910448 ], [ 76.560712319688108, 11.730021417910448 ], [ 76.560712319688108, 11.730290895522389 ], [ 76.559364853801171, 11.730290895522389 ] ] ] } },
{ "type": "Feature", "properties": { "fid": 64, "DN": 1 }, "geometry": { "type": "Polygon", "coordinates": [ [ [ 76.561520799220276, 11.730560373134329 ], [ 76.561520799220276, 11.730290895522389 ], [ 76.560981812865492, 11.730290895522389 ], [ 76.560981812865492, 11.730021417910448 ], [ 76.561251306042877, 11.730021417910448 ], [ 76.561251306042877, 11.729482462686567 ], [ 76.561520799220276, 11.729482462686567 ], [ 76.561520799220276, 11.729751940298508 ], [ 76.562059785575045, 11.729751940298508 ], [ 76.562059785575045, 11.730560373134329 ], [ 76.561520799220276, 11.730560373134329 ] ] ] } },
{ "type": "Feature", "properties": { "fid": 65, "DN": 1 }, "geometry": { "type": "Polygon", "coordinates": [ [ [ 76.599788830409352, 11.729751940298508 ], [ 76.599788830409352, 11.729482462686567 ], [ 76.600058323586737, 11.729482462686567 ], [ 76.600058323586737, 11.729751940298508 ], [ 76.599788830409352, 11.729751940298508 ] ] ] } },
{ "type": "Feature", "properties": { "fid": 66, "DN": 1 }, "geometry": { "type": "Polygon", "coordinates": [ [ [ 76.601405789473674, 11.729751940298508 ], [ 76.601405789473674, 11.729482462686567 ], [ 76.602214269005842, 11.729482462686567 ], [ 76.602214269005842, 11.729751940298508 ], [ 76.601405789473674, 11.729751940298508 ] ] ] } },
{ "type": "Feature", "properties": { "fid": 67, "DN": 1 }, "geometry": { "type": "Polygon", "coordinates": [ [ [ 76.592782007797268, 11.730560373134329 ], [ 76.592782007797268, 11.730290895522389 ], [ 76.592512514619884, 11.730290895522389 ], [ 76.592512514619884, 11.730021417910448 ], [ 76.592243021442485, 11.730021417910448 ], [ 76.592243021442485, 11.729482462686567 ], [ 76.592512514619884, 11.729482462686567 ], [ 76.592512514619884, 11.729212985074627 ], [ 76.593051500974653, 11.729212985074627 ], [ 76.593051500974653, 11.729751940298508 ], [ 76.593320994152037, 11.729751940298508 ], [ 76.593320994152037, 11.730021417910448 ], [ 76.593590487329436, 11.730021417910448 ], [ 76.593590487329436, 11.730560373134329 ], [ 76.592782007797268, 11.730560373134329 ] ] ] } },
{ "type": "Feature", "properties": { "fid": 72, "DN": 1 }, "geometry": { "type": "Polygon", "coordinates": [ [ [ 76.553974990253408, 11.728674029850747 ], [ 76.553974990253408, 11.728404552238807 ], [ 76.554244483430793, 11.728404552238807 ], [ 76.554244483430793, 11.728674029850747 ], [ 76.553974990253408, 11.728674029850747 ] ] ] } },
{ "type": "Feature", "properties": { "fid": 73, "DN": 1 }, "geometry": { "type": "Polygon", "coordinates": [ [ [ 76.602483762183226, 11.728674029850747 ], [ 76.602483762183226, 11.728404552238807 ], [ 76.602753255360625, 11.728404552238807 ], [ 76.602753255360625, 11.728674029850747 ], [ 76.602483762183226, 11.728674029850747 ] ] ] } },
{ "type": "Feature", "properties": { "fid": 74, "DN": 1 }, "geometry": { "type": "Polygon", "coordinates": [ [ [ 76.60302274853801, 11.728674029850747 ], [ 76.60302274853801, 11.728135074626866 ], [ 76.603561734892779, 11.728135074626866 ], [ 76.603561734892779, 11.728674029850747 ], [ 76.60302274853801, 11.728674029850747 ] ] ] } },
{ "type": "Feature", "properties": { "fid": 75, "DN": 1 }, "geometry": { "type": "Polygon", "coordinates": [ [ [ 76.55747840155945, 11.730290895522389 ], [ 76.55747840155945, 11.730021417910448 ], [ 76.556939415204681, 11.730021417910448 ], [ 76.556939415204681, 11.729751940298508 ], [ 76.556400428849898, 11.729751940298508 ], [ 76.556400428849898, 11.729482462686567 ], [ 76.555861442495129, 11.729482462686567 ], [ 76.555861442495129, 11.728943507462688 ], [ 76.556669922027282, 11.728943507462688 ], [ 76.556669922027282, 11.728674029850747 ], [ 76.556400428849898, 11.728674029850747 ], [ 76.556400428849898, 11.727865597014926 ], [ 76.556669922027282, 11.727865597014926 ], [ 76.556669922027282, 11.728135074626866 ], [ 76.55747840155945, 11.728135074626866 ], [ 76.55747840155945, 11.728404552238807 ], [ 76.558017387914219, 11.728404552238807 ], [ 76.558017387914219, 11.728943507462688 ], [ 76.558286881091618, 11.728943507462688 ], [ 76.558286881091618, 11.729212985074627 ], [ 76.558556374269003, 11.729212985074627 ], [ 76.558556374269003, 11.729482462686567 ], [ 76.558825867446387, 11.729482462686567 ], [ 76.558825867446387, 11.729751940298508 ], [ 76.558556374269003, 11.729751940298508 ], [ 76.558556374269003, 11.730021417910448 ], [ 76.558286881091618, 11.730021417910448 ], [ 76.558286881091618, 11.730290895522389 ], [ 76.55747840155945, 11.730290895522389 ] ], [ [ 76.556939415204681, 11.729482462686567 ], [ 76.557208908382066, 11.729482462686567 ], [ 76.557208908382066, 11.729212985074627 ], [ 76.55747840155945, 11.729212985074627 ], [ 76.55747840155945, 11.728674029850747 ], [ 76.557208908382066, 11.728674029850747 ], [ 76.557208908382066, 11.728943507462688 ], [ 76.556669922027282, 11.728943507462688 ], [ 76.556669922027282, 11.729212985074627 ], [ 76.556939415204681, 11.729212985074627 ], [ 76.556939415204681, 11.729482462686567 ] ] ] } },
{ "type": "Feature", "properties": { "fid": 76, "DN": 1 }, "geometry": { "type": "Polygon", "coordinates": [ [ [ 76.596824405458079, 11.728135074626866 ], [ 76.596824405458079, 11.727865597014926 ], [ 76.597093898635478, 11.727865597014926 ], [ 76.597093898635478, 11.728135074626866 ], [ 76.596824405458079, 11.728135074626866 ] ] ] } },
{ "type": "Feature", "properties": { "fid": 78, "DN": 1 }, "geometry": { "type": "Polygon", "coordinates": [ [ [ 76.614341461988303, 11.728135074626866 ], [ 76.614341461988303, 11.727865597014926 ], [ 76.615419434697856, 11.727865597014926 ], [ 76.615419434697856, 11.727596119402985 ], [ 76.61568892787524, 11.727596119402985 ], [ 76.61568892787524, 11.728135074626866 ], [ 76.614341461988303, 11.728135074626866 ] ] ] } },
{ "type": "Feature", "properties": { "fid": 79, "DN": 1 }, "geometry": { "type": "Polygon", "coordinates": [ [ [ 76.553436003898625, 11.727865597014926 ], [ 76.553436003898625, 11.727596119402985 ], [ 76.553705497076024, 11.727596119402985 ], [ 76.553705497076024, 11.727865597014926 ], [ 76.553436003898625, 11.727865597014926 ] ] ] } },
{ "type": "Feature", "properties": { "fid": 81, "DN": 1 }, "geometry": { "type": "Polygon", "coordinates": [ [ [ 76.589548089668611, 11.727865597014926 ], [ 76.589548089668611, 11.727326641791045 ], [ 76.589817582845996, 11.727326641791045 ], [ 76.589817582845996, 11.727865597014926 ], [ 76.589548089668611, 11.727865597014926 ] ] ] } },
{ "type": "Feature", "properties": { "fid": 82, "DN": 1 }, "geometry": { "type": "Polygon", "coordinates": [ [ [ 76.597902378167632, 11.727596119402985 ], [ 76.597902378167632, 11.727326641791045 ], [ 76.598171871345031, 11.727326641791045 ], [ 76.598171871345031, 11.727596119402985 ], [ 76.597902378167632, 11.727596119402985 ] ] ] } },
{ "type": "Feature", "properties": { "fid": 84, "DN": 1 }, "geometry": { "type": "Polygon", "coordinates": [ [ [ 76.549124113060429, 11.727326641791045 ], [ 76.549124113060429, 11.727057164179104 ], [ 76.549663099415199, 11.727057164179104 ], [ 76.549663099415199, 11.727326641791045 ], [ 76.549124113060429, 11.727326641791045 ] ] ] } },
{ "type": "Feature", "properties": { "fid": 85, "DN": 1 }, "geometry": { "type": "Polygon", "coordinates": [ [ [ 76.598171871345031, 11.727326641791045 ], [ 76.598171871345031, 11.727057164179104 ], [ 76.598441364522415, 11.727057164179104 ], [ 76.598441364522415, 11.727326641791045 ], [ 76.598171871345031, 11.727326641791045 ] ] ] } },
{ "type": "Feature", "properties": { "fid": 86, "DN": 1 }, "geometry": { "type": "Polygon", "coordinates": [ [ [ 76.549932592592583, 11.727326641791045 ], [ 76.549932592592583, 11.726787686567166 ], [ 76.550202085769982, 11.726787686567166 ], [ 76.550202085769982, 11.727326641791045 ], [ 76.549932592592583, 11.727326641791045 ] ] ] } },
{ "type": "Feature", "properties": { "fid": 88, "DN": 1 }, "geometry": { "type": "Polygon", "coordinates": [ [ [ 76.546159688109157, 11.726787686567166 ], [ 76.546159688109157, 11.726518208955225 ], [ 76.54669867446394, 11.726518208955225 ], [ 76.54669867446394, 11.726787686567166 ], [ 76.546159688109157, 11.726787686567166 ] ] ] } },
{ "type": "Feature", "properties": { "fid": 89, "DN": 1 }, "geometry": { "type": "Polygon", "coordinates": [ [ [ 76.556400428849898, 11.726787686567166 ], [ 76.556400428849898, 11.726518208955225 ], [ 76.556669922027282, 11.726518208955225 ], [ 76.556669922027282, 11.726787686567166 ], [ 76.556400428849898, 11.726787686567166 ] ] ] } },
{ "type": "Feature", "properties": { "fid": 92, "DN": 1 }, "geometry": { "type": "Polygon", "coordinates": [ [ [ 76.544003742690052, 11.726787686567166 ], [ 76.544003742690052, 11.726248731343285 ], [ 76.54481222222222, 11.726248731343285 ], [ 76.54481222222222, 11.726787686567166 ], [ 76.544003742690052, 11.726787686567166 ] ] ] } },
{ "type": "Feature", "properties": { "fid": 93, "DN": 1 }, "geometry": { "type": "Polygon", "coordinates": [ [ [ 76.597902378167632, 11.726787686567166 ], [ 76.597902378167632, 11.726248731343285 ], [ 76.598171871345031, 11.726248731343285 ], [ 76.598171871345031, 11.726787686567166 ], [ 76.597902378167632, 11.726787686567166 ] ] ] } },
{ "type": "Feature", "properties": { "fid": 99, "DN": 1 }, "geometry": { "type": "Polygon", "coordinates": [ [ [ 76.631858518518513, 11.726248731343285 ], [ 76.631858518518513, 11.725979253731344 ], [ 76.632128011695897, 11.725979253731344 ], [ 76.632128011695897, 11.726248731343285 ], [ 76.631858518518513, 11.726248731343285 ] ] ] } },
{ "type": "Feature", "properties": { "fid": 100, "DN": 1 }, "geometry": { "type": "Polygon", "coordinates": [ [ [ 76.56421573099415, 11.727057164179104 ], [ 76.56421573099415, 11.726248731343285 ], [ 76.564485224171534, 11.726248731343285 ], [ 76.564485224171534, 11.725979253731344 ], [ 76.564754717348919, 11.725979253731344 ], [ 76.564754717348919, 11.725709776119404 ], [ 76.565293703703702, 11.725709776119404 ], [ 76.565293703703702, 11.725979253731344 ], [ 76.565563196881087, 11.725979253731344 ], [ 76.565563196881087, 11.726248731343285 ], [ 76.564754717348919, 11.726248731343285 ], [ 76.564754717348919, 11.726787686567166 ], [ 76.564485224171534, 11.726787686567166 ], [ 76.564485224171534, 11.727057164179104 ], [ 76.56421573099415, 11.727057164179104 ] ] ] } },
{ "type": "Feature", "properties": { "fid": 101, "DN": 1 }, "geometry": { "type": "Polygon", "coordinates": [ [ [ 76.541578304093562, 11.726787686567166 ], [ 76.541578304093562, 11.726518208955225 ], [ 76.539961345029241, 11.726518208955225 ], [ 76.539961345029241, 11.726248731343285 ], [ 76.539691851851842, 11.726248731343285 ], [ 76.539691851851842, 11.725709776119404 ], [ 76.539961345029241, 11.725709776119404 ], [ 76.539961345029241, 11.725440298507463 ], [ 76.541578304093562, 11.725440298507463 ], [ 76.541578304093562, 11.725979253731344 ], [ 76.543195263157884, 11.725979253731344 ], [ 76.543195263157884, 11.726518208955225 ], [ 76.542925769980499, 11.726518208955225 ], [ 76.542925769980499, 11.726787686567166 ], [ 76.541578304093562, 11.726787686567166 ] ] ] } },
{ "type": "Feature", "properties": { "fid": 104, "DN": 1 }, "geometry": { "type": "Polygon", "coordinates": [ [ [ 76.632128011695897, 11.725709776119404 ], [ 76.632128011695897, 11.725440298507463 ], [ 76.632397504873296, 11.725440298507463 ], [ 76.632397504873296, 11.725709776119404 ], [ 76.632128011695897, 11.725709776119404 ] ] ] } },
{ "type": "Feature", "properties": { "fid": 105, "DN": 1 }, "geometry": { "type": "Polygon", "coordinates": [ [ [ 76.539152865497073, 11.725709776119404 ], [ 76.539152865497073, 11.725170820895523 ], [ 76.538883372319688, 11.725170820895523 ], [ 76.538883372319688, 11.724901343283582 ], [ 76.539422358674457, 11.724901343283582 ], [ 76.539422358674457, 11.725709776119404 ], [ 76.539152865497073, 11.725709776119404 ] ] ] } },
{ "type": "Feature", "properties": { "fid": 109, "DN": 1 }, "geometry": { "type": "Polygon", "coordinates": [ [ [ 76.586314171539954, 11.725170820895523 ], [ 76.586314171539954, 11.724901343283582 ], [ 76.586583664717338, 11.724901343283582 ], [ 76.586583664717338, 11.725170820895523 ], [ 76.586314171539954, 11.725170820895523 ] ] ] } },
{ "type": "Feature", "properties": { "fid": 110, "DN": 1 }, "geometry": { "type": "Polygon", "coordinates": [ [ [ 76.628624600389855, 11.725170820895523 ], [ 76.628624600389855, 11.724901343283582 ], [ 76.629702573099408, 11.724901343283582 ], [ 76.629702573099408, 11.724631865671643 ], [ 76.630511052631576, 11.724631865671643 ], [ 76.630511052631576, 11.724901343283582 ], [ 76.631050038986345, 11.724901343283582 ], [ 76.631050038986345, 11.725170820895523 ], [ 76.630241559454191, 11.725170820895523 ], [ 76.630241559454191, 11.724901343283582 ], [ 76.629972066276792, 11.724901343283582 ], [ 76.629972066276792, 11.725170820895523 ], [ 76.628624600389855, 11.725170820895523 ] ] ] } },
{ "type": "Feature", "properties": { "fid": 118, "DN": 1 }, "geometry": { "type": "Polygon", "coordinates": [ [ [ 76.642368752436639, 11.724631865671643 ], [ 76.642368752436639, 11.724362388059703 ], [ 76.642638245614037, 11.724362388059703 ], [ 76.642638245614037, 11.724631865671643 ], [ 76.642368752436639, 11.724631865671643 ] ] ] } },
{ "type": "Feature", "properties": { "fid": 119, "DN": 1 }, "geometry": { "type": "Polygon", "coordinates": [ [ [ 76.649914561403506, 11.724631865671643 ], [ 76.649914561403506, 11.724362388059703 ], [ 76.65018405458089, 11.724362388059703 ], [ 76.65018405458089, 11.724631865671643 ], [ 76.649914561403506, 11.724631865671643 ] ] ] } },
{ "type": "Feature", "properties": { "fid": 121, "DN": 1 }, "geometry": { "type": "Polygon", "coordinates": [ [ [ 76.629433079922023, 11.724362388059703 ], [ 76.629433079922023, 11.724092910447762 ], [ 76.629702573099408, 11.724092910447762 ], [ 76.629702573099408, 11.724362388059703 ], [ 76.629433079922023, 11.724362388059703 ] ] ] } },
{ "type": "Feature", "properties": { "fid": 125, "DN": 1 }, "geometry": { "type": "Polygon", "coordinates": [ [ [ 76.636978888888891, 11.724362388059703 ], [ 76.636978888888891, 11.723553955223881 ], [ 76.637787368421044, 11.723553955223881 ], [ 76.637787368421044, 11.724362388059703 ], [ 76.636978888888891, 11.724362388059703 ] ] ] } },
{ "type": "Feature", "properties": { "fid": 126, "DN": 1 }, "geometry": { "type": "Polygon", "coordinates": [ [ [ 76.565024210526317, 11.723823432835822 ], [ 76.565024210526317, 11.723553955223881 ], [ 76.565293703703702, 11.723553955223881 ], [ 76.565293703703702, 11.723823432835822 ], [ 76.565024210526317, 11.723823432835822 ] ] ] } },
{ "type": "Feature", "properties": { "fid": 129, "DN": 1 }, "geometry": { "type": "Polygon", "coordinates": [ [ [ 76.632128011695897, 11.723823432835822 ], [ 76.632128011695897, 11.723284477611941 ], [ 76.632397504873296, 11.723284477611941 ], [ 76.632397504873296, 11.723823432835822 ], [ 76.632128011695897, 11.723823432835822 ] ] ] } },
{ "type": "Feature", "properties": { "fid": 138, "DN": 1 }, "geometry": { "type": "Polygon", "coordinates": [ [ [ 76.63940432748538, 11.723284477611941 ], [ 76.63940432748538, 11.723015 ], [ 76.639673820662765, 11.723015 ], [ 76.639673820662765, 11.723284477611941 ], [ 76.63940432748538, 11.723284477611941 ] ] ] } },
{ "type": "Feature", "properties": { "fid": 141, "DN": 1 }, "geometry": { "type": "Polygon", "coordinates": [ [ [ 76.565832690058471, 11.725709776119404 ], [ 76.565832690058471, 11.725440298507463 ], [ 76.565563196881087, 11.725440298507463 ], [ 76.565563196881087, 11.724362388059703 ], [ 76.565293703703702, 11.724362388059703 ], [ 76.565293703703702, 11.724092910447762 ], [ 76.565563196881087, 11.724092910447762 ], [ 76.565563196881087, 11.723553955223881 ], [ 76.56610218323587, 11.723553955223881 ], [ 76.56610218323587, 11.723284477611941 ], [ 76.566371676413254, 11.723284477611941 ], [ 76.566371676413254, 11.722476044776119 ], [ 76.566641169590639, 11.722476044776119 ], [ 76.566641169590639, 11.72274552238806 ], [ 76.566910662768024, 11.72274552238806 ], [ 76.566910662768024, 11.723015 ], [ 76.566641169590639, 11.723015 ], [ 76.566641169590639, 11.724092910447762 ], [ 76.566910662768024, 11.724092910447762 ], [ 76.566910662768024, 11.724631865671643 ], [ 76.567180155945408, 11.724631865671643 ], [ 76.567180155945408, 11.725709776119404 ], [ 76.565832690058471, 11.725709776119404 ] ] ] } },
{ "type": "Feature", "properties": { "fid": 153, "DN": 1 }, "geometry": { "type": "Polygon", "coordinates": [ [ [ 76.535379961013646, 11.72193708955224 ], [ 76.535379961013646, 11.721667611940299 ], [ 76.535649454191031, 11.721667611940299 ], [ 76.535649454191031, 11.72193708955224 ], [ 76.535379961013646, 11.72193708955224 ] ] ] } },
{ "type": "Feature", "properties": { "fid": 158, "DN": 1 }, "geometry": { "type": "Polygon", "coordinates": [ [ [ 76.628085614035086, 11.72193708955224 ], [ 76.628085614035086, 11.721667611940299 ], [ 76.627816120857702, 11.721667611940299 ], [ 76.627816120857702, 11.721128656716418 ], [ 76.628624600389855, 11.721128656716418 ], [ 76.628624600389855, 11.721667611940299 ], [ 76.628355107212471, 11.721667611940299 ], [ 76.628355107212471, 11.72193708955224 ], [ 76.628085614035086, 11.72193708955224 ] ] ] } },
{ "type": "Feature", "properties": { "fid": 160, "DN": 1 }, "geometry": { "type": "Polygon", "coordinates": [ [ [ 76.624582202729044, 11.721398134328359 ], [ 76.624582202729044, 11.721128656716418 ], [ 76.624851695906429, 11.721128656716418 ], [ 76.624851695906429, 11.721398134328359 ], [ 76.624582202729044, 11.721398134328359 ] ] ] } },
{ "type": "Feature", "properties": { "fid": 162, "DN": 1 }, "geometry": { "type": "Polygon", "coordinates": [ [ [ 76.627007641325534, 11.725709776119404 ], [ 76.627007641325534, 11.725440298507463 ], [ 76.625929668615981, 11.725440298507463 ], [ 76.625929668615981, 11.725170820895523 ], [ 76.625660175438597, 11.725170820895523 ], [ 76.625660175438597, 11.724901343283582 ], [ 76.625390682261198, 11.724901343283582 ], [ 76.625390682261198, 11.724631865671643 ], [ 76.625121189083814, 11.724631865671643 ], [ 76.625121189083814, 11.724362388059703 ], [ 76.624851695906429, 11.724362388059703 ], [ 76.624851695906429, 11.724092910447762 ], [ 76.624582202729044, 11.724092910447762 ], [ 76.624582202729044, 11.723823432835822 ], [ 76.624312709551646, 11.723823432835822 ], [ 76.624312709551646, 11.723553955223881 ], [ 76.624043216374261, 11.723553955223881 ], [ 76.624043216374261, 11.723284477611941 ], [ 76.624312709551646, 11.723284477611941 ], [ 76.624312709551646, 11.722476044776119 ], [ 76.624851695906429, 11.722476044776119 ], [ 76.624851695906429, 11.72193708955224 ], [ 76.625660175438597, 11.72193708955224 ], [ 76.625660175438597, 11.721667611940299 ], [ 76.625929668615981, 11.721667611940299 ], [ 76.625929668615981, 11.721398134328359 ], [ 76.626468654970751, 11.721398134328359 ], [ 76.626468654970751, 11.721128656716418 ], [ 76.626738148148149, 11.721128656716418 ], [ 76.626738148148149, 11.720859179104478 ], [ 76.627007641325534, 11.720859179104478 ], [ 76.627007641325534, 11.720589701492537 ], [ 76.627546627680303, 11.720589701492537 ], [ 76.627546627680303, 11.720859179104478 ], [ 76.627277134502918, 11.720859179104478 ], [ 76.627277134502918, 11.721128656716418 ], [ 76.627546627680303, 11.721128656716418 ], [ 76.627546627680303, 11.724092910447762 ], [ 76.627277134502918, 11.724092910447762 ], [ 76.627277134502918, 11.725170820895523 ], [ 76.627546627680303, 11.725170820895523 ], [ 76.627546627680303, 11.725440298507463 ], [ 76.627816120857702, 11.725440298507463 ], [ 76.627816120857702, 11.725709776119404 ], [ 76.627007641325534, 11.725709776119404 ] ] ] } },
{ "type": "Feature", "properties": { "fid": 164, "DN": 1 }, "geometry": { "type": "Polygon", "coordinates": [ [ [ 76.580924307992191, 11.721128656716418 ], [ 76.580924307992191, 11.720589701492537 ], [ 76.58119380116959, 11.720589701492537 ], [ 76.58119380116959, 11.721128656716418 ], [ 76.580924307992191, 11.721128656716418 ] ] ] } },
{ "type": "Feature", "properties": { "fid": 168, "DN": 1 }, "geometry": { "type": "Polygon", "coordinates": [ [ [ 76.585775185185184, 11.720050746268658 ], [ 76.585775185185184, 11.719781268656718 ], [ 76.586044678362569, 11.719781268656718 ], [ 76.586044678362569, 11.720050746268658 ], [ 76.585775185185184, 11.720050746268658 ] ] ] } },
{ "type": "Feature", "properties": { "fid": 170, "DN": 1 }, "geometry": { "type": "Polygon", "coordinates": [ [ [ 76.632936491228065, 11.719781268656718 ], [ 76.632936491228065, 11.719511791044777 ], [ 76.633475477582834, 11.719511791044777 ], [ 76.633475477582834, 11.719781268656718 ], [ 76.632936491228065, 11.719781268656718 ] ] ] } },
{ "type": "Feature", "properties": { "fid": 199, "DN": 1 }, "geometry": { "type": "Polygon", "coordinates": [ [ [ 76.540769824561394, 11.717086492537314 ], [ 76.540769824561394, 11.716817014925374 ], [ 76.541039317738793, 11.716817014925374 ], [ 76.541039317738793, 11.717086492537314 ], [ 76.540769824561394, 11.717086492537314 ] ] ] } },
{ "type": "Feature", "properties": { "fid": 219, "DN": 1 }, "geometry": { "type": "Polygon", "coordinates": [ [ [ 76.536457933723199, 11.715739104477613 ], [ 76.536457933723199, 11.715469626865673 ], [ 76.536727426900583, 11.715469626865673 ], [ 76.536727426900583, 11.715739104477613 ], [ 76.536457933723199, 11.715739104477613 ] ] ] } },
{ "type": "Feature", "properties": { "fid": 221, "DN": 1 }, "geometry": { "type": "Polygon", "coordinates": [ [ [ 76.541578304093562, 11.715469626865673 ], [ 76.541578304093562, 11.715200149253732 ], [ 76.541847797270947, 11.715200149253732 ], [ 76.541847797270947, 11.715469626865673 ], [ 76.541578304093562, 11.715469626865673 ] ] ] } },
{ "type": "Feature", "properties": { "fid": 225, "DN": 1 }, "geometry": { "type": "Polygon", "coordinates": [ [ [ 76.560442826510723, 11.716278059701493 ], [ 76.560442826510723, 11.716008582089552 ], [ 76.560173333333324, 11.716008582089552 ], [ 76.560173333333324, 11.715739104477613 ], [ 76.55990384015594, 11.715739104477613 ], [ 76.55990384015594, 11.714930671641792 ], [ 76.560173333333324, 11.714930671641792 ], [ 76.560173333333324, 11.715200149253732 ], [ 76.560712319688108, 11.715200149253732 ], [ 76.560712319688108, 11.715739104477613 ], [ 76.560981812865492, 11.715739104477613 ], [ 76.560981812865492, 11.716278059701493 ], [ 76.560442826510723, 11.716278059701493 ] ] ] } },
{ "type": "Feature", "properties": { "fid": 227, "DN": 1 }, "geometry": { "type": "Polygon", "coordinates": [ [ [ 76.562868265107213, 11.715200149253732 ], [ 76.562868265107213, 11.714930671641792 ], [ 76.563137758284597, 11.714930671641792 ], [ 76.563137758284597, 11.715200149253732 ], [ 76.562868265107213, 11.715200149253732 ] ] ] } },
{ "type": "Feature", "properties": { "fid": 246, "DN": 1 }, "geometry": { "type": "Polygon", "coordinates": [ [ [ 76.54481222222222, 11.713583283582091 ], [ 76.54481222222222, 11.71331380597015 ], [ 76.545081715399604, 11.71331380597015 ], [ 76.545081715399604, 11.713583283582091 ], [ 76.54481222222222, 11.713583283582091 ] ] ] } },
{ "type": "Feature", "properties": { "fid": 262, "DN": 1 }, "geometry": { "type": "Polygon", "coordinates": [ [ [ 76.595207446393758, 11.712774850746269 ], [ 76.595207446393758, 11.712505373134329 ], [ 76.595746432748527, 11.712505373134329 ], [ 76.595746432748527, 11.712774850746269 ], [ 76.595207446393758, 11.712774850746269 ] ] ] } },
{ "type": "Feature", "properties": { "fid": 263, "DN": 1 }, "geometry": { "type": "Polygon", "coordinates": [ [ [ 76.59628541910331, 11.712774850746269 ], [ 76.59628541910331, 11.712505373134329 ], [ 76.596554912280695, 11.712505373134329 ], [ 76.596554912280695, 11.712774850746269 ], [ 76.59628541910331, 11.712774850746269 ] ] ] } },
{ "type": "Feature", "properties": { "fid": 266, "DN": 1 }, "geometry": { "type": "Polygon", "coordinates": [ [ [ 76.596554912280695, 11.712505373134329 ], [ 76.596554912280695, 11.712235895522388 ], [ 76.596824405458079, 11.712235895522388 ], [ 76.596824405458079, 11.712505373134329 ], [ 76.596554912280695, 11.712505373134329 ] ] ] } },
{ "type": "Feature", "properties": { "fid": 274, "DN": 1 }, "geometry": { "type": "Polygon", "coordinates": [ [ [ 76.538613879142289, 11.711966417910448 ], [ 76.538613879142289, 11.711696940298507 ], [ 76.538883372319688, 11.711696940298507 ], [ 76.538883372319688, 11.711966417910448 ], [ 76.538613879142289, 11.711966417910448 ] ] ] } },
{ "type": "Feature", "properties": { "fid": 277, "DN": 1 }, "geometry": { "type": "Polygon", "coordinates": [ [ [ 76.650453547758275, 11.711966417910448 ], [ 76.650453547758275, 11.711696940298507 ], [ 76.650723040935674, 11.711696940298507 ], [ 76.650723040935674, 11.711966417910448 ], [ 76.650453547758275, 11.711966417910448 ] ] ] } },
{ "type": "Feature", "properties": { "fid": 281, "DN": 1 }, "geometry": { "type": "Polygon", "coordinates": [ [ [ 76.587392144249506, 11.711696940298507 ], [ 76.587392144249506, 11.711157985074628 ], [ 76.588200623781674, 11.711157985074628 ], [ 76.588200623781674, 11.711696940298507 ], [ 76.587392144249506, 11.711696940298507 ] ] ] } },
{ "type": "Feature", "properties": { "fid": 282, "DN": 1 }, "geometry": { "type": "Polygon", "coordinates": [ [ [ 76.555052962962961, 11.711427462686569 ], [ 76.555052962962961, 11.711157985074628 ], [ 76.555322456140345, 11.711157985074628 ], [ 76.555322456140345, 11.711427462686569 ], [ 76.555052962962961, 11.711427462686569 ] ] ] } },
{ "type": "Feature", "properties": { "fid": 283, "DN": 1 }, "geometry": { "type": "Polygon", "coordinates": [ [ [ 76.595476939571142, 11.712235895522388 ], [ 76.595476939571142, 11.711157985074628 ], [ 76.595746432748527, 11.711157985074628 ], [ 76.595746432748527, 11.710888507462688 ], [ 76.596824405458079, 11.710888507462688 ], [ 76.596824405458079, 11.711157985074628 ], [ 76.596554912280695, 11.711157985074628 ], [ 76.596554912280695, 11.711427462686569 ], [ 76.59628541910331, 11.711427462686569 ], [ 76.59628541910331, 11.711696940298507 ], [ 76.595746432748527, 11.711696940298507 ], [ 76.595746432748527, 11.711966417910448 ], [ 76.596015925925926, 11.711966417910448 ], [ 76.596015925925926, 11.712235895522388 ], [ 76.595476939571142, 11.712235895522388 ] ] ] } },
{ "type": "Feature", "properties": { "fid": 285, "DN": 1 }, "geometry": { "type": "Polygon", "coordinates": [ [ [ 76.548046140350877, 11.711157985074628 ], [ 76.548046140350877, 11.710888507462688 ], [ 76.548315633528262, 11.710888507462688 ], [ 76.548315633528262, 11.711157985074628 ], [ 76.548046140350877, 11.711157985074628 ] ] ] } },
{ "type": "Feature", "properties": { "fid": 289, "DN": 1 }, "geometry": { "type": "Polygon", "coordinates": [ [ [ 76.547507153996094, 11.711157985074628 ], [ 76.547507153996094, 11.710619029850747 ], [ 76.547776647173478, 11.710619029850747 ], [ 76.547776647173478, 11.711157985074628 ], [ 76.547507153996094, 11.711157985074628 ] ] ] } },
{ "type": "Feature", "properties": { "fid": 295, "DN": 1 }, "geometry": { "type": "Polygon", "coordinates": [ [ [ 76.547776647173478, 11.710619029850747 ], [ 76.547776647173478, 11.710349552238807 ], [ 76.548046140350877, 11.710349552238807 ], [ 76.548046140350877, 11.710619029850747 ], [ 76.547776647173478, 11.710619029850747 ] ] ] } },
{ "type": "Feature", "properties": { "fid": 297, "DN": 1 }, "geometry": { "type": "Polygon", "coordinates": [ [ [ 76.528373138401562, 11.710349552238807 ], [ 76.528373138401562, 11.710080074626866 ], [ 76.528912124756332, 11.710080074626866 ], [ 76.528912124756332, 11.710349552238807 ], [ 76.528373138401562, 11.710349552238807 ] ] ] } },
{ "type": "Feature", "properties": { "fid": 298, "DN": 1 }, "geometry": { "type": "Polygon", "coordinates": [ [ [ 76.548315633528262, 11.710349552238807 ], [ 76.548315633528262, 11.710080074626866 ], [ 76.548585126705646, 11.710080074626866 ], [ 76.548585126705646, 11.710349552238807 ], [ 76.548315633528262, 11.710349552238807 ] ] ] } },
{ "type": "Feature", "properties": { "fid": 305, "DN": 1 }, "geometry": { "type": "Polygon", "coordinates": [ [ [ 76.526486686159842, 11.709810597014926 ], [ 76.526486686159842, 11.709541119402985 ], [ 76.526756179337227, 11.709541119402985 ], [ 76.526756179337227, 11.709810597014926 ], [ 76.526486686159842, 11.709810597014926 ] ] ] } },
{ "type": "Feature", "properties": { "fid": 315, "DN": 1 }, "geometry": { "type": "Polygon", "coordinates": [ [ [ 76.524061247563353, 11.709271641791046 ], [ 76.524061247563353, 11.709002164179106 ], [ 76.524330740740737, 11.709002164179106 ], [ 76.524330740740737, 11.709271641791046 ], [ 76.524061247563353, 11.709271641791046 ] ] ] } },
{ "type": "Feature", "properties": { "fid": 316, "DN": 1 }, "geometry": { "type": "Polygon", "coordinates": [ [ [ 76.543464756335283, 11.709271641791046 ], [ 76.543464756335283, 11.709002164179106 ], [ 76.543734249512667, 11.709002164179106 ], [ 76.543734249512667, 11.709271641791046 ], [ 76.543464756335283, 11.709271641791046 ] ] ] } },
{ "type": "Feature", "properties": { "fid": 317, "DN": 1 }, "geometry": { "type": "Polygon", "coordinates": [ [ [ 76.522713781676416, 11.709002164179106 ], [ 76.522713781676416, 11.708732686567165 ], [ 76.5229832748538, 11.708732686567165 ], [ 76.5229832748538, 11.709002164179106 ], [ 76.522713781676416, 11.709002164179106 ] ] ] } },
{ "type": "Feature", "properties": { "fid": 318, "DN": 1 }, "geometry": { "type": "Polygon", "coordinates": [ [ [ 76.523791754385954, 11.709002164179106 ], [ 76.523791754385954, 11.708732686567165 ], [ 76.524061247563353, 11.708732686567165 ], [ 76.524061247563353, 11.709002164179106 ], [ 76.523791754385954, 11.709002164179106 ] ] ] } },
{ "type": "Feature", "properties": { "fid": 322, "DN": 1 }, "geometry": { "type": "Polygon", "coordinates": [ [ [ 76.523252768031185, 11.708732686567165 ], [ 76.523252768031185, 11.708463208955225 ], [ 76.523791754385954, 11.708463208955225 ], [ 76.523791754385954, 11.708732686567165 ], [ 76.523252768031185, 11.708732686567165 ] ] ] } },
{ "type": "Feature", "properties": { "fid": 335, "DN": 1 }, "geometry": { "type": "Polygon", "coordinates": [ [ [ 76.524600233918122, 11.708193731343284 ], [ 76.524600233918122, 11.707924253731344 ], [ 76.524869727095506, 11.707924253731344 ], [ 76.524869727095506, 11.708193731343284 ], [ 76.524600233918122, 11.708193731343284 ] ] ] } },
{ "type": "Feature", "properties": { "fid": 340, "DN": 1 }, "geometry": { "type": "Polygon", "coordinates": [ [ [ 76.524869727095506, 11.707924253731344 ], [ 76.524869727095506, 11.707654776119403 ], [ 76.525139220272905, 11.707654776119403 ], [ 76.525139220272905, 11.707924253731344 ], [ 76.524869727095506, 11.707924253731344 ] ] ] } },
{ "type": "Feature", "properties": { "fid": 344, "DN": 1 }, "geometry": { "type": "Polygon", "coordinates": [ [ [ 76.522713781676416, 11.708463208955225 ], [ 76.522713781676416, 11.708193731343284 ], [ 76.522174795321632, 11.708193731343284 ], [ 76.522174795321632, 11.707924253731344 ], [ 76.521635808966863, 11.707924253731344 ], [ 76.521635808966863, 11.707385298507463 ], [ 76.522174795321632, 11.707385298507463 ], [ 76.522174795321632, 11.707654776119403 ], [ 76.522713781676416, 11.707654776119403 ], [ 76.522713781676416, 11.707924253731344 ], [ 76.5229832748538, 11.707924253731344 ], [ 76.5229832748538, 11.708193731343284 ], [ 76.523252768031185, 11.708193731343284 ], [ 76.523252768031185, 11.708463208955225 ], [ 76.522713781676416, 11.708463208955225 ] ] ] } },
{ "type": "Feature", "properties": { "fid": 345, "DN": 1 }, "geometry": { "type": "Polygon", "coordinates": [ [ [ 76.65018405458089, 11.711696940298507 ], [ 76.65018405458089, 11.711427462686569 ], [ 76.649914561403506, 11.711427462686569 ], [ 76.649914561403506, 11.711157985074628 ], [ 76.649645068226121, 11.711157985074628 ], [ 76.649645068226121, 11.710888507462688 ], [ 76.649375575048722, 11.710888507462688 ], [ 76.649375575048722, 11.710619029850747 ], [ 76.649106081871338, 11.710619029850747 ], [ 76.649106081871338, 11.710349552238807 ], [ 76.648836588693953, 11.710349552238807 ], [ 76.648836588693953, 11.709810597014926 ], [ 76.648567095516569, 11.709810597014926 ], [ 76.648567095516569, 11.709541119402985 ], [ 76.64829760233917, 11.709541119402985 ], [ 76.64829760233917, 11.708732686567165 ], [ 76.648028109161785, 11.708732686567165 ], [ 76.648028109161785, 11.708463208955225 ], [ 76.647758615984401, 11.708463208955225 ], [ 76.647758615984401, 11.708193731343284 ], [ 76.647489122807016, 11.708193731343284 ], [ 76.647489122807016, 11.707924253731344 ], [ 76.647219629629632, 11.707924253731344 ], [ 76.647219629629632, 11.707385298507463 ], [ 76.647758615984401, 11.707385298507463 ], [ 76.647758615984401, 11.707654776119403 ], [ 76.648567095516569, 11.707654776119403 ], [ 76.648567095516569, 11.707924253731344 ], [ 76.648836588693953, 11.707924253731344 ], [ 76.648836588693953, 11.708193731343284 ], [ 76.649106081871338, 11.708193731343284 ], [ 76.649106081871338, 11.708463208955225 ], [ 76.649375575048722, 11.708463208955225 ], [ 76.649375575048722, 11.709002164179106 ], [ 76.649645068226121, 11.709002164179106 ], [ 76.649645068226121, 11.709271641791046 ], [ 76.649914561403506, 11.709271641791046 ], [ 76.649914561403506, 11.710349552238807 ], [ 76.65018405458089, 11.710349552238807 ], [ 76.65018405458089, 11.710888507462688 ], [ 76.650453547758275, 11.710888507462688 ], [ 76.650453547758275, 11.711696940298507 ], [ 76.65018405458089, 11.711696940298507 ] ] ] } },
{ "type": "Feature", "properties": { "fid": 369, "DN": 1 }, "geometry": { "type": "Polygon", "coordinates": [ [ [ 76.597363391812863, 11.705768432835821 ], [ 76.597363391812863, 11.70522947761194 ], [ 76.597632884990247, 11.70522947761194 ], [ 76.597632884990247, 11.705498955223881 ], [ 76.597902378167632, 11.705498955223881 ], [ 76.597902378167632, 11.705768432835821 ], [ 76.597363391812863, 11.705768432835821 ] ] ] } },
{ "type": "Feature", "properties": { "fid": 376, "DN": 1 }, "geometry": { "type": "Polygon", "coordinates": [ [ [ 76.601675282651073, 11.70522947761194 ], [ 76.601675282651073, 11.70496 ], [ 76.601944775828457, 11.70496 ], [ 76.601944775828457, 11.70522947761194 ], [ 76.601675282651073, 11.70522947761194 ] ] ] } },
{ "type": "Feature", "properties": { "fid": 386, "DN": 1 }, "geometry": { "type": "Polygon", "coordinates": [ [ [ 76.553974990253408, 11.705498955223881 ], [ 76.553974990253408, 11.70496 ], [ 76.554244483430793, 11.70496 ], [ 76.554244483430793, 11.704421044776121 ], [ 76.554513976608177, 11.704421044776121 ], [ 76.554513976608177, 11.70415156716418 ], [ 76.555052962962961, 11.70415156716418 ], [ 76.555052962962961, 11.705498955223881 ], [ 76.554513976608177, 11.705498955223881 ], [ 76.554513976608177, 11.70522947761194 ], [ 76.554244483430793, 11.70522947761194 ], [ 76.554244483430793, 11.705498955223881 ], [ 76.553974990253408, 11.705498955223881 ] ] ] } },
{ "type": "Feature", "properties": { "fid": 389, "DN": 1 }, "geometry": { "type": "Polygon", "coordinates": [ [ [ 76.525678206627674, 11.704421044776121 ], [ 76.525678206627674, 11.70415156716418 ], [ 76.525947699805059, 11.70415156716418 ], [ 76.525947699805059, 11.704421044776121 ], [ 76.525678206627674, 11.704421044776121 ] ] ] } },
{ "type": "Feature", "properties": { "fid": 397, "DN": 1 }, "geometry": { "type": "Polygon", "coordinates": [ [ [ 76.552358031189073, 11.70415156716418 ], [ 76.552358031189073, 11.70388208955224 ], [ 76.552897017543856, 11.70388208955224 ], [ 76.552897017543856, 11.703612611940299 ], [ 76.55316651072124, 11.703612611940299 ], [ 76.55316651072124, 11.70388208955224 ], [ 76.554244483430793, 11.70388208955224 ], [ 76.554244483430793, 11.70415156716418 ], [ 76.552358031189073, 11.70415156716418 ] ] ] } },
{ "type": "Feature", "properties": { "fid": 398, "DN": 1 }, "geometry": { "type": "Polygon", "coordinates": [ [ [ 76.551010565302136, 11.70388208955224 ], [ 76.551010565302136, 11.703612611940299 ], [ 76.551549551656919, 11.703612611940299 ], [ 76.551549551656919, 11.70388208955224 ], [ 76.551010565302136, 11.70388208955224 ] ] ] } },
{ "type": "Feature", "properties": { "fid": 399, "DN": 1 }, "geometry": { "type": "Polygon", "coordinates": [ [ [ 76.554244483430793, 11.70388208955224 ], [ 76.554244483430793, 11.703612611940299 ], [ 76.554513976608177, 11.703612611940299 ], [ 76.554513976608177, 11.70388208955224 ], [ 76.554244483430793, 11.70388208955224 ] ] ] } },
{ "type": "Feature", "properties": { "fid": 400, "DN": 1 }, "geometry": { "type": "Polygon", "coordinates": [ [ [ 76.575803937621828, 11.70388208955224 ], [ 76.575803937621828, 11.703612611940299 ], [ 76.576073430799212, 11.703612611940299 ], [ 76.576073430799212, 11.70388208955224 ], [ 76.575803937621828, 11.70388208955224 ] ] ] } },
{ "type": "Feature", "properties": { "fid": 414, "DN": 1 }, "geometry": { "type": "Polygon", "coordinates": [ [ [ 76.51678493177387, 11.704690522388061 ], [ 76.51678493177387, 11.70388208955224 ], [ 76.516515438596485, 11.70388208955224 ], [ 76.516515438596485, 11.703343134328358 ], [ 76.517054424951269, 11.703343134328358 ], [ 76.517054424951269, 11.702804179104477 ], [ 76.517323918128653, 11.702804179104477 ], [ 76.517323918128653, 11.702534701492539 ], [ 76.517862904483422, 11.702534701492539 ], [ 76.517862904483422, 11.702804179104477 ], [ 76.518132397660821, 11.702804179104477 ], [ 76.518132397660821, 11.703073656716418 ], [ 76.517593411306038, 11.703073656716418 ], [ 76.517593411306038, 11.703343134328358 ], [ 76.518132397660821, 11.703343134328358 ], [ 76.518132397660821, 11.703612611940299 ], [ 76.517593411306038, 11.703612611940299 ], [ 76.517593411306038, 11.70388208955224 ], [ 76.517323918128653, 11.70388208955224 ], [ 76.517323918128653, 11.704690522388061 ], [ 76.51678493177387, 11.704690522388061 ] ] ] } },
{ "type": "Feature", "properties": { "fid": 420, "DN": 1 }, "geometry": { "type": "Polygon", "coordinates": [ [ [ 76.601944775828457, 11.702804179104477 ], [ 76.601944775828457, 11.702534701492539 ], [ 76.602214269005842, 11.702534701492539 ], [ 76.602214269005842, 11.702804179104477 ], [ 76.601944775828457, 11.702804179104477 ] ] ] } },
{ "type": "Feature", "properties": { "fid": 424, "DN": 1 }, "geometry": { "type": "Polygon", "coordinates": [ [ [ 76.601675282651073, 11.702534701492539 ], [ 76.601675282651073, 11.702265223880598 ], [ 76.601944775828457, 11.702265223880598 ], [ 76.601944775828457, 11.702534701492539 ], [ 76.601675282651073, 11.702534701492539 ] ] ] } },
{ "type": "Feature", "properties": { "fid": 437, "DN": 1 }, "geometry": { "type": "Polygon", "coordinates": [ [ [ 76.605178693957114, 11.701726268656717 ], [ 76.605178693957114, 11.701456791044777 ], [ 76.605448187134499, 11.701456791044777 ], [ 76.605448187134499, 11.701726268656717 ], [ 76.605178693957114, 11.701726268656717 ] ] ] } },
{ "type": "Feature", "properties": { "fid": 440, "DN": 1 }, "geometry": { "type": "Polygon", "coordinates": [ [ [ 76.51867138401559, 11.701995746268658 ], [ 76.51867138401559, 11.701187313432836 ], [ 76.518940877192975, 11.701187313432836 ], [ 76.518940877192975, 11.701456791044777 ], [ 76.519479863547758, 11.701456791044777 ], [ 76.519479863547758, 11.701995746268658 ], [ 76.51867138401559, 11.701995746268658 ] ] ] } },
{ "type": "Feature", "properties": { "fid": 444, "DN": 1 }, "geometry": { "type": "Polygon", "coordinates": [ [ [ 76.604639707602331, 11.701456791044777 ], [ 76.604639707602331, 11.701187313432836 ], [ 76.604909200779716, 11.701187313432836 ], [ 76.604909200779716, 11.701456791044777 ], [ 76.604639707602331, 11.701456791044777 ] ] ] } },
{ "type": "Feature", "properties": { "fid": 455, "DN": 1 }, "geometry": { "type": "Polygon", "coordinates": [ [ [ 76.518132397660821, 11.700917835820896 ], [ 76.518132397660821, 11.700648358208955 ], [ 76.51867138401559, 11.700648358208955 ], [ 76.51867138401559, 11.700917835820896 ], [ 76.518132397660821, 11.700917835820896 ] ] ] } },
{ "type": "Feature", "properties": { "fid": 464, "DN": 1 }, "geometry": { "type": "Polygon", "coordinates": [ [ [ 76.559095360623772, 11.700648358208955 ], [ 76.559095360623772, 11.700109402985076 ], [ 76.559364853801171, 11.700109402985076 ], [ 76.559364853801171, 11.700648358208955 ], [ 76.559095360623772, 11.700648358208955 ] ] ] } },
{ "type": "Feature", "properties": { "fid": 469, "DN": 1 }, "geometry": { "type": "Polygon", "coordinates": [ [ [ 76.595746432748527, 11.700109402985076 ], [ 76.595746432748527, 11.699839925373135 ], [ 76.596015925925926, 11.699839925373135 ], [ 76.596015925925926, 11.700109402985076 ], [ 76.595746432748527, 11.700109402985076 ] ] ] } },
{ "type": "Feature", "properties": { "fid": 477, "DN": 1 }, "geometry": { "type": "Polygon", "coordinates": [ [ [ 76.55990384015594, 11.700917835820896 ], [ 76.55990384015594, 11.699570447761195 ], [ 76.560173333333324, 11.699570447761195 ], [ 76.560173333333324, 11.699300970149254 ], [ 76.560442826510723, 11.699300970149254 ], [ 76.560442826510723, 11.699570447761195 ], [ 76.560712319688108, 11.699570447761195 ], [ 76.560712319688108, 11.700109402985076 ], [ 76.560442826510723, 11.700109402985076 ], [ 76.560442826510723, 11.700648358208955 ], [ 76.560173333333324, 11.700648358208955 ], [ 76.560173333333324, 11.700917835820896 ], [ 76.55990384015594, 11.700917835820896 ] ] ] } },
{ "type": "Feature", "properties": { "fid": 485, "DN": 1 }, "geometry": { "type": "Polygon", "coordinates": [ [ [ 76.596554912280695, 11.699031492537314 ], [ 76.596554912280695, 11.698762014925373 ], [ 76.596824405458079, 11.698762014925373 ], [ 76.596824405458079, 11.699031492537314 ], [ 76.596554912280695, 11.699031492537314 ] ] ] } },
{ "type": "Feature", "properties": { "fid": 487, "DN": 1 }, "geometry": { "type": "Polygon", "coordinates": [ [ [ 76.5987108576998, 11.699031492537314 ], [ 76.5987108576998, 11.698492537313433 ], [ 76.598980350877184, 11.698492537313433 ], [ 76.598980350877184, 11.699031492537314 ], [ 76.5987108576998, 11.699031492537314 ] ] ] } },
{ "type": "Feature", "properties": { "fid": 498, "DN": 1 }, "geometry": { "type": "Polygon", "coordinates": [ [ [ 76.636709395711492, 11.698492537313433 ], [ 76.636709395711492, 11.698223059701494 ], [ 76.636978888888891, 11.698223059701494 ], [ 76.636978888888891, 11.698492537313433 ], [ 76.636709395711492, 11.698492537313433 ] ] ] } },
{ "type": "Feature", "properties": { "fid": 499, "DN": 1 }, "geometry": { "type": "Polygon", "coordinates": [ [ [ 76.596554912280695, 11.699570447761195 ], [ 76.596554912280695, 11.699300970149254 ], [ 76.596824405458079, 11.699300970149254 ], [ 76.596824405458079, 11.699031492537314 ], [ 76.597632884990247, 11.699031492537314 ], [ 76.597632884990247, 11.698762014925373 ], [ 76.597902378167632, 11.698762014925373 ], [ 76.597902378167632, 11.698223059701494 ], [ 76.598171871345031, 11.698223059701494 ], [ 76.598171871345031, 11.697953582089553 ], [ 76.598441364522415, 11.697953582089553 ], [ 76.598441364522415, 11.698223059701494 ], [ 76.5987108576998, 11.698223059701494 ], [ 76.5987108576998, 11.698492537313433 ], [ 76.598171871345031, 11.698492537313433 ], [ 76.598171871345031, 11.699031492537314 ], [ 76.597902378167632, 11.699031492537314 ], [ 76.597902378167632, 11.699300970149254 ], [ 76.597363391812863, 11.699300970149254 ], [ 76.597363391812863, 11.699570447761195 ], [ 76.596554912280695, 11.699570447761195 ] ] ] } },
{ "type": "Feature", "properties": { "fid": 502, "DN": 1 }, "geometry": { "type": "Polygon", "coordinates": [ [ [ 76.596824405458079, 11.698492537313433 ], [ 76.596824405458079, 11.697953582089553 ], [ 76.597632884990247, 11.697953582089553 ], [ 76.597632884990247, 11.698223059701494 ], [ 76.597093898635478, 11.698223059701494 ], [ 76.597093898635478, 11.698492537313433 ], [ 76.596824405458079, 11.698492537313433 ] ] ] } },
{ "type": "Feature", "properties": { "fid": 504, "DN": 1 }, "geometry": { "type": "Polygon", "coordinates": [ [ [ 76.634283957115002, 11.698762014925373 ], [ 76.634283957115002, 11.698492537313433 ], [ 76.634014463937618, 11.698492537313433 ], [ 76.634014463937618, 11.698223059701494 ], [ 76.634283957115002, 11.698223059701494 ], [ 76.634283957115002, 11.697953582089553 ], [ 76.634553450292387, 11.697953582089553 ], [ 76.634553450292387, 11.698223059701494 ], [ 76.634822943469786, 11.698223059701494 ], [ 76.634822943469786, 11.698492537313433 ], [ 76.634553450292387, 11.698492537313433 ], [ 76.634553450292387, 11.698762014925373 ], [ 76.634283957115002, 11.698762014925373 ] ] ] } },
{ "type": "Feature", "properties": { "fid": 508, "DN": 1 }, "geometry": { "type": "Polygon", "coordinates": [ [ [ 76.599788830409352, 11.698223059701494 ], [ 76.599788830409352, 11.697953582089553 ], [ 76.600058323586737, 11.697953582089553 ], [ 76.600058323586737, 11.698223059701494 ], [ 76.599788830409352, 11.698223059701494 ] ] ] } },
{ "type": "Feature", "properties": { "fid": 514, "DN": 1 }, "geometry": { "type": "Polygon", "coordinates": [ [ [ 76.598441364522415, 11.697953582089553 ], [ 76.598441364522415, 11.697684104477613 ], [ 76.5987108576998, 11.697684104477613 ], [ 76.5987108576998, 11.697953582089553 ], [ 76.598441364522415, 11.697953582089553 ] ] ] } },
{ "type": "Feature", "properties": { "fid": 517, "DN": 1 }, "geometry": { "type": "Polygon", "coordinates": [ [ [ 76.51678493177387, 11.697953582089553 ], [ 76.51678493177387, 11.697414626865672 ], [ 76.517054424951269, 11.697414626865672 ], [ 76.517054424951269, 11.697953582089553 ], [ 76.51678493177387, 11.697953582089553 ] ] ] } },
{ "type": "Feature", "properties": { "fid": 529, "DN": 1 }, "geometry": { "type": "Polygon", "coordinates": [ [ [ 76.59628541910331, 11.697684104477613 ], [ 76.59628541910331, 11.696875671641791 ], [ 76.596824405458079, 11.696875671641791 ], [ 76.596824405458079, 11.697684104477613 ], [ 76.59628541910331, 11.697684104477613 ] ] ] } },
{ "type": "Feature", "properties": { "fid": 530, "DN": 1 }, "geometry": { "type": "Polygon", "coordinates": [ [ [ 76.518940877192975, 11.697414626865672 ], [ 76.518940877192975, 11.697145149253732 ], [ 76.519479863547758, 11.697145149253732 ], [ 76.519479863547758, 11.696875671641791 ], [ 76.519749356725143, 11.696875671641791 ], [ 76.519749356725143, 11.697414626865672 ], [ 76.518940877192975, 11.697414626865672 ] ] ] } },
{ "type": "Feature", "properties": { "fid": 536, "DN": 1 }, "geometry": { "type": "Polygon", "coordinates": [ [ [ 76.594937953216373, 11.697145149253732 ], [ 76.594937953216373, 11.696875671641791 ], [ 76.595207446393758, 11.696875671641791 ], [ 76.595207446393758, 11.697145149253732 ], [ 76.594937953216373, 11.697145149253732 ] ] ] } },
{ "type": "Feature", "properties": { "fid": 537, "DN": 1 }, "geometry": { "type": "Polygon", "coordinates": [ [ [ 76.638056861598429, 11.697145149253732 ], [ 76.638056861598429, 11.696875671641791 ], [ 76.638326354775828, 11.696875671641791 ], [ 76.638326354775828, 11.697145149253732 ], [ 76.638056861598429, 11.697145149253732 ] ] ] } },
{ "type": "Feature", "properties": { "fid": 543, "DN": 1 }, "geometry": { "type": "Polygon", "coordinates": [ [ [ 76.586044678362569, 11.696875671641791 ], [ 76.586044678362569, 11.696606194029851 ], [ 76.586853157894737, 11.696606194029851 ], [ 76.586853157894737, 11.696875671641791 ], [ 76.586044678362569, 11.696875671641791 ] ] ] } },
{ "type": "Feature", "properties": { "fid": 545, "DN": 1 }, "geometry": { "type": "Polygon", "coordinates": [ [ [ 76.638326354775828, 11.696875671641791 ], [ 76.638326354775828, 11.696606194029851 ], [ 76.638595847953212, 11.696606194029851 ], [ 76.638595847953212, 11.696875671641791 ], [ 76.638326354775828, 11.696875671641791 ] ] ] } },
{ "type": "Feature", "properties": { "fid": 546, "DN": 1 }, "geometry": { "type": "Polygon", "coordinates": [ [ [ 76.600866803118905, 11.697145149253732 ], [ 76.600866803118905, 11.69633671641791 ], [ 76.601136296296289, 11.69633671641791 ], [ 76.601136296296289, 11.697145149253732 ], [ 76.600866803118905, 11.697145149253732 ] ] ] } },
{ "type": "Feature", "properties": { "fid": 547, "DN": 1 }, "geometry": { "type": "Polygon", "coordinates": [ [ [ 76.593320994152037, 11.696606194029851 ], [ 76.593320994152037, 11.69633671641791 ], [ 76.593590487329436, 11.69633671641791 ], [ 76.593590487329436, 11.696606194029851 ], [ 76.593320994152037, 11.696606194029851 ] ] ] } },
{ "type": "Feature", "properties": { "fid": 552, "DN": 1 }, "geometry": { "type": "Polygon", "coordinates": [ [ [ 76.526486686159842, 11.69633671641791 ], [ 76.526486686159842, 11.696067238805972 ], [ 76.526756179337227, 11.696067238805972 ], [ 76.526756179337227, 11.69633671641791 ], [ 76.526486686159842, 11.69633671641791 ] ] ] } },
{ "type": "Feature", "properties": { "fid": 564, "DN": 1 }, "geometry": { "type": "Polygon", "coordinates": [ [ [ 76.614341461988303, 11.695797761194031 ], [ 76.614341461988303, 11.695528283582091 ], [ 76.614610955165688, 11.695528283582091 ], [ 76.614610955165688, 11.695797761194031 ], [ 76.614341461988303, 11.695797761194031 ] ] ] } },
{ "type": "Feature", "properties": { "fid": 566, "DN": 1 }, "geometry": { "type": "Polygon", "coordinates": [ [ [ 76.63320598440545, 11.695797761194031 ], [ 76.63320598440545, 11.695528283582091 ], [ 76.633475477582834, 11.695528283582091 ], [ 76.633475477582834, 11.695797761194031 ], [ 76.63320598440545, 11.695797761194031 ] ] ] } },
{ "type": "Feature", "properties": { "fid": 576, "DN": 1 }, "geometry": { "type": "Polygon", "coordinates": [ [ [ 76.541578304093562, 11.69525880597015 ], [ 76.541578304093562, 11.69498932835821 ], [ 76.541847797270947, 11.69498932835821 ], [ 76.541847797270947, 11.69525880597015 ], [ 76.541578304093562, 11.69525880597015 ] ] ] } },
{ "type": "Feature", "properties": { "fid": 609, "DN": 1 }, "geometry": { "type": "Polygon", "coordinates": [ [ [ 76.589278596491226, 11.693372462686568 ], [ 76.589278596491226, 11.693102985074628 ], [ 76.589548089668611, 11.693102985074628 ], [ 76.589548089668611, 11.693372462686568 ], [ 76.589278596491226, 11.693372462686568 ] ] ] } },
{ "type": "Feature", "properties": { "fid": 610, "DN": 1 }, "geometry": { "type": "Polygon", "coordinates": [ [ [ 76.638326354775828, 11.693372462686568 ], [ 76.638326354775828, 11.693102985074628 ], [ 76.638595847953212, 11.693102985074628 ], [ 76.638595847953212, 11.693372462686568 ], [ 76.638326354775828, 11.693372462686568 ] ] ] } },
{ "type": "Feature", "properties": { "fid": 618, "DN": 1 }, "geometry": { "type": "Polygon", "coordinates": [ [ [ 76.650453547758275, 11.693102985074628 ], [ 76.650453547758275, 11.692564029850747 ], [ 76.651262027290443, 11.692564029850747 ], [ 76.651262027290443, 11.693102985074628 ], [ 76.650453547758275, 11.693102985074628 ] ] ] } },
{ "type": "Feature", "properties": { "fid": 628, "DN": 1 }, "geometry": { "type": "Polygon", "coordinates": [ [ [ 76.58361923976608, 11.692564029850747 ], [ 76.58361923976608, 11.692294552238806 ], [ 76.583888732943464, 11.692294552238806 ], [ 76.583888732943464, 11.692564029850747 ], [ 76.58361923976608, 11.692564029850747 ] ] ] } },
{ "type": "Feature", "properties": { "fid": 638, "DN": 1 }, "geometry": { "type": "Polygon", "coordinates": [ [ [ 76.583080253411296, 11.692294552238806 ], [ 76.583080253411296, 11.692025074626866 ], [ 76.582002280701744, 11.692025074626866 ], [ 76.582002280701744, 11.691755597014927 ], [ 76.582541267056527, 11.691755597014927 ], [ 76.582541267056527, 11.691486119402986 ], [ 76.582810760233912, 11.691486119402986 ], [ 76.582810760233912, 11.691755597014927 ], [ 76.583349746588695, 11.691755597014927 ], [ 76.583349746588695, 11.692025074626866 ], [ 76.58361923976608, 11.692025074626866 ], [ 76.58361923976608, 11.692294552238806 ], [ 76.583080253411296, 11.692294552238806 ] ] ] } },
{ "type": "Feature", "properties": { "fid": 644, "DN": 1 }, "geometry": { "type": "Polygon", "coordinates": [ [ [ 76.593590487329436, 11.691486119402986 ], [ 76.593590487329436, 11.691216641791046 ], [ 76.593859980506821, 11.691216641791046 ], [ 76.593859980506821, 11.691486119402986 ], [ 76.593590487329436, 11.691486119402986 ] ] ] } },
{ "type": "Feature", "properties": { "fid": 653, "DN": 1 }, "geometry": { "type": "Polygon", "coordinates": [ [ [ 76.551819044834303, 11.690677686567165 ], [ 76.551819044834303, 11.690408208955224 ], [ 76.552088538011688, 11.690408208955224 ], [ 76.552088538011688, 11.690677686567165 ], [ 76.551819044834303, 11.690677686567165 ] ] ] } },
{ "type": "Feature", "properties": { "fid": 663, "DN": 1 }, "geometry": { "type": "Polygon", "coordinates": [ [ [ 76.577959883040933, 11.689869253731343 ], [ 76.577959883040933, 11.689599776119405 ], [ 76.578229376218317, 11.689599776119405 ], [ 76.578229376218317, 11.689869253731343 ], [ 76.577959883040933, 11.689869253731343 ] ] ] } },
{ "type": "Feature", "properties": { "fid": 678, "DN": 1 }, "geometry": { "type": "Polygon", "coordinates": [ [ [ 76.514898479532164, 11.688521865671643 ], [ 76.514898479532164, 11.688252388059702 ], [ 76.514628986354765, 11.688252388059702 ], [ 76.514628986354765, 11.687982910447761 ], [ 76.514359493177381, 11.687982910447761 ], [ 76.514359493177381, 11.687713432835821 ], [ 76.515706959064318, 11.687713432835821 ], [ 76.515706959064318, 11.687982910447761 ], [ 76.515976452241716, 11.687982910447761 ], [ 76.515976452241716, 11.688252388059702 ], [ 76.515437465886933, 11.688252388059702 ], [ 76.515437465886933, 11.688521865671643 ], [ 76.514898479532164, 11.688521865671643 ] ] ] } },
{ "type": "Feature", "properties": { "fid": 689, "DN": 1 }, "geometry": { "type": "Polygon", "coordinates": [ [ [ 76.579037855750485, 11.686635522388061 ], [ 76.579037855750485, 11.68636604477612 ], [ 76.57930734892787, 11.68636604477612 ], [ 76.57930734892787, 11.686635522388061 ], [ 76.579037855750485, 11.686635522388061 ] ] ] } },
{ "type": "Feature", "properties": { "fid": 717, "DN": 1 }, "geometry": { "type": "Polygon", "coordinates": [ [ [ 76.586314171539954, 11.683401791044776 ], [ 76.586314171539954, 11.683132313432836 ], [ 76.586583664717338, 11.683132313432836 ], [ 76.586583664717338, 11.683401791044776 ], [ 76.586314171539954, 11.683401791044776 ] ] ] } },
{ "type": "Feature", "properties": { "fid": 727, "DN": 1 }, "geometry": { "type": "Polygon", "coordinates": [ [ [ 76.596015925925926, 11.683401791044776 ], [ 76.596015925925926, 11.683132313432836 ], [ 76.595207446393758, 11.683132313432836 ], [ 76.595207446393758, 11.682862835820897 ], [ 76.595476939571142, 11.682862835820897 ], [ 76.595476939571142, 11.682593358208957 ], [ 76.59628541910331, 11.682593358208957 ], [ 76.59628541910331, 11.683401791044776 ], [ 76.596015925925926, 11.683401791044776 ] ] ] } },
{ "type": "Feature", "properties": { "fid": 729, "DN": 1 }, "geometry": { "type": "Polygon", "coordinates": [ [ [ 76.586583664717338, 11.682862835820897 ], [ 76.586583664717338, 11.682593358208957 ], [ 76.586853157894737, 11.682593358208957 ], [ 76.586853157894737, 11.682862835820897 ], [ 76.586583664717338, 11.682862835820897 ] ] ] } },
{ "type": "Feature", "properties": { "fid": 735, "DN": 1 }, "geometry": { "type": "Polygon", "coordinates": [ [ [ 76.603561734892779, 11.682593358208957 ], [ 76.603561734892779, 11.682323880597016 ], [ 76.603831228070177, 11.682323880597016 ], [ 76.603831228070177, 11.682593358208957 ], [ 76.603561734892779, 11.682593358208957 ] ] ] } },
{ "type": "Feature", "properties": { "fid": 756, "DN": 1 }, "geometry": { "type": "Polygon", "coordinates": [ [ [ 76.514359493177381, 11.684749179104479 ], [ 76.514359493177381, 11.681515447761194 ], [ 76.514898479532164, 11.681515447761194 ], [ 76.514898479532164, 11.681245970149254 ], [ 76.515706959064318, 11.681245970149254 ], [ 76.515706959064318, 11.680707014925375 ], [ 76.516245945419101, 11.680707014925375 ], [ 76.516245945419101, 11.680976492537313 ], [ 76.516515438596485, 11.680976492537313 ], [ 76.516515438596485, 11.681515447761194 ], [ 76.51678493177387, 11.681515447761194 ], [ 76.51678493177387, 11.681784925373135 ], [ 76.517054424951269, 11.681784925373135 ], [ 76.517054424951269, 11.682054402985075 ], [ 76.517862904483422, 11.682054402985075 ], [ 76.517862904483422, 11.682323880597016 ], [ 76.518132397660821, 11.682323880597016 ], [ 76.518132397660821, 11.683132313432836 ], [ 76.517862904483422, 11.683132313432836 ], [ 76.517862904483422, 11.683671268656717 ], [ 76.517593411306038, 11.683671268656717 ], [ 76.517593411306038, 11.684210223880598 ], [ 76.517054424951269, 11.684210223880598 ], [ 76.517054424951269, 11.683940746268657 ], [ 76.517323918128653, 11.683940746268657 ], [ 76.517323918128653, 11.683401791044776 ], [ 76.517054424951269, 11.683401791044776 ], [ 76.517054424951269, 11.683132313432836 ], [ 76.516515438596485, 11.683132313432836 ], [ 76.516515438596485, 11.683401791044776 ], [ 76.516245945419101, 11.683401791044776 ], [ 76.516245945419101, 11.683671268656717 ], [ 76.515976452241716, 11.683671268656717 ], [ 76.515976452241716, 11.683940746268657 ], [ 76.515167972709548, 11.683940746268657 ], [ 76.515167972709548, 11.684210223880598 ], [ 76.514898479532164, 11.684210223880598 ], [ 76.514898479532164, 11.684479701492538 ], [ 76.515167972709548, 11.684479701492538 ], [ 76.515167972709548, 11.684749179104479 ], [ 76.514359493177381, 11.684749179104479 ] ] ] } },
{ "type": "Feature", "properties": { "fid": 759, "DN": 1 }, "geometry": { "type": "Polygon", "coordinates": [ [ [ 76.51678493177387, 11.680976492537313 ], [ 76.51678493177387, 11.680437537313434 ], [ 76.517323918128653, 11.680437537313434 ], [ 76.517323918128653, 11.680976492537313 ], [ 76.51678493177387, 11.680976492537313 ] ] ] } },
{ "type": "Feature", "properties": { "fid": 763, "DN": 1 }, "geometry": { "type": "Polygon", "coordinates": [ [ [ 76.560712319688108, 11.680707014925375 ], [ 76.560712319688108, 11.680437537313434 ], [ 76.560981812865492, 11.680437537313434 ], [ 76.560981812865492, 11.680707014925375 ], [ 76.560712319688108, 11.680707014925375 ] ] ] } },
{ "type": "Feature", "properties": { "fid": 764, "DN": 1 }, "geometry": { "type": "Polygon", "coordinates": [ [ [ 76.56421573099415, 11.680707014925375 ], [ 76.56421573099415, 11.680437537313434 ], [ 76.564754717348919, 11.680437537313434 ], [ 76.564754717348919, 11.680707014925375 ], [ 76.56421573099415, 11.680707014925375 ] ] ] } },
{ "type": "Feature", "properties": { "fid": 766, "DN": 1 }, "geometry": { "type": "Polygon", "coordinates": [ [ [ 76.645602670565296, 11.680707014925375 ], [ 76.645602670565296, 11.680437537313434 ], [ 76.645872163742681, 11.680437537313434 ], [ 76.645872163742681, 11.680707014925375 ], [ 76.645602670565296, 11.680707014925375 ] ] ] } },
{ "type": "Feature", "properties": { "fid": 767, "DN": 1 }, "geometry": { "type": "Polygon", "coordinates": [ [ [ 76.607065146198821, 11.680437537313434 ], [ 76.607065146198821, 11.680168059701494 ], [ 76.607334639376219, 11.680168059701494 ], [ 76.607334639376219, 11.680437537313434 ], [ 76.607065146198821, 11.680437537313434 ] ] ] } },
{ "type": "Feature", "properties": { "fid": 770, "DN": 1 }, "geometry": { "type": "Polygon", "coordinates": [ [ [ 76.608143118908373, 11.680168059701494 ], [ 76.608143118908373, 11.679898582089553 ], [ 76.608412612085772, 11.679898582089553 ], [ 76.608412612085772, 11.680168059701494 ], [ 76.608143118908373, 11.680168059701494 ] ] ] } },
{ "type": "Feature", "properties": { "fid": 772, "DN": 1 }, "geometry": { "type": "Polygon", "coordinates": [ [ [ 76.644255204678359, 11.680168059701494 ], [ 76.644255204678359, 11.679898582089553 ], [ 76.644524697855744, 11.679898582089553 ], [ 76.644524697855744, 11.680168059701494 ], [ 76.644255204678359, 11.680168059701494 ] ] ] } },
{ "type": "Feature", "properties": { "fid": 779, "DN": 1 }, "geometry": { "type": "Polygon", "coordinates": [ [ [ 76.64829760233917, 11.680437537313434 ], [ 76.64829760233917, 11.679898582089553 ], [ 76.647758615984401, 11.679898582089553 ], [ 76.647758615984401, 11.679359626865672 ], [ 76.64829760233917, 11.679359626865672 ], [ 76.64829760233917, 11.679629104477613 ], [ 76.648567095516569, 11.679629104477613 ], [ 76.648567095516569, 11.680437537313434 ], [ 76.64829760233917, 11.680437537313434 ] ] ] } },
{ "type": "Feature", "properties": { "fid": 781, "DN": 1 }, "geometry": { "type": "Polygon", "coordinates": [ [ [ 76.548315633528262, 11.680437537313434 ], [ 76.548315633528262, 11.680168059701494 ], [ 76.548046140350877, 11.680168059701494 ], [ 76.548046140350877, 11.679898582089553 ], [ 76.547507153996094, 11.679898582089553 ], [ 76.547507153996094, 11.679359626865672 ], [ 76.547776647173478, 11.679359626865672 ], [ 76.547776647173478, 11.679090149253732 ], [ 76.548315633528262, 11.679090149253732 ], [ 76.548315633528262, 11.679359626865672 ], [ 76.548585126705646, 11.679359626865672 ], [ 76.548585126705646, 11.679629104477613 ], [ 76.548854619883031, 11.679629104477613 ], [ 76.548854619883031, 11.680437537313434 ], [ 76.548315633528262, 11.680437537313434 ] ] ] } },
{ "type": "Feature", "properties": { "fid": 782, "DN": 1 }, "geometry": { "type": "Polygon", "coordinates": [ [ [ 76.552088538011688, 11.679898582089553 ], [ 76.552088538011688, 11.679090149253732 ], [ 76.552358031189073, 11.679090149253732 ], [ 76.552358031189073, 11.679898582089553 ], [ 76.552088538011688, 11.679898582089553 ] ] ] } },
{ "type": "Feature", "properties": { "fid": 783, "DN": 1 }, "geometry": { "type": "Polygon", "coordinates": [ [ [ 76.645333177387911, 11.679359626865672 ], [ 76.645333177387911, 11.679090149253732 ], [ 76.645602670565296, 11.679090149253732 ], [ 76.645602670565296, 11.679359626865672 ], [ 76.645333177387911, 11.679359626865672 ] ] ] } },
{ "type": "Feature", "properties": { "fid": 784, "DN": 1 }, "geometry": { "type": "Polygon", "coordinates": [ [ [ 76.515706959064318, 11.680437537313434 ], [ 76.515706959064318, 11.679898582089553 ], [ 76.515976452241716, 11.679898582089553 ], [ 76.515976452241716, 11.679629104477613 ], [ 76.516245945419101, 11.679629104477613 ], [ 76.516245945419101, 11.679090149253732 ], [ 76.516515438596485, 11.679090149253732 ], [ 76.516515438596485, 11.678820671641791 ], [ 76.51678493177387, 11.678820671641791 ], [ 76.51678493177387, 11.679090149253732 ], [ 76.517054424951269, 11.679090149253732 ], [ 76.517054424951269, 11.679359626865672 ], [ 76.51678493177387, 11.679359626865672 ], [ 76.51678493177387, 11.680168059701494 ], [ 76.516515438596485, 11.680168059701494 ], [ 76.516515438596485, 11.680437537313434 ], [ 76.515706959064318, 11.680437537313434 ] ] ] } },
{ "type": "Feature", "properties": { "fid": 785, "DN": 1 }, "geometry": { "type": "Polygon", "coordinates": [ [ [ 76.643985711500974, 11.679898582089553 ], [ 76.643985711500974, 11.679359626865672 ], [ 76.643716218323576, 11.679359626865672 ], [ 76.643716218323576, 11.678820671641791 ], [ 76.643985711500974, 11.678820671641791 ], [ 76.643985711500974, 11.679090149253732 ], [ 76.644255204678359, 11.679090149253732 ], [ 76.644255204678359, 11.679898582089553 ], [ 76.643985711500974, 11.679898582089553 ] ] ] } },
{ "type": "Feature", "properties": { "fid": 786, "DN": 1 }, "geometry": { "type": "Polygon", "coordinates": [ [ [ 76.554513976608177, 11.679090149253732 ], [ 76.554513976608177, 11.678551194029852 ], [ 76.555052962962961, 11.678551194029852 ], [ 76.555052962962961, 11.679090149253732 ], [ 76.554513976608177, 11.679090149253732 ] ] ] } },
{ "type": "Feature", "properties": { "fid": 787, "DN": 1 }, "geometry": { "type": "Polygon", "coordinates": [ [ [ 76.546429181286541, 11.678820671641791 ], [ 76.546429181286541, 11.678551194029852 ], [ 76.546968167641324, 11.678551194029852 ], [ 76.546968167641324, 11.678820671641791 ], [ 76.546429181286541, 11.678820671641791 ] ] ] } },
{ "type": "Feature", "properties": { "fid": 788, "DN": 1 }, "geometry": { "type": "Polygon", "coordinates": [ [ [ 76.608951598440541, 11.678820671641791 ], [ 76.608951598440541, 11.678551194029852 ], [ 76.609221091617925, 11.678551194029852 ], [ 76.609221091617925, 11.678820671641791 ], [ 76.608951598440541, 11.678820671641791 ] ] ] } },
{ "type": "Feature", "properties": { "fid": 798, "DN": 1 }, "geometry": { "type": "Polygon", "coordinates": [ [ [ 76.551010565302136, 11.679629104477613 ], [ 76.551010565302136, 11.679359626865672 ], [ 76.549663099415199, 11.679359626865672 ], [ 76.549663099415199, 11.678820671641791 ], [ 76.549932592592583, 11.678820671641791 ], [ 76.549932592592583, 11.678551194029852 ], [ 76.549663099415199, 11.678551194029852 ], [ 76.549663099415199, 11.678281716417912 ], [ 76.549393606237814, 11.678281716417912 ], [ 76.549393606237814, 11.679090149253732 ], [ 76.549124113060429, 11.679090149253732 ], [ 76.549124113060429, 11.678820671641791 ], [ 76.548854619883031, 11.678820671641791 ], [ 76.548854619883031, 11.678012238805971 ], [ 76.548585126705646, 11.678012238805971 ], [ 76.548585126705646, 11.677742761194031 ], [ 76.548315633528262, 11.677742761194031 ], [ 76.548315633528262, 11.67747328358209 ], [ 76.547507153996094, 11.67747328358209 ], [ 76.547507153996094, 11.676934328358209 ], [ 76.547776647173478, 11.676934328358209 ], [ 76.547776647173478, 11.676664850746269 ], [ 76.548315633528262, 11.676664850746269 ], [ 76.548315633528262, 11.676934328358209 ], [ 76.548854619883031, 11.676934328358209 ], [ 76.548854619883031, 11.67720380597015 ], [ 76.550202085769982, 11.67720380597015 ], [ 76.550202085769982, 11.67747328358209 ], [ 76.551819044834303, 11.67747328358209 ], [ 76.551819044834303, 11.678012238805971 ], [ 76.552088538011688, 11.678012238805971 ], [ 76.552088538011688, 11.678281716417912 ], [ 76.551280058479534, 11.678281716417912 ], [ 76.551280058479534, 11.678551194029852 ], [ 76.551819044834303, 11.678551194029852 ], [ 76.551819044834303, 11.679359626865672 ], [ 76.551549551656919, 11.679359626865672 ], [ 76.551549551656919, 11.678820671641791 ], [ 76.551280058479534, 11.678820671641791 ], [ 76.551280058479534, 11.679629104477613 ], [ 76.551010565302136, 11.679629104477613 ] ] ] } },
{ "type": "Feature", "properties": { "fid": 800, "DN": 1 }, "geometry": { "type": "Polygon", "coordinates": [ [ [ 76.640751793372317, 11.67639537313433 ], [ 76.640751793372317, 11.676125895522389 ], [ 76.641290779727086, 11.676125895522389 ], [ 76.641290779727086, 11.67639537313433 ], [ 76.640751793372317, 11.67639537313433 ] ] ] } },
{ "type": "Feature", "properties": { "fid": 801, "DN": 1 }, "geometry": { "type": "Polygon", "coordinates": [ [ [ 76.580115828460038, 11.676125895522389 ], [ 76.580115828460038, 11.675856417910449 ], [ 76.580385321637422, 11.675856417910449 ], [ 76.580385321637422, 11.676125895522389 ], [ 76.580115828460038, 11.676125895522389 ] ] ] } },
{ "type": "Feature", "properties": { "fid": 802, "DN": 1 }, "geometry": { "type": "Polygon", "coordinates": [ [ [ 76.51867138401559, 11.675856417910449 ], [ 76.51867138401559, 11.675586940298508 ], [ 76.518940877192975, 11.675586940298508 ], [ 76.518940877192975, 11.675856417910449 ], [ 76.51867138401559, 11.675856417910449 ] ] ] } },
{ "type": "Feature", "properties": { "fid": 803, "DN": 1 }, "geometry": { "type": "Polygon", "coordinates": [ [ [ 76.550471578947366, 11.675856417910449 ], [ 76.550471578947366, 11.675586940298508 ], [ 76.550741072124751, 11.675586940298508 ], [ 76.550741072124751, 11.675317462686568 ], [ 76.551010565302136, 11.675317462686568 ], [ 76.551010565302136, 11.675586940298508 ], [ 76.551549551656919, 11.675586940298508 ], [ 76.551549551656919, 11.675856417910449 ], [ 76.550471578947366, 11.675856417910449 ] ] ] } },
{ "type": "Feature", "properties": { "fid": 805, "DN": 1 }, "geometry": { "type": "Polygon", "coordinates": [ [ [ 76.548585126705646, 11.676125895522389 ], [ 76.548585126705646, 11.675856417910449 ], [ 76.548854619883031, 11.675856417910449 ], [ 76.548854619883031, 11.675317462686568 ], [ 76.549124113060429, 11.675317462686568 ], [ 76.549124113060429, 11.675047985074627 ], [ 76.549393606237814, 11.675047985074627 ], [ 76.549393606237814, 11.675856417910449 ], [ 76.549124113060429, 11.675856417910449 ], [ 76.549124113060429, 11.676125895522389 ], [ 76.548585126705646, 11.676125895522389 ] ] ] } },
{ "type": "Feature", "properties": { "fid": 806, "DN": 1 }, "geometry": { "type": "Polygon", "coordinates": [ [ [ 76.551549551656919, 11.675317462686568 ], [ 76.551549551656919, 11.675047985074627 ], [ 76.551819044834303, 11.675047985074627 ], [ 76.551819044834303, 11.675317462686568 ], [ 76.551549551656919, 11.675317462686568 ] ] ] } },
{ "type": "Feature", "properties": { "fid": 807, "DN": 1 }, "geometry": { "type": "Polygon", "coordinates": [ [ [ 76.582002280701744, 11.738105746268657 ], [ 76.582002280701744, 11.737566791044777 ], [ 76.581463294346975, 11.737566791044777 ], [ 76.581463294346975, 11.737297313432837 ], [ 76.58119380116959, 11.737297313432837 ], [ 76.58119380116959, 11.737027835820896 ], [ 76.581732787524359, 11.737027835820896 ], [ 76.581732787524359, 11.736758358208956 ], [ 76.582271773879143, 11.736758358208956 ], [ 76.582271773879143, 11.737027835820896 ], [ 76.582541267056527, 11.737027835820896 ], [ 76.582541267056527, 11.736488880597015 ], [ 76.582271773879143, 11.736488880597015 ], [ 76.582271773879143, 11.736219402985075 ], [ 76.582810760233912, 11.736219402985075 ], [ 76.582810760233912, 11.735949925373134 ], [ 76.583080253411296, 11.735949925373134 ], [ 76.583080253411296, 11.736219402985075 ], [ 76.583349746588695, 11.736219402985075 ], [ 76.583349746588695, 11.736488880597015 ], [ 76.58361923976608, 11.736488880597015 ], [ 76.58361923976608, 11.736219402985075 ], [ 76.583888732943464, 11.736219402985075 ], [ 76.583888732943464, 11.737027835820896 ], [ 76.584158226120849, 11.737027835820896 ], [ 76.584158226120849, 11.736488880597015 ], [ 76.584427719298247, 11.736488880597015 ], [ 76.584427719298247, 11.735141492537315 ], [ 76.584697212475632, 11.735141492537315 ], [ 76.584697212475632, 11.734872014925374 ], [ 76.584966705653017, 11.734872014925374 ], [ 76.584966705653017, 11.734333059701493 ], [ 76.584427719298247, 11.734333059701493 ], [ 76.584427719298247, 11.734063582089552 ], [ 76.583888732943464, 11.734063582089552 ], [ 76.583888732943464, 11.734333059701493 ], [ 76.582810760233912, 11.734333059701493 ], [ 76.582810760233912, 11.734602537313434 ], [ 76.582541267056527, 11.734602537313434 ], [ 76.582541267056527, 11.734872014925374 ], [ 76.582271773879143, 11.734872014925374 ], [ 76.582271773879143, 11.735410970149255 ], [ 76.58119380116959, 11.735410970149255 ], [ 76.58119380116959, 11.735680447761194 ], [ 76.580115828460038, 11.735680447761194 ], [ 76.580115828460038, 11.735410970149255 ], [ 76.579576842105254, 11.735410970149255 ], [ 76.579576842105254, 11.735949925373134 ], [ 76.57930734892787, 11.735949925373134 ], [ 76.57930734892787, 11.736219402985075 ], [ 76.577959883040933, 11.736219402985075 ], [ 76.577959883040933, 11.735949925373134 ], [ 76.577690389863548, 11.735949925373134 ], [ 76.577690389863548, 11.736219402985075 ], [ 76.577151403508765, 11.736219402985075 ], [ 76.577151403508765, 11.735949925373134 ], [ 76.57688191033138, 11.735949925373134 ], [ 76.57688191033138, 11.736219402985075 ], [ 76.576612417153996, 11.736219402985075 ], [ 76.576612417153996, 11.736758358208956 ], [ 76.576342923976597, 11.736758358208956 ], [ 76.576342923976597, 11.737297313432837 ], [ 76.575264951267059, 11.737297313432837 ], [ 76.575264951267059, 11.737027835820896 ], [ 76.574456471734891, 11.737027835820896 ], [ 76.574456471734891, 11.736219402985075 ], [ 76.574725964912275, 11.736219402985075 ], [ 76.574725964912275, 11.736488880597015 ], [ 76.575264951267059, 11.736488880597015 ], [ 76.575264951267059, 11.736219402985075 ], [ 76.575534444444443, 11.736219402985075 ], [ 76.575534444444443, 11.736488880597015 ], [ 76.576073430799212, 11.736488880597015 ], [ 76.576073430799212, 11.736219402985075 ], [ 76.576342923976597, 11.736219402985075 ], [ 76.576342923976597, 11.735949925373134 ], [ 76.574725964912275, 11.735949925373134 ], [ 76.574725964912275, 11.735410970149255 ], [ 76.574186978557506, 11.735410970149255 ], [ 76.574186978557506, 11.734872014925374 ], [ 76.574725964912275, 11.734872014925374 ], [ 76.574725964912275, 11.734602537313434 ], [ 76.57499545808966, 11.734602537313434 ], [ 76.57499545808966, 11.734063582089552 ], [ 76.575264951267059, 11.734063582089552 ], [ 76.575264951267059, 11.732716194029852 ], [ 76.574725964912275, 11.732716194029852 ], [ 76.574725964912275, 11.732985671641792 ], [ 76.574456471734891, 11.732985671641792 ], [ 76.574456471734891, 11.733794104477612 ], [ 76.574186978557506, 11.733794104477612 ], [ 76.574186978557506, 11.734063582089552 ], [ 76.573647992202723, 11.734063582089552 ], [ 76.573647992202723, 11.733794104477612 ], [ 76.57257001949317, 11.733794104477612 ], [ 76.57257001949317, 11.733524626865671 ], [ 76.572031033138401, 11.733524626865671 ], [ 76.572031033138401, 11.733255149253733 ], [ 76.571222553606233, 11.733255149253733 ], [ 76.571222553606233, 11.733524626865671 ], [ 76.570953060428849, 11.733524626865671 ], [ 76.570953060428849, 11.733255149253733 ], [ 76.570414074074066, 11.733255149253733 ], [ 76.570414074074066, 11.732716194029852 ], [ 76.570144580896681, 11.732716194029852 ], [ 76.570144580896681, 11.732177238805971 ], [ 76.569605594541912, 11.732177238805971 ], [ 76.569605594541912, 11.73190776119403 ], [ 76.569066608187129, 11.73190776119403 ], [ 76.569066608187129, 11.731368805970149 ], [ 76.568797115009744, 11.731368805970149 ], [ 76.568797115009744, 11.73163828358209 ], [ 76.568258128654961, 11.73163828358209 ], [ 76.568258128654961, 11.731368805970149 ], [ 76.568527621832359, 11.731368805970149 ], [ 76.568527621832359, 11.73109932835821 ], [ 76.568258128654961, 11.73109932835821 ], [ 76.568258128654961, 11.73082985074627 ], [ 76.567719142300191, 11.73082985074627 ], [ 76.567719142300191, 11.731368805970149 ], [ 76.567449649122807, 11.731368805970149 ], [ 76.567449649122807, 11.73163828358209 ], [ 76.566641169590639, 11.73163828358209 ], [ 76.566641169590639, 11.731368805970149 ], [ 76.566371676413254, 11.731368805970149 ], [ 76.566371676413254, 11.73082985074627 ], [ 76.56610218323587, 11.73082985074627 ], [ 76.56610218323587, 11.73109932835821 ], [ 76.565832690058471, 11.73109932835821 ], [ 76.565832690058471, 11.73163828358209 ], [ 76.564754717348919, 11.73163828358209 ], [ 76.564754717348919, 11.731368805970149 ], [ 76.56421573099415, 11.731368805970149 ], [ 76.56421573099415, 11.73109932835821 ], [ 76.563407251461982, 11.73109932835821 ], [ 76.563407251461982, 11.730290895522389 ], [ 76.563946237816765, 11.730290895522389 ], [ 76.563946237816765, 11.730021417910448 ], [ 76.563676744639366, 11.730021417910448 ], [ 76.563676744639366, 11.729482462686567 ], [ 76.563946237816765, 11.729482462686567 ], [ 76.563946237816765, 11.729751940298508 ], [ 76.565024210526317, 11.729751940298508 ], [ 76.565024210526317, 11.730290895522389 ], [ 76.566641169590639, 11.730290895522389 ], [ 76.566641169590639, 11.730021417910448 ], [ 76.566910662768024, 11.730021417910448 ], [ 76.566910662768024, 11.730290895522389 ], [ 76.568258128654961, 11.730290895522389 ], [ 76.568258128654961, 11.730560373134329 ], [ 76.568797115009744, 11.730560373134329 ], [ 76.568797115009744, 11.73082985074627 ], [ 76.569066608187129, 11.73082985074627 ], [ 76.569066608187129, 11.73109932835821 ], [ 76.569605594541912, 11.73109932835821 ], [ 76.569605594541912, 11.731368805970149 ], [ 76.569875087719296, 11.731368805970149 ], [ 76.569875087719296, 11.73190776119403 ], [ 76.570144580896681, 11.73190776119403 ], [ 76.570144580896681, 11.73163828358209 ], [ 76.570414074074066, 11.73163828358209 ], [ 76.570414074074066, 11.73109932835821 ], [ 76.570683567251464, 11.73109932835821 ], [ 76.570683567251464, 11.73082985074627 ], [ 76.570953060428849, 11.73082985074627 ], [ 76.570953060428849, 11.730560373134329 ], [ 76.571492046783618, 11.730560373134329 ], [ 76.571492046783618, 11.729751940298508 ], [ 76.571222553606233, 11.729751940298508 ], [ 76.571222553606233, 11.729482462686567 ], [ 76.570953060428849, 11.729482462686567 ], [ 76.570953060428849, 11.729751940298508 ], [ 76.570414074074066, 11.729751940298508 ], [ 76.570414074074066, 11.730021417910448 ], [ 76.569875087719296, 11.730021417910448 ], [ 76.569875087719296, 11.728943507462688 ], [ 76.570414074074066, 11.728943507462688 ], [ 76.570414074074066, 11.727865597014926 ], [ 76.570683567251464, 11.727865597014926 ], [ 76.570683567251464, 11.727057164179104 ], [ 76.570414074074066, 11.727057164179104 ], [ 76.570414074074066, 11.727326641791045 ], [ 76.570144580896681, 11.727326641791045 ], [ 76.570144580896681, 11.728135074626866 ], [ 76.569875087719296, 11.728135074626866 ], [ 76.569875087719296, 11.727865597014926 ], [ 76.569336101364513, 11.727865597014926 ], [ 76.569336101364513, 11.728135074626866 ], [ 76.568797115009744, 11.728135074626866 ], [ 76.568797115009744, 11.727865597014926 ], [ 76.569066608187129, 11.727865597014926 ], [ 76.569066608187129, 11.727596119402985 ], [ 76.568797115009744, 11.727596119402985 ], [ 76.568797115009744, 11.727057164179104 ], [ 76.568258128654961, 11.727057164179104 ], [ 76.568258128654961, 11.726787686567166 ], [ 76.567988635477576, 11.726787686567166 ], [ 76.567988635477576, 11.726518208955225 ], [ 76.568258128654961, 11.726518208955225 ], [ 76.568258128654961, 11.725979253731344 ], [ 76.567988635477576, 11.725979253731344 ], [ 76.567988635477576, 11.725709776119404 ], [ 76.567719142300191, 11.725709776119404 ], [ 76.567719142300191, 11.725440298507463 ], [ 76.567449649122807, 11.725440298507463 ], [ 76.567449649122807, 11.725170820895523 ], [ 76.567719142300191, 11.725170820895523 ], [ 76.567719142300191, 11.724901343283582 ], [ 76.567449649122807, 11.724901343283582 ], [ 76.567449649122807, 11.724092910447762 ], [ 76.567180155945408, 11.724092910447762 ], [ 76.567180155945408, 11.723284477611941 ], [ 76.567449649122807, 11.723284477611941 ], [ 76.567449649122807, 11.72220656716418 ], [ 76.567719142300191, 11.72220656716418 ], [ 76.567719142300191, 11.72193708955224 ], [ 76.567988635477576, 11.72193708955224 ], [ 76.567988635477576, 11.721667611940299 ], [ 76.568258128654961, 11.721667611940299 ], [ 76.568258128654961, 11.721128656716418 ], [ 76.568797115009744, 11.721128656716418 ], [ 76.568797115009744, 11.721398134328359 ], [ 76.569066608187129, 11.721398134328359 ], [ 76.569066608187129, 11.720859179104478 ], [ 76.568797115009744, 11.720859179104478 ], [ 76.568797115009744, 11.720589701492537 ], [ 76.568258128654961, 11.720589701492537 ], [ 76.568258128654961, 11.720859179104478 ], [ 76.567988635477576, 11.720859179104478 ], [ 76.567988635477576, 11.721128656716418 ], [ 76.567719142300191, 11.721128656716418 ], [ 76.567719142300191, 11.721398134328359 ], [ 76.567449649122807, 11.721398134328359 ], [ 76.567449649122807, 11.721667611940299 ], [ 76.567180155945408, 11.721667611940299 ], [ 76.567180155945408, 11.72220656716418 ], [ 76.566910662768024, 11.72220656716418 ], [ 76.566910662768024, 11.722476044776119 ], [ 76.566641169590639, 11.722476044776119 ], [ 76.566641169590639, 11.720589701492537 ], [ 76.56610218323587, 11.720589701492537 ], [ 76.56610218323587, 11.722476044776119 ], [ 76.565563196881087, 11.722476044776119 ], [ 76.565563196881087, 11.723284477611941 ], [ 76.565024210526317, 11.723284477611941 ], [ 76.565024210526317, 11.72274552238806 ], [ 76.565293703703702, 11.72274552238806 ], [ 76.565293703703702, 11.721128656716418 ], [ 76.564754717348919, 11.721128656716418 ], [ 76.564754717348919, 11.720589701492537 ], [ 76.565024210526317, 11.720589701492537 ], [ 76.565024210526317, 11.720320223880597 ], [ 76.564485224171534, 11.720320223880597 ], [ 76.564485224171534, 11.721128656716418 ], [ 76.563946237816765, 11.721128656716418 ], [ 76.563946237816765, 11.72220656716418 ], [ 76.56421573099415, 11.72220656716418 ], [ 76.56421573099415, 11.72274552238806 ], [ 76.563946237816765, 11.72274552238806 ], [ 76.563946237816765, 11.723015 ], [ 76.56421573099415, 11.723015 ], [ 76.56421573099415, 11.723284477611941 ], [ 76.564754717348919, 11.723284477611941 ], [ 76.564754717348919, 11.723553955223881 ], [ 76.56421573099415, 11.723553955223881 ], [ 76.56421573099415, 11.724092910447762 ], [ 76.564485224171534, 11.724092910447762 ], [ 76.564485224171534, 11.724362388059703 ], [ 76.563946237816765, 11.724362388059703 ], [ 76.563946237816765, 11.724631865671643 ], [ 76.563676744639366, 11.724631865671643 ], [ 76.563676744639366, 11.724901343283582 ], [ 76.563407251461982, 11.724901343283582 ], [ 76.563407251461982, 11.724631865671643 ], [ 76.562868265107213, 11.724631865671643 ], [ 76.562868265107213, 11.725170820895523 ], [ 76.563676744639366, 11.725170820895523 ], [ 76.563676744639366, 11.725979253731344 ], [ 76.563407251461982, 11.725979253731344 ], [ 76.563407251461982, 11.726248731343285 ], [ 76.563946237816765, 11.726248731343285 ], [ 76.563946237816765, 11.726787686567166 ], [ 76.563407251461982, 11.726787686567166 ], [ 76.563407251461982, 11.727057164179104 ], [ 76.563137758284597, 11.727057164179104 ], [ 76.563137758284597, 11.726787686567166 ], [ 76.562868265107213, 11.726787686567166 ], [ 76.562868265107213, 11.726518208955225 ], [ 76.56179029239766, 11.726518208955225 ], [ 76.56179029239766, 11.726787686567166 ], [ 76.561520799220276, 11.726787686567166 ], [ 76.561520799220276, 11.726518208955225 ], [ 76.561251306042877, 11.726518208955225 ], [ 76.561251306042877, 11.726787686567166 ], [ 76.560981812865492, 11.726787686567166 ], [ 76.560981812865492, 11.726248731343285 ], [ 76.561251306042877, 11.726248731343285 ], [ 76.561251306042877, 11.725979253731344 ], [ 76.560981812865492, 11.725979253731344 ], [ 76.560981812865492, 11.725440298507463 ], [ 76.560712319688108, 11.725440298507463 ], [ 76.560712319688108, 11.724362388059703 ], [ 76.560981812865492, 11.724362388059703 ], [ 76.560981812865492, 11.724092910447762 ], [ 76.560442826510723, 11.724092910447762 ], [ 76.560442826510723, 11.724362388059703 ], [ 76.55990384015594, 11.724362388059703 ], [ 76.55990384015594, 11.724631865671643 ], [ 76.559634346978555, 11.724631865671643 ], [ 76.559634346978555, 11.724901343283582 ], [ 76.55990384015594, 11.724901343283582 ], [ 76.55990384015594, 11.725170820895523 ], [ 76.560173333333324, 11.725170820895523 ], [ 76.560173333333324, 11.725440298507463 ], [ 76.560442826510723, 11.725440298507463 ], [ 76.560442826510723, 11.725979253731344 ], [ 76.560173333333324, 11.725979253731344 ], [ 76.560173333333324, 11.726248731343285 ], [ 76.55990384015594, 11.726248731343285 ], [ 76.55990384015594, 11.727596119402985 ], [ 76.559634346978555, 11.727596119402985 ], [ 76.559634346978555, 11.726787686567166 ], [ 76.559364853801171, 11.726787686567166 ], [ 76.559364853801171, 11.726518208955225 ], [ 76.559095360623772, 11.726518208955225 ], [ 76.559095360623772, 11.725979253731344 ], [ 76.558825867446387, 11.725979253731344 ], [ 76.558825867446387, 11.725709776119404 ], [ 76.558556374269003, 11.725709776119404 ], [ 76.558556374269003, 11.725440298507463 ], [ 76.558286881091618, 11.725440298507463 ], [ 76.558286881091618, 11.724901343283582 ], [ 76.558017387914219, 11.724901343283582 ], [ 76.558017387914219, 11.724631865671643 ], [ 76.55747840155945, 11.724631865671643 ], [ 76.55747840155945, 11.725440298507463 ], [ 76.557208908382066, 11.725440298507463 ], [ 76.557208908382066, 11.725709776119404 ], [ 76.556400428849898, 11.725709776119404 ], [ 76.556400428849898, 11.725979253731344 ], [ 76.556130935672513, 11.725979253731344 ], [ 76.556130935672513, 11.725709776119404 ], [ 76.55559194931773, 11.725709776119404 ], [ 76.55559194931773, 11.725979253731344 ], [ 76.555052962962961, 11.725979253731344 ], [ 76.555052962962961, 11.725170820895523 ], [ 76.554783469785576, 11.725170820895523 ], [ 76.554783469785576, 11.724901343283582 ], [ 76.554513976608177, 11.724901343283582 ], [ 76.554513976608177, 11.725979253731344 ], [ 76.553974990253408, 11.725979253731344 ], [ 76.553974990253408, 11.726248731343285 ], [ 76.553705497076024, 11.726248731343285 ], [ 76.553705497076024, 11.725979253731344 ], [ 76.553436003898625, 11.725979253731344 ], [ 76.553436003898625, 11.726248731343285 ], [ 76.549393606237814, 11.726248731343285 ], [ 76.549393606237814, 11.726518208955225 ], [ 76.549124113060429, 11.726518208955225 ], [ 76.549124113060429, 11.725709776119404 ], [ 76.548585126705646, 11.725709776119404 ], [ 76.548585126705646, 11.725979253731344 ], [ 76.548046140350877, 11.725979253731344 ], [ 76.548046140350877, 11.725709776119404 ], [ 76.547776647173478, 11.725709776119404 ], [ 76.547776647173478, 11.725440298507463 ], [ 76.546968167641324, 11.725440298507463 ], [ 76.546968167641324, 11.725170820895523 ], [ 76.54669867446394, 11.725170820895523 ], [ 76.54669867446394, 11.725440298507463 ], [ 76.546429181286541, 11.725440298507463 ], [ 76.546429181286541, 11.725170820895523 ], [ 76.546159688109157, 11.725170820895523 ], [ 76.546159688109157, 11.724631865671643 ], [ 76.546429181286541, 11.724631865671643 ], [ 76.546429181286541, 11.724092910447762 ], [ 76.54669867446394, 11.724092910447762 ], [ 76.54669867446394, 11.723823432835822 ], [ 76.546159688109157, 11.723823432835822 ], [ 76.546159688109157, 11.724092910447762 ], [ 76.545890194931772, 11.724092910447762 ], [ 76.545890194931772, 11.724901343283582 ], [ 76.545620701754387, 11.724901343283582 ], [ 76.545620701754387, 11.725170820895523 ], [ 76.544003742690052, 11.725170820895523 ], [ 76.544003742690052, 11.724901343283582 ], [ 76.543734249512667, 11.724901343283582 ], [ 76.543734249512667, 11.725170820895523 ], [ 76.543195263157884, 11.725170820895523 ], [ 76.543195263157884, 11.724901343283582 ], [ 76.541847797270947, 11.724901343283582 ], [ 76.541847797270947, 11.724631865671643 ], [ 76.542117290448346, 11.724631865671643 ], [ 76.542117290448346, 11.724092910447762 ], [ 76.541578304093562, 11.724092910447762 ], [ 76.541578304093562, 11.723823432835822 ], [ 76.541308810916178, 11.723823432835822 ], [ 76.541308810916178, 11.723553955223881 ], [ 76.541039317738793, 11.723553955223881 ], [ 76.541039317738793, 11.723823432835822 ], [ 76.540769824561394, 11.723823432835822 ], [ 76.540769824561394, 11.723553955223881 ], [ 76.54050033138401, 11.723553955223881 ], [ 76.54050033138401, 11.723284477611941 ], [ 76.539961345029241, 11.723284477611941 ], [ 76.539961345029241, 11.723553955223881 ], [ 76.539691851851842, 11.723553955223881 ], [ 76.539691851851842, 11.72274552238806 ], [ 76.539961345029241, 11.72274552238806 ], [ 76.539961345029241, 11.722476044776119 ], [ 76.539691851851842, 11.722476044776119 ], [ 76.539691851851842, 11.72193708955224 ], [ 76.539422358674457, 11.72193708955224 ], [ 76.539422358674457, 11.721398134328359 ], [ 76.539691851851842, 11.721398134328359 ], [ 76.539691851851842, 11.721128656716418 ], [ 76.539422358674457, 11.721128656716418 ], [ 76.539422358674457, 11.720859179104478 ], [ 76.538613879142289, 11.720859179104478 ], [ 76.538613879142289, 11.720320223880597 ], [ 76.538344385964905, 11.720320223880597 ], [ 76.538344385964905, 11.720050746268658 ], [ 76.53807489278752, 11.720050746268658 ], [ 76.53807489278752, 11.719781268656718 ], [ 76.5361884405458, 11.719781268656718 ], [ 76.5361884405458, 11.720050746268658 ], [ 76.537266413255352, 11.720050746268658 ], [ 76.537266413255352, 11.720320223880597 ], [ 76.537535906432751, 11.720320223880597 ], [ 76.537535906432751, 11.720589701492537 ], [ 76.536996920077968, 11.720589701492537 ], [ 76.536996920077968, 11.721128656716418 ], [ 76.535649454191031, 11.721128656716418 ], [ 76.535649454191031, 11.719781268656718 ], [ 76.535918947368415, 11.719781268656718 ], [ 76.535918947368415, 11.719242313432837 ], [ 76.535649454191031, 11.719242313432837 ], [ 76.535649454191031, 11.718703358208955 ], [ 76.535379961013646, 11.718703358208955 ], [ 76.535379961013646, 11.718164402985074 ], [ 76.535110467836247, 11.718164402985074 ], [ 76.535110467836247, 11.717625447761195 ], [ 76.534840974658863, 11.717625447761195 ], [ 76.534840974658863, 11.717086492537314 ], [ 76.534571481481478, 11.717086492537314 ], [ 76.534571481481478, 11.716278059701493 ], [ 76.534840974658863, 11.716278059701493 ], [ 76.534840974658863, 11.715739104477613 ], [ 76.535110467836247, 11.715739104477613 ], [ 76.535110467836247, 11.715200149253732 ], [ 76.535649454191031, 11.715200149253732 ], [ 76.535649454191031, 11.715739104477613 ], [ 76.535918947368415, 11.715739104477613 ], [ 76.535918947368415, 11.716008582089552 ], [ 76.5361884405458, 11.716008582089552 ], [ 76.5361884405458, 11.716547537313433 ], [ 76.536457933723199, 11.716547537313433 ], [ 76.536457933723199, 11.716008582089552 ], [ 76.536727426900583, 11.716008582089552 ], [ 76.536727426900583, 11.715739104477613 ], [ 76.536996920077968, 11.715739104477613 ], [ 76.536996920077968, 11.71385276119403 ], [ 76.537266413255352, 11.71385276119403 ], [ 76.537266413255352, 11.713583283582091 ], [ 76.537805399610136, 11.713583283582091 ], [ 76.537805399610136, 11.712235895522388 ], [ 76.538344385964905, 11.712235895522388 ], [ 76.538344385964905, 11.711966417910448 ], [ 76.538613879142289, 11.711966417910448 ], [ 76.538613879142289, 11.712505373134329 ], [ 76.538883372319688, 11.712505373134329 ], [ 76.538883372319688, 11.712774850746269 ], [ 76.539422358674457, 11.712774850746269 ], [ 76.539422358674457, 11.712505373134329 ], [ 76.539691851851842, 11.712505373134329 ], [ 76.539691851851842, 11.711696940298507 ], [ 76.540769824561394, 11.711696940298507 ], [ 76.540769824561394, 11.711427462686569 ], [ 76.539961345029241, 11.711427462686569 ], [ 76.539961345029241, 11.710888507462688 ], [ 76.540769824561394, 11.710888507462688 ], [ 76.540769824561394, 11.711157985074628 ], [ 76.541578304093562, 11.711157985074628 ], [ 76.541578304093562, 11.710349552238807 ], [ 76.54238678362573, 11.710349552238807 ], [ 76.54238678362573, 11.709810597014926 ], [ 76.542656276803115, 11.709810597014926 ], [ 76.542656276803115, 11.709541119402985 ], [ 76.542925769980499, 11.709541119402985 ], [ 76.542925769980499, 11.709810597014926 ], [ 76.543464756335283, 11.709810597014926 ], [ 76.543464756335283, 11.709541119402985 ], [ 76.544003742690052, 11.709541119402985 ], [ 76.544003742690052, 11.709271641791046 ], [ 76.544273235867436, 11.709271641791046 ], [ 76.544273235867436, 11.709002164179106 ], [ 76.544542729044835, 11.709002164179106 ], [ 76.544542729044835, 11.708732686567165 ], [ 76.54481222222222, 11.708732686567165 ], [ 76.54481222222222, 11.708463208955225 ], [ 76.545081715399604, 11.708463208955225 ], [ 76.545081715399604, 11.707924253731344 ], [ 76.546159688109157, 11.707924253731344 ], [ 76.546159688109157, 11.708193731343284 ], [ 76.546968167641324, 11.708193731343284 ], [ 76.546968167641324, 11.707924253731344 ], [ 76.547507153996094, 11.707924253731344 ], [ 76.547507153996094, 11.707654776119403 ], [ 76.548315633528262, 11.707654776119403 ], [ 76.548315633528262, 11.707385298507463 ], [ 76.548585126705646, 11.707385298507463 ], [ 76.548585126705646, 11.707654776119403 ], [ 76.548854619883031, 11.707654776119403 ], [ 76.548854619883031, 11.707115820895524 ], [ 76.549124113060429, 11.707115820895524 ], [ 76.549124113060429, 11.706846343283583 ], [ 76.549663099415199, 11.706846343283583 ], [ 76.549663099415199, 11.706576865671643 ], [ 76.549932592592583, 11.706576865671643 ], [ 76.549932592592583, 11.706307388059702 ], [ 76.550202085769982, 11.706307388059702 ], [ 76.550202085769982, 11.706037910447762 ], [ 76.550741072124751, 11.706037910447762 ], [ 76.550741072124751, 11.706307388059702 ], [ 76.550471578947366, 11.706307388059702 ], [ 76.550471578947366, 11.706846343283583 ], [ 76.550741072124751, 11.706846343283583 ], [ 76.550741072124751, 11.707924253731344 ], [ 76.550202085769982, 11.707924253731344 ], [ 76.550202085769982, 11.708463208955225 ], [ 76.549663099415199, 11.708463208955225 ], [ 76.549663099415199, 11.708193731343284 ], [ 76.549124113060429, 11.708193731343284 ], [ 76.549124113060429, 11.709271641791046 ], [ 76.548854619883031, 11.709271641791046 ], [ 76.548854619883031, 11.710080074626866 ], [ 76.548585126705646, 11.710080074626866 ], [ 76.548585126705646, 11.709541119402985 ], [ 76.548046140350877, 11.709541119402985 ], [ 76.548046140350877, 11.709271641791046 ], [ 76.547776647173478, 11.709271641791046 ], [ 76.547776647173478, 11.710080074626866 ], [ 76.547507153996094, 11.710080074626866 ], [ 76.547507153996094, 11.710349552238807 ], [ 76.546968167641324, 11.710349552238807 ], [ 76.546968167641324, 11.711427462686569 ], [ 76.547776647173478, 11.711427462686569 ], [ 76.547776647173478, 11.712235895522388 ], [ 76.548046140350877, 11.712235895522388 ], [ 76.548046140350877, 11.711966417910448 ], [ 76.548315633528262, 11.711966417910448 ], [ 76.548315633528262, 11.711696940298507 ], [ 76.548585126705646, 11.711696940298507 ], [ 76.548585126705646, 11.710888507462688 ], [ 76.548854619883031, 11.710888507462688 ], [ 76.548854619883031, 11.711427462686569 ], [ 76.549393606237814, 11.711427462686569 ], [ 76.549393606237814, 11.710888507462688 ], [ 76.549663099415199, 11.710888507462688 ], [ 76.549663099415199, 11.711157985074628 ], [ 76.549932592592583, 11.711157985074628 ], [ 76.549932592592583, 11.710888507462688 ], [ 76.551280058479534, 11.710888507462688 ], [ 76.551280058479534, 11.710349552238807 ], [ 76.551819044834303, 11.710349552238807 ], [ 76.551819044834303, 11.710080074626866 ], [ 76.552627524366471, 11.710080074626866 ], [ 76.552627524366471, 11.710349552238807 ], [ 76.552897017543856, 11.710349552238807 ], [ 76.552897017543856, 11.710080074626866 ], [ 76.553436003898625, 11.710080074626866 ], [ 76.553436003898625, 11.709002164179106 ], [ 76.553705497076024, 11.709002164179106 ], [ 76.553705497076024, 11.708732686567165 ], [ 76.55559194931773, 11.708732686567165 ], [ 76.55559194931773, 11.709002164179106 ], [ 76.556400428849898, 11.709002164179106 ], [ 76.556400428849898, 11.707385298507463 ], [ 76.556939415204681, 11.707385298507463 ], [ 76.556939415204681, 11.707115820895524 ], [ 76.55747840155945, 11.707115820895524 ], [ 76.55747840155945, 11.706846343283583 ], [ 76.557747894736835, 11.706846343283583 ], [ 76.557747894736835, 11.706307388059702 ], [ 76.557208908382066, 11.706307388059702 ], [ 76.557208908382066, 11.706037910447762 ], [ 76.55747840155945, 11.706037910447762 ], [ 76.55747840155945, 11.705498955223881 ], [ 76.556939415204681, 11.705498955223881 ], [ 76.556939415204681, 11.704690522388061 ], [ 76.557747894736835, 11.704690522388061 ], [ 76.557747894736835, 11.70388208955224 ], [ 76.558825867446387, 11.70388208955224 ], [ 76.558825867446387, 11.70415156716418 ], [ 76.559634346978555, 11.70415156716418 ], [ 76.559634346978555, 11.704421044776121 ], [ 76.55990384015594, 11.704421044776121 ], [ 76.55990384015594, 11.70496 ], [ 76.560173333333324, 11.70496 ], [ 76.560173333333324, 11.70522947761194 ], [ 76.560442826510723, 11.70522947761194 ], [ 76.560442826510723, 11.705498955223881 ], [ 76.560712319688108, 11.705498955223881 ], [ 76.560712319688108, 11.706307388059702 ], [ 76.560981812865492, 11.706307388059702 ], [ 76.560981812865492, 11.706576865671643 ], [ 76.562059785575045, 11.706576865671643 ], [ 76.562059785575045, 11.706307388059702 ], [ 76.56179029239766, 11.706307388059702 ], [ 76.56179029239766, 11.706037910447762 ], [ 76.561520799220276, 11.706037910447762 ], [ 76.561520799220276, 11.705498955223881 ], [ 76.561251306042877, 11.705498955223881 ], [ 76.561251306042877, 11.704421044776121 ], [ 76.562059785575045, 11.704421044776121 ], [ 76.562059785575045, 11.70415156716418 ], [ 76.562329278752429, 11.70415156716418 ], [ 76.562329278752429, 11.703612611940299 ], [ 76.56179029239766, 11.703612611940299 ], [ 76.56179029239766, 11.703073656716418 ], [ 76.562329278752429, 11.703073656716418 ], [ 76.562329278752429, 11.702804179104477 ], [ 76.562059785575045, 11.702804179104477 ], [ 76.562059785575045, 11.702534701492539 ], [ 76.56179029239766, 11.702534701492539 ], [ 76.56179029239766, 11.702265223880598 ], [ 76.562059785575045, 11.702265223880598 ], [ 76.562059785575045, 11.701995746268658 ], [ 76.562329278752429, 11.701995746268658 ], [ 76.562329278752429, 11.701726268656717 ], [ 76.563407251461982, 11.701726268656717 ], [ 76.563407251461982, 11.701187313432836 ], [ 76.562059785575045, 11.701187313432836 ], [ 76.562059785575045, 11.700648358208955 ], [ 76.562329278752429, 11.700648358208955 ], [ 76.562329278752429, 11.700378880597016 ], [ 76.563137758284597, 11.700378880597016 ], [ 76.563137758284597, 11.700109402985076 ], [ 76.56421573099415, 11.700109402985076 ], [ 76.56421573099415, 11.699839925373135 ], [ 76.564485224171534, 11.699839925373135 ], [ 76.564485224171534, 11.699570447761195 ], [ 76.564754717348919, 11.699570447761195 ], [ 76.564754717348919, 11.699031492537314 ], [ 76.564485224171534, 11.699031492537314 ], [ 76.564485224171534, 11.698762014925373 ], [ 76.563946237816765, 11.698762014925373 ], [ 76.563946237816765, 11.699031492537314 ], [ 76.562329278752429, 11.699031492537314 ], [ 76.562329278752429, 11.698762014925373 ], [ 76.562059785575045, 11.698762014925373 ], [ 76.562059785575045, 11.699300970149254 ], [ 76.560981812865492, 11.699300970149254 ], [ 76.560981812865492, 11.697953582089553 ], [ 76.560712319688108, 11.697953582089553 ], [ 76.560712319688108, 11.698762014925373 ], [ 76.560442826510723, 11.698762014925373 ], [ 76.560442826510723, 11.699031492537314 ], [ 76.560173333333324, 11.699031492537314 ], [ 76.560173333333324, 11.698762014925373 ], [ 76.559095360623772, 11.698762014925373 ], [ 76.559095360623772, 11.699031492537314 ], [ 76.558825867446387, 11.699031492537314 ], [ 76.558825867446387, 11.699300970149254 ], [ 76.559095360623772, 11.699300970149254 ], [ 76.559095360623772, 11.699839925373135 ], [ 76.558825867446387, 11.699839925373135 ], [ 76.558825867446387, 11.699570447761195 ], [ 76.558556374269003, 11.699570447761195 ], [ 76.558556374269003, 11.700378880597016 ], [ 76.558825867446387, 11.700378880597016 ], [ 76.558825867446387, 11.700648358208955 ], [ 76.558017387914219, 11.700648358208955 ], [ 76.558017387914219, 11.700109402985076 ], [ 76.55747840155945, 11.700109402985076 ], [ 76.55747840155945, 11.700648358208955 ], [ 76.557747894736835, 11.700648358208955 ], [ 76.557747894736835, 11.700917835820896 ], [ 76.557208908382066, 11.700917835820896 ], [ 76.557208908382066, 11.700648358208955 ], [ 76.556669922027282, 11.700648358208955 ], [ 76.556669922027282, 11.700917835820896 ], [ 76.556400428849898, 11.700917835820896 ], [ 76.556400428849898, 11.700378880597016 ], [ 76.556130935672513, 11.700378880597016 ], [ 76.556130935672513, 11.700109402985076 ], [ 76.555861442495129, 11.700109402985076 ], [ 76.555861442495129, 11.700378880597016 ], [ 76.55559194931773, 11.700378880597016 ], [ 76.55559194931773, 11.700109402985076 ], [ 76.555322456140345, 11.700109402985076 ], [ 76.555322456140345, 11.700378880597016 ], [ 76.555052962962961, 11.700378880597016 ], [ 76.555052962962961, 11.699839925373135 ], [ 76.554783469785576, 11.699839925373135 ], [ 76.554783469785576, 11.698762014925373 ], [ 76.555052962962961, 11.698762014925373 ], [ 76.555052962962961, 11.698492537313433 ], [ 76.554513976608177, 11.698492537313433 ], [ 76.554513976608177, 11.697953582089553 ], [ 76.554244483430793, 11.697953582089553 ], [ 76.554244483430793, 11.697684104477613 ], [ 76.553974990253408, 11.697684104477613 ], [ 76.553974990253408, 11.699031492537314 ], [ 76.554244483430793, 11.699031492537314 ], [ 76.554244483430793, 11.698762014925373 ], [ 76.554513976608177, 11.698762014925373 ], [ 76.554513976608177, 11.699570447761195 ], [ 76.554244483430793, 11.699570447761195 ], [ 76.554244483430793, 11.700109402985076 ], [ 76.554513976608177, 11.700109402985076 ], [ 76.554513976608177, 11.700378880597016 ], [ 76.554244483430793, 11.700378880597016 ], [ 76.554244483430793, 11.700648358208955 ], [ 76.553705497076024, 11.700648358208955 ], [ 76.553705497076024, 11.700917835820896 ], [ 76.553436003898625, 11.700917835820896 ], [ 76.553436003898625, 11.701187313432836 ], [ 76.552897017543856, 11.701187313432836 ], [ 76.552897017543856, 11.700917835820896 ], [ 76.552627524366471, 11.700917835820896 ], [ 76.552627524366471, 11.700648358208955 ], [ 76.552358031189073, 11.700648358208955 ], [ 76.552358031189073, 11.700109402985076 ], [ 76.552088538011688, 11.700109402985076 ], [ 76.552088538011688, 11.700378880597016 ], [ 76.551819044834303, 11.700378880597016 ], [ 76.551819044834303, 11.699839925373135 ], [ 76.551280058479534, 11.699839925373135 ], [ 76.551280058479534, 11.700109402985076 ], [ 76.551549551656919, 11.700109402985076 ], [ 76.551549551656919, 11.701187313432836 ], [ 76.551819044834303, 11.701187313432836 ], [ 76.551819044834303, 11.701726268656717 ], [ 76.552088538011688, 11.701726268656717 ], [ 76.552088538011688, 11.701456791044777 ], [ 76.552358031189073, 11.701456791044777 ], [ 76.552358031189073, 11.701187313432836 ], [ 76.552627524366471, 11.701187313432836 ], [ 76.552627524366471, 11.701726268656717 ], [ 76.552897017543856, 11.701726268656717 ], [ 76.552897017543856, 11.701456791044777 ], [ 76.55316651072124, 11.701456791044777 ], [ 76.55316651072124, 11.701995746268658 ], [ 76.552897017543856, 11.701995746268658 ], [ 76.552897017543856, 11.702265223880598 ], [ 76.552358031189073, 11.702265223880598 ], [ 76.552358031189073, 11.701995746268658 ], [ 76.551549551656919, 11.701995746268658 ], [ 76.551549551656919, 11.701726268656717 ], [ 76.551010565302136, 11.701726268656717 ], [ 76.551010565302136, 11.702265223880598 ], [ 76.551819044834303, 11.702265223880598 ], [ 76.551819044834303, 11.702804179104477 ], [ 76.551280058479534, 11.702804179104477 ], [ 76.551280058479534, 11.703073656716418 ], [ 76.550741072124751, 11.703073656716418 ], [ 76.550741072124751, 11.702804179104477 ], [ 76.550471578947366, 11.702804179104477 ], [ 76.550471578947366, 11.702265223880598 ], [ 76.549663099415199, 11.702265223880598 ], [ 76.549663099415199, 11.701995746268658 ], [ 76.549393606237814, 11.701995746268658 ], [ 76.549393606237814, 11.702265223880598 ], [ 76.549124113060429, 11.702265223880598 ], [ 76.549124113060429, 11.702534701492539 ], [ 76.549932592592583, 11.702534701492539 ], [ 76.549932592592583, 11.703073656716418 ], [ 76.550471578947366, 11.703073656716418 ], [ 76.550471578947366, 11.703343134328358 ], [ 76.550741072124751, 11.703343134328358 ], [ 76.550741072124751, 11.70415156716418 ], [ 76.550471578947366, 11.70415156716418 ], [ 76.550471578947366, 11.70388208955224 ], [ 76.549932592592583, 11.70388208955224 ], [ 76.549932592592583, 11.70415156716418 ], [ 76.549393606237814, 11.70415156716418 ], [ 76.549393606237814, 11.703612611940299 ], [ 76.549124113060429, 11.703612611940299 ], [ 76.549124113060429, 11.703343134328358 ], [ 76.548854619883031, 11.703343134328358 ], [ 76.548854619883031, 11.70388208955224 ], [ 76.548315633528262, 11.70388208955224 ], [ 76.548315633528262, 11.70415156716418 ], [ 76.547776647173478, 11.70415156716418 ], [ 76.547776647173478, 11.704421044776121 ], [ 76.547237660818709, 11.704421044776121 ], [ 76.547237660818709, 11.704690522388061 ], [ 76.54669867446394, 11.704690522388061 ], [ 76.54669867446394, 11.704421044776121 ], [ 76.546159688109157, 11.704421044776121 ], [ 76.546159688109157, 11.704690522388061 ], [ 76.545890194931772, 11.704690522388061 ], [ 76.545890194931772, 11.704421044776121 ], [ 76.545351208576989, 11.704421044776121 ], [ 76.545351208576989, 11.704690522388061 ], [ 76.544273235867436, 11.704690522388061 ], [ 76.544273235867436, 11.70496 ], [ 76.543734249512667, 11.70496 ], [ 76.543734249512667, 11.70522947761194 ], [ 76.542925769980499, 11.70522947761194 ], [ 76.542925769980499, 11.705498955223881 ], [ 76.54238678362573, 11.705498955223881 ], [ 76.54238678362573, 11.705768432835821 ], [ 76.541847797270947, 11.705768432835821 ], [ 76.541847797270947, 11.706037910447762 ], [ 76.541039317738793, 11.706037910447762 ], [ 76.541039317738793, 11.706307388059702 ], [ 76.54050033138401, 11.706307388059702 ], [ 76.54050033138401, 11.706576865671643 ], [ 76.539961345029241, 11.706576865671643 ], [ 76.539961345029241, 11.706846343283583 ], [ 76.539691851851842, 11.706846343283583 ], [ 76.539691851851842, 11.706576865671643 ], [ 76.539422358674457, 11.706576865671643 ], [ 76.539422358674457, 11.706307388059702 ], [ 76.539152865497073, 11.706307388059702 ], [ 76.539152865497073, 11.706576865671643 ], [ 76.538613879142289, 11.706576865671643 ], [ 76.538613879142289, 11.706037910447762 ], [ 76.53807489278752, 11.706037910447762 ], [ 76.53807489278752, 11.705768432835821 ], [ 76.537535906432751, 11.705768432835821 ], [ 76.537535906432751, 11.706037910447762 ], [ 76.537266413255352, 11.706037910447762 ], [ 76.537266413255352, 11.706846343283583 ], [ 76.536996920077968, 11.706846343283583 ], [ 76.536996920077968, 11.707115820895524 ], [ 76.536727426900583, 11.707115820895524 ], [ 76.536727426900583, 11.707385298507463 ], [ 76.536457933723199, 11.707385298507463 ], [ 76.536457933723199, 11.707654776119403 ], [ 76.5361884405458, 11.707654776119403 ], [ 76.5361884405458, 11.707924253731344 ], [ 76.535649454191031, 11.707924253731344 ], [ 76.535649454191031, 11.708193731343284 ], [ 76.534571481481478, 11.708193731343284 ], [ 76.534571481481478, 11.708463208955225 ], [ 76.53376300194931, 11.708463208955225 ], [ 76.53376300194931, 11.708193731343284 ], [ 76.533493508771926, 11.708193731343284 ], [ 76.533493508771926, 11.709002164179106 ], [ 76.53376300194931, 11.709002164179106 ], [ 76.53376300194931, 11.708732686567165 ], [ 76.534032495126695, 11.708732686567165 ], [ 76.534032495126695, 11.709271641791046 ], [ 76.53376300194931, 11.709271641791046 ], [ 76.53376300194931, 11.709541119402985 ], [ 76.533493508771926, 11.709541119402985 ], [ 76.533493508771926, 11.709810597014926 ], [ 76.530798576998052, 11.709810597014926 ], [ 76.530798576998052, 11.710080074626866 ], [ 76.529720604288499, 11.710080074626866 ], [ 76.529720604288499, 11.709810597014926 ], [ 76.529990097465884, 11.709810597014926 ], [ 76.529990097465884, 11.709541119402985 ], [ 76.529720604288499, 11.709541119402985 ], [ 76.529720604288499, 11.708732686567165 ], [ 76.528912124756332, 11.708732686567165 ], [ 76.528912124756332, 11.709002164179106 ], [ 76.528373138401562, 11.709002164179106 ], [ 76.528373138401562, 11.709271641791046 ], [ 76.528103645224164, 11.709271641791046 ], [ 76.528103645224164, 11.709002164179106 ], [ 76.527834152046779, 11.709002164179106 ], [ 76.527834152046779, 11.709271641791046 ], [ 76.527564658869395, 11.709271641791046 ], [ 76.527564658869395, 11.709810597014926 ], [ 76.52729516569201, 11.709810597014926 ], [ 76.52729516569201, 11.709541119402985 ], [ 76.527025672514611, 11.709541119402985 ], [ 76.527025672514611, 11.708732686567165 ], [ 76.526486686159842, 11.708732686567165 ], [ 76.526486686159842, 11.709002164179106 ], [ 76.526217192982458, 11.709002164179106 ], [ 76.526217192982458, 11.709271641791046 ], [ 76.525947699805059, 11.709271641791046 ], [ 76.525947699805059, 11.709541119402985 ], [ 76.52540871345029, 11.709541119402985 ], [ 76.52540871345029, 11.709810597014926 ], [ 76.524869727095506, 11.709810597014926 ], [ 76.524869727095506, 11.709541119402985 ], [ 76.524600233918122, 11.709541119402985 ], [ 76.524600233918122, 11.709002164179106 ], [ 76.524869727095506, 11.709002164179106 ], [ 76.524869727095506, 11.708463208955225 ], [ 76.525139220272905, 11.708463208955225 ], [ 76.525139220272905, 11.707924253731344 ], [ 76.52540871345029, 11.707924253731344 ], [ 76.52540871345029, 11.707115820895524 ], [ 76.525678206627674, 11.707115820895524 ], [ 76.525678206627674, 11.706846343283583 ], [ 76.52540871345029, 11.706846343283583 ], [ 76.52540871345029, 11.705768432835821 ], [ 76.525139220272905, 11.705768432835821 ], [ 76.525139220272905, 11.70522947761194 ], [ 76.52540871345029, 11.70522947761194 ], [ 76.52540871345029, 11.704690522388061 ], [ 76.526217192982458, 11.704690522388061 ], [ 76.526217192982458, 11.70496 ], [ 76.525947699805059, 11.70496 ], [ 76.525947699805059, 11.70522947761194 ], [ 76.526756179337227, 11.70522947761194 ], [ 76.526756179337227, 11.704421044776121 ], [ 76.526486686159842, 11.704421044776121 ], [ 76.526486686159842, 11.702534701492539 ], [ 76.526756179337227, 11.702534701492539 ], [ 76.526756179337227, 11.701187313432836 ], [ 76.527025672514611, 11.701187313432836 ], [ 76.527025672514611, 11.700917835820896 ], [ 76.52729516569201, 11.700917835820896 ], [ 76.52729516569201, 11.700378880597016 ], [ 76.527834152046779, 11.700378880597016 ], [ 76.527834152046779, 11.699839925373135 ], [ 76.528103645224164, 11.699839925373135 ], [ 76.528103645224164, 11.699031492537314 ], [ 76.528642631578947, 11.699031492537314 ], [ 76.528642631578947, 11.698762014925373 ], [ 76.529181617933716, 11.698762014925373 ], [ 76.529181617933716, 11.698492537313433 ], [ 76.529451111111101, 11.698492537313433 ], [ 76.529451111111101, 11.698762014925373 ], [ 76.529720604288499, 11.698762014925373 ], [ 76.529720604288499, 11.698223059701494 ], [ 76.529990097465884, 11.698223059701494 ], [ 76.529990097465884, 11.697684104477613 ], [ 76.529720604288499, 11.697684104477613 ], [ 76.529720604288499, 11.697953582089553 ], [ 76.529181617933716, 11.697953582089553 ], [ 76.529181617933716, 11.697684104477613 ], [ 76.528373138401562, 11.697684104477613 ], [ 76.528373138401562, 11.697414626865672 ], [ 76.528103645224164, 11.697414626865672 ], [ 76.528103645224164, 11.697953582089553 ], [ 76.527834152046779, 11.697953582089553 ], [ 76.527834152046779, 11.698762014925373 ], [ 76.527564658869395, 11.698762014925373 ], [ 76.527564658869395, 11.699300970149254 ], [ 76.52729516569201, 11.699300970149254 ], [ 76.52729516569201, 11.699839925373135 ], [ 76.527025672514611, 11.699839925373135 ], [ 76.527025672514611, 11.700378880597016 ], [ 76.526756179337227, 11.700378880597016 ], [ 76.526756179337227, 11.700648358208955 ], [ 76.526486686159842, 11.700648358208955 ], [ 76.526486686159842, 11.700917835820896 ], [ 76.526217192982458, 11.700917835820896 ], [ 76.526217192982458, 11.700648358208955 ], [ 76.52540871345029, 11.700648358208955 ], [ 76.52540871345029, 11.701187313432836 ], [ 76.525139220272905, 11.701187313432836 ], [ 76.525139220272905, 11.701456791044777 ], [ 76.524869727095506, 11.701456791044777 ], [ 76.524869727095506, 11.701995746268658 ], [ 76.524600233918122, 11.701995746268658 ], [ 76.524600233918122, 11.702265223880598 ], [ 76.524330740740737, 11.702265223880598 ], [ 76.524330740740737, 11.702534701492539 ], [ 76.524061247563353, 11.702534701492539 ], [ 76.524061247563353, 11.702265223880598 ], [ 76.523522261208569, 11.702265223880598 ], [ 76.523522261208569, 11.701995746268658 ], [ 76.522713781676416, 11.701995746268658 ], [ 76.522713781676416, 11.702804179104477 ], [ 76.522444288499017, 11.702804179104477 ], [ 76.522444288499017, 11.703073656716418 ], [ 76.522174795321632, 11.703073656716418 ], [ 76.522174795321632, 11.702804179104477 ], [ 76.521905302144248, 11.702804179104477 ], [ 76.521905302144248, 11.702265223880598 ], [ 76.521635808966863, 11.702265223880598 ], [ 76.521635808966863, 11.701995746268658 ], [ 76.521366315789464, 11.701995746268658 ], [ 76.521366315789464, 11.702265223880598 ], [ 76.52109682261208, 11.702265223880598 ], [ 76.52109682261208, 11.701995746268658 ], [ 76.520827329434695, 11.701995746268658 ], [ 76.520827329434695, 11.702265223880598 ], [ 76.520288343079912, 11.702265223880598 ], [ 76.520288343079912, 11.702534701492539 ], [ 76.520018849902527, 11.702534701492539 ], [ 76.520018849902527, 11.702265223880598 ], [ 76.519479863547758, 11.702265223880598 ], [ 76.519479863547758, 11.701995746268658 ], [ 76.520018849902527, 11.701995746268658 ], [ 76.520018849902527, 11.701187313432836 ], [ 76.520288343079912, 11.701187313432836 ], [ 76.520288343079912, 11.699570447761195 ], [ 76.519479863547758, 11.699570447761195 ], [ 76.519479863547758, 11.699839925373135 ], [ 76.518940877192975, 11.699839925373135 ], [ 76.518940877192975, 11.700109402985076 ], [ 76.517862904483422, 11.700109402985076 ], [ 76.517862904483422, 11.699839925373135 ], [ 76.517323918128653, 11.699839925373135 ], [ 76.517323918128653, 11.700109402985076 ], [ 76.51678493177387, 11.700109402985076 ], [ 76.51678493177387, 11.700648358208955 ], [ 76.516245945419101, 11.700648358208955 ], [ 76.516245945419101, 11.700378880597016 ], [ 76.515976452241716, 11.700378880597016 ], [ 76.515976452241716, 11.700917835820896 ], [ 76.515437465886933, 11.700917835820896 ], [ 76.515437465886933, 11.701187313432836 ], [ 76.514628986354765, 11.701187313432836 ], [ 76.514628986354765, 11.700109402985076 ], [ 76.515167972709548, 11.700109402985076 ], [ 76.515167972709548, 11.699570447761195 ], [ 76.514898479532164, 11.699570447761195 ], [ 76.514898479532164, 11.699300970149254 ], [ 76.514628986354765, 11.699300970149254 ], [ 76.514628986354765, 11.697684104477613 ], [ 76.515167972709548, 11.697684104477613 ], [ 76.515167972709548, 11.697953582089553 ], [ 76.515437465886933, 11.697953582089553 ], [ 76.515437465886933, 11.698223059701494 ], [ 76.515706959064318, 11.698223059701494 ], [ 76.515706959064318, 11.697953582089553 ], [ 76.515976452241716, 11.697953582089553 ], [ 76.515976452241716, 11.698223059701494 ], [ 76.516515438596485, 11.698223059701494 ], [ 76.516515438596485, 11.698492537313433 ], [ 76.517323918128653, 11.698492537313433 ], [ 76.517323918128653, 11.698762014925373 ], [ 76.517593411306038, 11.698762014925373 ], [ 76.517593411306038, 11.699031492537314 ], [ 76.517323918128653, 11.699031492537314 ], [ 76.517323918128653, 11.699300970149254 ], [ 76.518401890838206, 11.699300970149254 ], [ 76.518401890838206, 11.699570447761195 ], [ 76.51867138401559, 11.699570447761195 ], [ 76.51867138401559, 11.698492537313433 ], [ 76.519479863547758, 11.698492537313433 ], [ 76.519479863547758, 11.698762014925373 ], [ 76.519749356725143, 11.698762014925373 ], [ 76.519749356725143, 11.698492537313433 ], [ 76.520018849902527, 11.698492537313433 ], [ 76.520018849902527, 11.698223059701494 ], [ 76.520827329434695, 11.698223059701494 ], [ 76.520827329434695, 11.697953582089553 ], [ 76.52109682261208, 11.697953582089553 ], [ 76.52109682261208, 11.697684104477613 ], [ 76.521635808966863, 11.697684104477613 ], [ 76.521635808966863, 11.697414626865672 ], [ 76.520827329434695, 11.697414626865672 ], [ 76.520827329434695, 11.697145149253732 ], [ 76.52109682261208, 11.697145149253732 ], [ 76.52109682261208, 11.696606194029851 ], [ 76.520288343079912, 11.696606194029851 ], [ 76.520288343079912, 11.696067238805972 ], [ 76.51867138401559, 11.696067238805972 ], [ 76.51867138401559, 11.696875671641791 ], [ 76.518940877192975, 11.696875671641791 ], [ 76.518940877192975, 11.697145149253732 ], [ 76.518132397660821, 11.697145149253732 ], [ 76.518132397660821, 11.696875671641791 ], [ 76.517323918128653, 11.696875671641791 ], [ 76.517323918128653, 11.697145149253732 ], [ 76.517054424951269, 11.697145149253732 ], [ 76.517054424951269, 11.696875671641791 ], [ 76.51678493177387, 11.696875671641791 ], [ 76.51678493177387, 11.69633671641791 ], [ 76.516515438596485, 11.69633671641791 ], [ 76.516515438596485, 11.696067238805972 ], [ 76.516245945419101, 11.696067238805972 ], [ 76.516245945419101, 11.69633671641791 ], [ 76.515437465886933, 11.69633671641791 ], [ 76.515437465886933, 11.696606194029851 ], [ 76.514628986354765, 11.696606194029851 ], [ 76.514628986354765, 11.695528283582091 ], [ 76.514898479532164, 11.695528283582091 ], [ 76.514898479532164, 11.69525880597015 ], [ 76.515706959064318, 11.69525880597015 ], [ 76.515706959064318, 11.69498932835821 ], [ 76.515976452241716, 11.69498932835821 ], [ 76.515976452241716, 11.694719850746269 ], [ 76.516515438596485, 11.694719850746269 ], [ 76.516515438596485, 11.694450373134329 ], [ 76.51678493177387, 11.694450373134329 ], [ 76.51678493177387, 11.694719850746269 ], [ 76.517054424951269, 11.694719850746269 ], [ 76.517054424951269, 11.694450373134329 ], [ 76.517323918128653, 11.694450373134329 ], [ 76.517323918128653, 11.694180895522388 ], [ 76.518401890838206, 11.694180895522388 ], [ 76.518401890838206, 11.694450373134329 ], [ 76.51867138401559, 11.694450373134329 ], [ 76.51867138401559, 11.694180895522388 ], [ 76.520557836257311, 11.694180895522388 ], [ 76.520557836257311, 11.693911417910449 ], [ 76.520827329434695, 11.693911417910449 ], [ 76.520827329434695, 11.694180895522388 ], [ 76.52109682261208, 11.694180895522388 ], [ 76.52109682261208, 11.694450373134329 ], [ 76.521366315789464, 11.694450373134329 ], [ 76.521366315789464, 11.694719850746269 ], [ 76.522174795321632, 11.694719850746269 ], [ 76.522174795321632, 11.694450373134329 ], [ 76.523522261208569, 11.694450373134329 ], [ 76.523522261208569, 11.694719850746269 ], [ 76.524061247563353, 11.694719850746269 ], [ 76.524061247563353, 11.694450373134329 ], [ 76.524600233918122, 11.694450373134329 ], [ 76.524600233918122, 11.694180895522388 ], [ 76.525139220272905, 11.694180895522388 ], [ 76.525139220272905, 11.694450373134329 ], [ 76.525678206627674, 11.694450373134329 ], [ 76.525678206627674, 11.694719850746269 ], [ 76.525947699805059, 11.694719850746269 ], [ 76.525947699805059, 11.69498932835821 ], [ 76.526217192982458, 11.69498932835821 ], [ 76.526217192982458, 11.695797761194031 ], [ 76.526486686159842, 11.695797761194031 ], [ 76.526486686159842, 11.696067238805972 ], [ 76.525947699805059, 11.696067238805972 ], [ 76.525947699805059, 11.696606194029851 ], [ 76.526217192982458, 11.696606194029851 ], [ 76.526217192982458, 11.696875671641791 ], [ 76.527834152046779, 11.696875671641791 ], [ 76.527834152046779, 11.696606194029851 ], [ 76.52729516569201, 11.696606194029851 ], [ 76.52729516569201, 11.696067238805972 ], [ 76.527025672514611, 11.696067238805972 ], [ 76.527025672514611, 11.69525880597015 ], [ 76.52729516569201, 11.69525880597015 ], [ 76.52729516569201, 11.694719850746269 ], [ 76.527025672514611, 11.694719850746269 ], [ 76.527025672514611, 11.693102985074628 ], [ 76.528642631578947, 11.693102985074628 ], [ 76.528642631578947, 11.692833507462687 ], [ 76.528912124756332, 11.692833507462687 ], [ 76.528912124756332, 11.692564029850747 ], [ 76.529451111111101, 11.692564029850747 ], [ 76.529451111111101, 11.692294552238806 ], [ 76.529990097465884, 11.692294552238806 ], [ 76.529990097465884, 11.692564029850747 ], [ 76.530798576998052, 11.692564029850747 ], [ 76.530798576998052, 11.693102985074628 ], [ 76.531337563352821, 11.693102985074628 ], [ 76.531337563352821, 11.692564029850747 ], [ 76.531876549707604, 11.692564029850747 ], [ 76.531876549707604, 11.692294552238806 ], [ 76.532146042884989, 11.692294552238806 ], [ 76.532146042884989, 11.692025074626866 ], [ 76.532954522417157, 11.692025074626866 ], [ 76.532954522417157, 11.692294552238806 ], [ 76.534301988304094, 11.692294552238806 ], [ 76.534301988304094, 11.692564029850747 ], [ 76.535379961013646, 11.692564029850747 ], [ 76.535379961013646, 11.692294552238806 ], [ 76.535649454191031, 11.692294552238806 ], [ 76.535649454191031, 11.692564029850747 ], [ 76.5361884405458, 11.692564029850747 ], [ 76.5361884405458, 11.692833507462687 ], [ 76.536996920077968, 11.692833507462687 ], [ 76.536996920077968, 11.692564029850747 ], [ 76.536727426900583, 11.692564029850747 ], [ 76.536727426900583, 11.692294552238806 ], [ 76.535918947368415, 11.692294552238806 ], [ 76.535918947368415, 11.692025074626866 ], [ 76.535649454191031, 11.692025074626866 ], [ 76.535649454191031, 11.691755597014927 ], [ 76.535379961013646, 11.691755597014927 ], [ 76.535379961013646, 11.691486119402986 ], [ 76.534840974658863, 11.691486119402986 ], [ 76.534840974658863, 11.691216641791046 ], [ 76.534301988304094, 11.691216641791046 ], [ 76.534301988304094, 11.690677686567165 ], [ 76.534571481481478, 11.690677686567165 ], [ 76.534571481481478, 11.690138731343284 ], [ 76.534032495126695, 11.690138731343284 ], [ 76.534032495126695, 11.690408208955224 ], [ 76.53376300194931, 11.690408208955224 ], [ 76.53376300194931, 11.690947164179105 ], [ 76.533224015594541, 11.690947164179105 ], [ 76.533224015594541, 11.690408208955224 ], [ 76.532685029239758, 11.690408208955224 ], [ 76.532685029239758, 11.690947164179105 ], [ 76.531607056530206, 11.690947164179105 ], [ 76.531607056530206, 11.690677686567165 ], [ 76.531337563352821, 11.690677686567165 ], [ 76.531337563352821, 11.690408208955224 ], [ 76.531068070175436, 11.690408208955224 ], [ 76.531068070175436, 11.690138731343284 ], [ 76.530529083820653, 11.690138731343284 ], [ 76.530529083820653, 11.690408208955224 ], [ 76.530259590643269, 11.690408208955224 ], [ 76.530259590643269, 11.690138731343284 ], [ 76.529720604288499, 11.690138731343284 ], [ 76.529720604288499, 11.689869253731343 ], [ 76.529990097465884, 11.689869253731343 ], [ 76.529990097465884, 11.689599776119405 ], [ 76.529451111111101, 11.689599776119405 ], [ 76.529451111111101, 11.689330298507464 ], [ 76.529181617933716, 11.689330298507464 ], [ 76.529181617933716, 11.689060820895524 ], [ 76.528912124756332, 11.689060820895524 ], [ 76.528912124756332, 11.688791343283583 ], [ 76.528373138401562, 11.688791343283583 ], [ 76.528373138401562, 11.688521865671643 ], [ 76.527025672514611, 11.688521865671643 ], [ 76.527025672514611, 11.687982910447761 ], [ 76.526756179337227, 11.687982910447761 ], [ 76.526756179337227, 11.687443955223882 ], [ 76.526486686159842, 11.687443955223882 ], [ 76.526486686159842, 11.687174477611942 ], [ 76.526756179337227, 11.687174477611942 ], [ 76.526756179337227, 11.686905 ], [ 76.527025672514611, 11.686905 ], [ 76.527025672514611, 11.68636604477612 ], [ 76.526217192982458, 11.68636604477612 ], [ 76.526217192982458, 11.68609656716418 ], [ 76.525947699805059, 11.68609656716418 ], [ 76.525947699805059, 11.685557611940299 ], [ 76.524061247563353, 11.685557611940299 ], [ 76.524061247563353, 11.685018656716419 ], [ 76.523791754385954, 11.685018656716419 ], [ 76.523791754385954, 11.684749179104479 ], [ 76.524061247563353, 11.684749179104479 ], [ 76.524061247563353, 11.684479701492538 ], [ 76.523252768031185, 11.684479701492538 ], [ 76.523252768031185, 11.684210223880598 ], [ 76.5229832748538, 11.684210223880598 ], [ 76.5229832748538, 11.683940746268657 ], [ 76.522444288499017, 11.683940746268657 ], [ 76.522444288499017, 11.683671268656717 ], [ 76.521905302144248, 11.683671268656717 ], [ 76.521905302144248, 11.683401791044776 ], [ 76.521635808966863, 11.683401791044776 ], [ 76.521635808966863, 11.683671268656717 ], [ 76.521366315789464, 11.683671268656717 ], [ 76.521366315789464, 11.684210223880598 ], [ 76.520827329434695, 11.684210223880598 ], [ 76.520827329434695, 11.684479701492538 ], [ 76.52109682261208, 11.684479701492538 ], [ 76.52109682261208, 11.685018656716419 ], [ 76.520557836257311, 11.685018656716419 ], [ 76.520557836257311, 11.685288134328358 ], [ 76.520288343079912, 11.685288134328358 ], [ 76.520288343079912, 11.685018656716419 ], [ 76.520018849902527, 11.685018656716419 ], [ 76.520018849902527, 11.684749179104479 ], [ 76.519210370370359, 11.684749179104479 ], [ 76.519210370370359, 11.684479701492538 ], [ 76.518401890838206, 11.684479701492538 ], [ 76.518401890838206, 11.683671268656717 ], [ 76.51867138401559, 11.683671268656717 ], [ 76.51867138401559, 11.683401791044776 ], [ 76.519210370370359, 11.683401791044776 ], [ 76.519210370370359, 11.683132313432836 ], [ 76.520288343079912, 11.683132313432836 ], [ 76.520288343079912, 11.682862835820897 ], [ 76.520827329434695, 11.682862835820897 ], [ 76.520827329434695, 11.683132313432836 ], [ 76.521366315789464, 11.683132313432836 ], [ 76.521366315789464, 11.682593358208957 ], [ 76.52109682261208, 11.682593358208957 ], [ 76.52109682261208, 11.682054402985075 ], [ 76.521905302144248, 11.682054402985075 ], [ 76.521905302144248, 11.681515447761194 ], [ 76.522174795321632, 11.681515447761194 ], [ 76.522174795321632, 11.681245970149254 ], [ 76.523252768031185, 11.681245970149254 ], [ 76.523252768031185, 11.681515447761194 ], [ 76.523791754385954, 11.681515447761194 ], [ 76.523791754385954, 11.681245970149254 ], [ 76.524600233918122, 11.681245970149254 ], [ 76.524600233918122, 11.680976492537313 ], [ 76.524869727095506, 11.680976492537313 ], [ 76.524869727095506, 11.680707014925375 ], [ 76.525139220272905, 11.680707014925375 ], [ 76.525139220272905, 11.680437537313434 ], [ 76.52729516569201, 11.680437537313434 ], [ 76.52729516569201, 11.680168059701494 ], [ 76.528912124756332, 11.680168059701494 ], [ 76.528912124756332, 11.679898582089553 ], [ 76.529451111111101, 11.679898582089553 ], [ 76.529451111111101, 11.679629104477613 ], [ 76.531607056530206, 11.679629104477613 ], [ 76.531607056530206, 11.679359626865672 ], [ 76.532685029239758, 11.679359626865672 ], [ 76.532685029239758, 11.679629104477613 ], [ 76.532954522417157, 11.679629104477613 ], [ 76.532954522417157, 11.679090149253732 ], [ 76.533493508771926, 11.679090149253732 ], [ 76.533493508771926, 11.678820671641791 ], [ 76.5361884405458, 11.678820671641791 ], [ 76.5361884405458, 11.679090149253732 ], [ 76.536727426900583, 11.679090149253732 ], [ 76.536727426900583, 11.678012238805971 ], [ 76.536457933723199, 11.678012238805971 ], [ 76.536457933723199, 11.677742761194031 ], [ 76.536727426900583, 11.677742761194031 ], [ 76.536727426900583, 11.67720380597015 ], [ 76.536457933723199, 11.67720380597015 ], [ 76.536457933723199, 11.676934328358209 ], [ 76.5361884405458, 11.676934328358209 ], [ 76.5361884405458, 11.676664850746269 ], [ 76.536457933723199, 11.676664850746269 ], [ 76.536457933723199, 11.67639537313433 ], [ 76.537266413255352, 11.67639537313433 ], [ 76.537266413255352, 11.676125895522389 ], [ 76.538883372319688, 11.676125895522389 ], [ 76.538883372319688, 11.67639537313433 ], [ 76.539152865497073, 11.67639537313433 ], [ 76.539152865497073, 11.676664850746269 ], [ 76.539422358674457, 11.676664850746269 ], [ 76.539422358674457, 11.67720380597015 ], [ 76.539691851851842, 11.67720380597015 ], [ 76.539691851851842, 11.67747328358209 ], [ 76.541039317738793, 11.67747328358209 ], [ 76.541039317738793, 11.67720380597015 ], [ 76.541578304093562, 11.67720380597015 ], [ 76.541578304093562, 11.67747328358209 ], [ 76.541847797270947, 11.67747328358209 ], [ 76.541847797270947, 11.677742761194031 ], [ 76.541308810916178, 11.677742761194031 ], [ 76.541308810916178, 11.678551194029852 ], [ 76.541578304093562, 11.678551194029852 ], [ 76.541578304093562, 11.679090149253732 ], [ 76.541847797270947, 11.679090149253732 ], [ 76.541847797270947, 11.679359626865672 ], [ 76.541578304093562, 11.679359626865672 ], [ 76.541578304093562, 11.679629104477613 ], [ 76.542117290448346, 11.679629104477613 ], [ 76.542117290448346, 11.679898582089553 ], [ 76.542925769980499, 11.679898582089553 ], [ 76.542925769980499, 11.680168059701494 ], [ 76.543195263157884, 11.680168059701494 ], [ 76.543195263157884, 11.680976492537313 ], [ 76.543464756335283, 11.680976492537313 ], [ 76.543464756335283, 11.680707014925375 ], [ 76.544542729044835, 11.680707014925375 ], [ 76.544542729044835, 11.680976492537313 ], [ 76.54481222222222, 11.680976492537313 ], [ 76.54481222222222, 11.681245970149254 ], [ 76.545081715399604, 11.681245970149254 ], [ 76.545081715399604, 11.681515447761194 ], [ 76.545351208576989, 11.681515447761194 ], [ 76.545351208576989, 11.681245970149254 ], [ 76.545620701754387, 11.681245970149254 ], [ 76.545620701754387, 11.680976492537313 ], [ 76.545351208576989, 11.680976492537313 ], [ 76.545351208576989, 11.680437537313434 ], [ 76.545620701754387, 11.680437537313434 ], [ 76.545620701754387, 11.679898582089553 ], [ 76.545890194931772, 11.679898582089553 ], [ 76.545890194931772, 11.679629104477613 ], [ 76.546159688109157, 11.679629104477613 ], [ 76.546159688109157, 11.679359626865672 ], [ 76.546968167641324, 11.679359626865672 ], [ 76.546968167641324, 11.679629104477613 ], [ 76.547237660818709, 11.679629104477613 ], [ 76.547237660818709, 11.680437537313434 ], [ 76.546968167641324, 11.680437537313434 ], [ 76.546968167641324, 11.680707014925375 ], [ 76.547507153996094, 11.680707014925375 ], [ 76.547507153996094, 11.680168059701494 ], [ 76.547776647173478, 11.680168059701494 ], [ 76.547776647173478, 11.680976492537313 ], [ 76.547507153996094, 11.680976492537313 ], [ 76.547507153996094, 11.681245970149254 ], [ 76.547237660818709, 11.681245970149254 ], [ 76.547237660818709, 11.681515447761194 ], [ 76.546968167641324, 11.681515447761194 ], [ 76.546968167641324, 11.681784925373135 ], [ 76.546429181286541, 11.681784925373135 ], [ 76.546429181286541, 11.682054402985075 ], [ 76.546159688109157, 11.682054402985075 ], [ 76.546159688109157, 11.682323880597016 ], [ 76.547237660818709, 11.682323880597016 ], [ 76.547237660818709, 11.682054402985075 ], [ 76.547507153996094, 11.682054402985075 ], [ 76.547507153996094, 11.682323880597016 ], [ 76.547776647173478, 11.682323880597016 ], [ 76.547776647173478, 11.681515447761194 ], [ 76.548315633528262, 11.681515447761194 ], [ 76.548315633528262, 11.681245970149254 ], [ 76.548585126705646, 11.681245970149254 ], [ 76.548585126705646, 11.680976492537313 ], [ 76.548854619883031, 11.680976492537313 ], [ 76.548854619883031, 11.680707014925375 ], [ 76.549393606237814, 11.680707014925375 ], [ 76.549393606237814, 11.680437537313434 ], [ 76.550202085769982, 11.680437537313434 ], [ 76.550202085769982, 11.680707014925375 ], [ 76.549932592592583, 11.680707014925375 ], [ 76.549932592592583, 11.680976492537313 ], [ 76.550741072124751, 11.680976492537313 ], [ 76.550741072124751, 11.680707014925375 ], [ 76.551010565302136, 11.680707014925375 ], [ 76.551010565302136, 11.679898582089553 ], [ 76.551280058479534, 11.679898582089553 ], [ 76.551280058479534, 11.680707014925375 ], [ 76.551549551656919, 11.680707014925375 ], [ 76.551549551656919, 11.681245970149254 ], [ 76.552358031189073, 11.681245970149254 ], [ 76.552358031189073, 11.680976492537313 ], [ 76.552088538011688, 11.680976492537313 ], [ 76.552088538011688, 11.680437537313434 ], [ 76.552358031189073, 11.680437537313434 ], [ 76.552358031189073, 11.680707014925375 ], [ 76.552627524366471, 11.680707014925375 ], [ 76.552627524366471, 11.679898582089553 ], [ 76.552897017543856, 11.679898582089553 ], [ 76.552897017543856, 11.679629104477613 ], [ 76.553436003898625, 11.679629104477613 ], [ 76.553436003898625, 11.680168059701494 ], [ 76.554513976608177, 11.680168059701494 ], [ 76.554513976608177, 11.680437537313434 ], [ 76.554783469785576, 11.680437537313434 ], [ 76.554783469785576, 11.680707014925375 ], [ 76.555052962962961, 11.680707014925375 ], [ 76.555052962962961, 11.680976492537313 ], [ 76.556130935672513, 11.680976492537313 ], [ 76.556130935672513, 11.681245970149254 ], [ 76.557208908382066, 11.681245970149254 ], [ 76.557208908382066, 11.680707014925375 ], [ 76.558017387914219, 11.680707014925375 ], [ 76.558017387914219, 11.679629104477613 ], [ 76.55747840155945, 11.679629104477613 ], [ 76.55747840155945, 11.679359626865672 ], [ 76.558286881091618, 11.679359626865672 ], [ 76.558286881091618, 11.678820671641791 ], [ 76.557747894736835, 11.678820671641791 ], [ 76.557747894736835, 11.678551194029852 ], [ 76.558825867446387, 11.678551194029852 ], [ 76.558825867446387, 11.678820671641791 ], [ 76.559095360623772, 11.678820671641791 ], [ 76.559095360623772, 11.679629104477613 ], [ 76.559364853801171, 11.679629104477613 ], [ 76.559364853801171, 11.679898582089553 ], [ 76.559095360623772, 11.679898582089553 ], [ 76.559095360623772, 11.680168059701494 ], [ 76.559364853801171, 11.680168059701494 ], [ 76.559364853801171, 11.680707014925375 ], [ 76.559634346978555, 11.680707014925375 ], [ 76.559634346978555, 11.680976492537313 ], [ 76.560442826510723, 11.680976492537313 ], [ 76.560442826510723, 11.680707014925375 ], [ 76.560712319688108, 11.680707014925375 ], [ 76.560712319688108, 11.680976492537313 ], [ 76.561251306042877, 11.680976492537313 ], [ 76.561251306042877, 11.680707014925375 ], [ 76.563137758284597, 11.680707014925375 ], [ 76.563137758284597, 11.680976492537313 ], [ 76.563676744639366, 11.680976492537313 ], [ 76.563676744639366, 11.681245970149254 ], [ 76.56421573099415, 11.681245970149254 ], [ 76.56421573099415, 11.680976492537313 ], [ 76.565024210526317, 11.680976492537313 ], [ 76.565024210526317, 11.680707014925375 ], [ 76.565832690058471, 11.680707014925375 ], [ 76.565832690058471, 11.680976492537313 ], [ 76.566641169590639, 11.680976492537313 ], [ 76.566641169590639, 11.681245970149254 ], [ 76.566910662768024, 11.681245970149254 ], [ 76.566910662768024, 11.681784925373135 ], [ 76.567180155945408, 11.681784925373135 ], [ 76.567180155945408, 11.682323880597016 ], [ 76.567449649122807, 11.682323880597016 ], [ 76.567449649122807, 11.682054402985075 ], [ 76.567719142300191, 11.682054402985075 ], [ 76.567719142300191, 11.681245970149254 ], [ 76.567449649122807, 11.681245970149254 ], [ 76.567449649122807, 11.680976492537313 ], [ 76.567719142300191, 11.680976492537313 ], [ 76.567719142300191, 11.680707014925375 ], [ 76.567449649122807, 11.680707014925375 ], [ 76.567449649122807, 11.680437537313434 ], [ 76.567719142300191, 11.680437537313434 ], [ 76.567719142300191, 11.680168059701494 ], [ 76.566641169590639, 11.680168059701494 ], [ 76.566641169590639, 11.679629104477613 ], [ 76.566371676413254, 11.679629104477613 ], [ 76.566371676413254, 11.678551194029852 ], [ 76.566641169590639, 11.678551194029852 ], [ 76.566641169590639, 11.678012238805971 ], [ 76.566371676413254, 11.678012238805971 ], [ 76.566371676413254, 11.678281716417912 ], [ 76.56610218323587, 11.678281716417912 ], [ 76.56610218323587, 11.678551194029852 ], [ 76.565832690058471, 11.678551194029852 ], [ 76.565832690058471, 11.678281716417912 ], [ 76.565293703703702, 11.678281716417912 ], [ 76.565293703703702, 11.678012238805971 ], [ 76.565024210526317, 11.678012238805971 ], [ 76.565024210526317, 11.676664850746269 ], [ 76.564754717348919, 11.676664850746269 ], [ 76.564754717348919, 11.67639537313433 ], [ 76.565293703703702, 11.67639537313433 ], [ 76.565293703703702, 11.676125895522389 ], [ 76.565024210526317, 11.676125895522389 ], [ 76.565024210526317, 11.675856417910449 ], [ 76.565293703703702, 11.675856417910449 ], [ 76.565293703703702, 11.675317462686568 ], [ 76.565832690058471, 11.675317462686568 ], [ 76.565832690058471, 11.675047985074627 ], [ 76.567719142300191, 11.675047985074627 ], [ 76.567719142300191, 11.675317462686568 ], [ 76.568258128654961, 11.675317462686568 ], [ 76.568258128654961, 11.675586940298508 ], [ 76.568527621832359, 11.675586940298508 ], [ 76.568527621832359, 11.675856417910449 ], [ 76.568797115009744, 11.675856417910449 ], [ 76.568797115009744, 11.676125895522389 ], [ 76.569336101364513, 11.676125895522389 ], [ 76.569336101364513, 11.67639537313433 ], [ 76.570144580896681, 11.67639537313433 ], [ 76.570144580896681, 11.676664850746269 ], [ 76.571761539961003, 11.676664850746269 ], [ 76.571761539961003, 11.676934328358209 ], [ 76.57257001949317, 11.676934328358209 ], [ 76.57257001949317, 11.67720380597015 ], [ 76.573109005847954, 11.67720380597015 ], [ 76.573109005847954, 11.67747328358209 ], [ 76.573378499025338, 11.67747328358209 ], [ 76.573378499025338, 11.678012238805971 ], [ 76.573917485380107, 11.678012238805971 ], [ 76.573917485380107, 11.677742761194031 ], [ 76.574725964912275, 11.677742761194031 ], [ 76.574725964912275, 11.67747328358209 ], [ 76.575534444444443, 11.67747328358209 ], [ 76.575534444444443, 11.67720380597015 ], [ 76.576342923976597, 11.67720380597015 ], [ 76.576342923976597, 11.676934328358209 ], [ 76.577420896686149, 11.676934328358209 ], [ 76.577420896686149, 11.676664850746269 ], [ 76.578229376218317, 11.676664850746269 ], [ 76.578229376218317, 11.67639537313433 ], [ 76.580115828460038, 11.67639537313433 ], [ 76.580115828460038, 11.676664850746269 ], [ 76.580385321637422, 11.676664850746269 ], [ 76.580385321637422, 11.676934328358209 ], [ 76.580924307992191, 11.676934328358209 ], [ 76.580924307992191, 11.67720380597015 ], [ 76.58119380116959, 11.67720380597015 ], [ 76.58119380116959, 11.67639537313433 ], [ 76.580924307992191, 11.67639537313433 ], [ 76.580924307992191, 11.675856417910449 ], [ 76.580654814814807, 11.675856417910449 ], [ 76.580654814814807, 11.675047985074627 ], [ 76.58119380116959, 11.675047985074627 ], [ 76.58119380116959, 11.675317462686568 ], [ 76.581463294346975, 11.675317462686568 ], [ 76.581463294346975, 11.675586940298508 ], [ 76.581732787524359, 11.675586940298508 ], [ 76.581732787524359, 11.675317462686568 ], [ 76.582002280701744, 11.675317462686568 ], [ 76.582002280701744, 11.675047985074627 ], [ 76.583888732943464, 11.675047985074627 ], [ 76.583888732943464, 11.675317462686568 ], [ 76.584158226120849, 11.675317462686568 ], [ 76.584158226120849, 11.675856417910449 ], [ 76.584427719298247, 11.675856417910449 ], [ 76.584427719298247, 11.676664850746269 ], [ 76.584966705653017, 11.676664850746269 ], [ 76.584966705653017, 11.676934328358209 ], [ 76.585236198830401, 11.676934328358209 ], [ 76.585236198830401, 11.67720380597015 ], [ 76.585775185185184, 11.67720380597015 ], [ 76.585775185185184, 11.678012238805971 ], [ 76.5855056920078, 11.678012238805971 ], [ 76.5855056920078, 11.677742761194031 ], [ 76.585236198830401, 11.677742761194031 ], [ 76.585236198830401, 11.678012238805971 ], [ 76.584966705653017, 11.678012238805971 ], [ 76.584966705653017, 11.678281716417912 ], [ 76.584697212475632, 11.678281716417912 ], [ 76.584697212475632, 11.678012238805971 ], [ 76.584158226120849, 11.678012238805971 ], [ 76.584158226120849, 11.678281716417912 ], [ 76.584427719298247, 11.678281716417912 ], [ 76.584427719298247, 11.678820671641791 ], [ 76.586044678362569, 11.678820671641791 ], [ 76.586044678362569, 11.678551194029852 ], [ 76.586853157894737, 11.678551194029852 ], [ 76.586853157894737, 11.678820671641791 ], [ 76.587392144249506, 11.678820671641791 ], [ 76.587392144249506, 11.678551194029852 ], [ 76.587661637426891, 11.678551194029852 ], [ 76.587661637426891, 11.678820671641791 ], [ 76.587931130604289, 11.678820671641791 ], [ 76.587931130604289, 11.679090149253732 ], [ 76.588200623781674, 11.679090149253732 ], [ 76.588200623781674, 11.679898582089553 ], [ 76.587931130604289, 11.679898582089553 ], [ 76.587931130604289, 11.680707014925375 ], [ 76.588470116959058, 11.680707014925375 ], [ 76.588470116959058, 11.680168059701494 ], [ 76.588739610136443, 11.680168059701494 ], [ 76.588739610136443, 11.678551194029852 ], [ 76.589009103313842, 11.678551194029852 ], [ 76.589009103313842, 11.678820671641791 ], [ 76.589817582845996, 11.678820671641791 ], [ 76.589817582845996, 11.679629104477613 ], [ 76.589548089668611, 11.679629104477613 ], [ 76.589548089668611, 11.680976492537313 ], [ 76.589278596491226, 11.680976492537313 ], [ 76.589278596491226, 11.681245970149254 ], [ 76.589009103313842, 11.681245970149254 ], [ 76.589009103313842, 11.681515447761194 ], [ 76.587661637426891, 11.681515447761194 ], [ 76.587661637426891, 11.681245970149254 ], [ 76.587392144249506, 11.681245970149254 ], [ 76.587392144249506, 11.681515447761194 ], [ 76.586583664717338, 11.681515447761194 ], [ 76.586583664717338, 11.681245970149254 ], [ 76.586314171539954, 11.681245970149254 ], [ 76.586314171539954, 11.681515447761194 ], [ 76.586044678362569, 11.681515447761194 ], [ 76.586044678362569, 11.680976492537313 ], [ 76.5855056920078, 11.680976492537313 ], [ 76.5855056920078, 11.681245970149254 ], [ 76.584697212475632, 11.681245970149254 ], [ 76.584697212475632, 11.681515447761194 ], [ 76.584966705653017, 11.681515447761194 ], [ 76.584966705653017, 11.681784925373135 ], [ 76.584427719298247, 11.681784925373135 ], [ 76.584427719298247, 11.682323880597016 ], [ 76.584158226120849, 11.682323880597016 ], [ 76.584158226120849, 11.683401791044776 ], [ 76.584427719298247, 11.683401791044776 ], [ 76.584427719298247, 11.683671268656717 ], [ 76.584697212475632, 11.683671268656717 ], [ 76.584697212475632, 11.683940746268657 ], [ 76.585236198830401, 11.683940746268657 ], [ 76.585236198830401, 11.684210223880598 ], [ 76.5855056920078, 11.684210223880598 ], [ 76.5855056920078, 11.683401791044776 ], [ 76.585775185185184, 11.683401791044776 ], [ 76.585775185185184, 11.684210223880598 ], [ 76.586044678362569, 11.684210223880598 ], [ 76.586044678362569, 11.684479701492538 ], [ 76.585775185185184, 11.684479701492538 ], [ 76.585775185185184, 11.685018656716419 ], [ 76.586314171539954, 11.685018656716419 ], [ 76.586314171539954, 11.684749179104479 ], [ 76.586583664717338, 11.684749179104479 ], [ 76.586583664717338, 11.684479701492538 ], [ 76.586853157894737, 11.684479701492538 ], [ 76.586853157894737, 11.684210223880598 ], [ 76.587392144249506, 11.684210223880598 ], [ 76.587392144249506, 11.684479701492538 ], [ 76.587661637426891, 11.684479701492538 ], [ 76.587661637426891, 11.684749179104479 ], [ 76.588739610136443, 11.684749179104479 ], [ 76.588739610136443, 11.684479701492538 ], [ 76.589009103313842, 11.684479701492538 ], [ 76.589009103313842, 11.682862835820897 ], [ 76.589278596491226, 11.682862835820897 ], [ 76.589278596491226, 11.682593358208957 ], [ 76.589548089668611, 11.682593358208957 ], [ 76.589548089668611, 11.683671268656717 ], [ 76.589817582845996, 11.683671268656717 ], [ 76.589817582845996, 11.684210223880598 ], [ 76.590895555555548, 11.684210223880598 ], [ 76.590895555555548, 11.683940746268657 ], [ 76.591165048732933, 11.683940746268657 ], [ 76.591165048732933, 11.683401791044776 ], [ 76.591704035087716, 11.683401791044776 ], [ 76.591704035087716, 11.683671268656717 ], [ 76.5919735282651, 11.683671268656717 ], [ 76.5919735282651, 11.684210223880598 ], [ 76.591704035087716, 11.684210223880598 ], [ 76.591704035087716, 11.684479701492538 ], [ 76.591434541910331, 11.684479701492538 ], [ 76.591434541910331, 11.684749179104479 ], [ 76.592243021442485, 11.684749179104479 ], [ 76.592243021442485, 11.684479701492538 ], [ 76.593051500974653, 11.684479701492538 ], [ 76.593051500974653, 11.684210223880598 ], [ 76.593320994152037, 11.684210223880598 ], [ 76.593320994152037, 11.683132313432836 ], [ 76.593859980506821, 11.683132313432836 ], [ 76.593859980506821, 11.683401791044776 ], [ 76.594668460038989, 11.683401791044776 ], [ 76.594668460038989, 11.683940746268657 ], [ 76.595476939571142, 11.683940746268657 ], [ 76.595476939571142, 11.684210223880598 ], [ 76.596015925925926, 11.684210223880598 ], [ 76.596015925925926, 11.683940746268657 ], [ 76.596824405458079, 11.683940746268657 ], [ 76.596824405458079, 11.684210223880598 ], [ 76.598171871345031, 11.684210223880598 ], [ 76.598171871345031, 11.684749179104479 ], [ 76.598980350877184, 11.684749179104479 ], [ 76.598980350877184, 11.685018656716419 ], [ 76.599249844054583, 11.685018656716419 ], [ 76.599249844054583, 11.685288134328358 ], [ 76.599788830409352, 11.685288134328358 ], [ 76.599788830409352, 11.685018656716419 ], [ 76.60059730994152, 11.685018656716419 ], [ 76.60059730994152, 11.685288134328358 ], [ 76.601136296296289, 11.685288134328358 ], [ 76.601136296296289, 11.685557611940299 ], [ 76.602483762183226, 11.685557611940299 ], [ 76.602483762183226, 11.685827089552239 ], [ 76.604370214424947, 11.685827089552239 ], [ 76.604370214424947, 11.685288134328358 ], [ 76.604639707602331, 11.685288134328358 ], [ 76.604639707602331, 11.684210223880598 ], [ 76.604909200779716, 11.684210223880598 ], [ 76.604909200779716, 11.683940746268657 ], [ 76.605178693957114, 11.683940746268657 ], [ 76.605178693957114, 11.683671268656717 ], [ 76.604909200779716, 11.683671268656717 ], [ 76.604909200779716, 11.683401791044776 ], [ 76.604100721247562, 11.683401791044776 ], [ 76.604100721247562, 11.683132313432836 ], [ 76.604370214424947, 11.683132313432836 ], [ 76.604370214424947, 11.682323880597016 ], [ 76.604100721247562, 11.682323880597016 ], [ 76.604100721247562, 11.682054402985075 ], [ 76.604370214424947, 11.682054402985075 ], [ 76.604370214424947, 11.681784925373135 ], [ 76.604639707602331, 11.681784925373135 ], [ 76.604639707602331, 11.680976492537313 ], [ 76.604909200779716, 11.680976492537313 ], [ 76.604909200779716, 11.681245970149254 ], [ 76.605178693957114, 11.681245970149254 ], [ 76.605178693957114, 11.681515447761194 ], [ 76.605717680311884, 11.681515447761194 ], [ 76.605717680311884, 11.681784925373135 ], [ 76.605987173489268, 11.681784925373135 ], [ 76.605987173489268, 11.681515447761194 ], [ 76.606526159844051, 11.681515447761194 ], [ 76.606526159844051, 11.681784925373135 ], [ 76.606795653021436, 11.681784925373135 ], [ 76.606795653021436, 11.682054402985075 ], [ 76.607065146198821, 11.682054402985075 ], [ 76.607065146198821, 11.681245970149254 ], [ 76.606795653021436, 11.681245970149254 ], [ 76.606795653021436, 11.680707014925375 ], [ 76.607604132553604, 11.680707014925375 ], [ 76.607604132553604, 11.680437537313434 ], [ 76.608143118908373, 11.680437537313434 ], [ 76.608143118908373, 11.680707014925375 ], [ 76.609221091617925, 11.680707014925375 ], [ 76.609221091617925, 11.680168059701494 ], [ 76.60949058479531, 11.680168059701494 ], [ 76.60949058479531, 11.679898582089553 ], [ 76.608951598440541, 11.679898582089553 ], [ 76.608951598440541, 11.679629104477613 ], [ 76.608412612085772, 11.679629104477613 ], [ 76.608412612085772, 11.679090149253732 ], [ 76.608682105263156, 11.679090149253732 ], [ 76.608682105263156, 11.679359626865672 ], [ 76.609221091617925, 11.679359626865672 ], [ 76.609221091617925, 11.679629104477613 ], [ 76.609760077972709, 11.679629104477613 ], [ 76.609760077972709, 11.679090149253732 ], [ 76.610029571150093, 11.679090149253732 ], [ 76.610029571150093, 11.678551194029852 ], [ 76.610299064327478, 11.678551194029852 ], [ 76.610299064327478, 11.678281716417912 ], [ 76.609760077972709, 11.678281716417912 ], [ 76.609760077972709, 11.678551194029852 ], [ 76.60949058479531, 11.678551194029852 ], [ 76.60949058479531, 11.67747328358209 ], [ 76.609221091617925, 11.67747328358209 ], [ 76.609221091617925, 11.676934328358209 ], [ 76.608951598440541, 11.676934328358209 ], [ 76.608951598440541, 11.67720380597015 ], [ 76.608682105263156, 11.67720380597015 ], [ 76.608682105263156, 11.67747328358209 ], [ 76.608951598440541, 11.67747328358209 ], [ 76.608951598440541, 11.678012238805971 ], [ 76.608682105263156, 11.678012238805971 ], [ 76.608682105263156, 11.678281716417912 ], [ 76.608412612085772, 11.678281716417912 ], [ 76.608412612085772, 11.678551194029852 ], [ 76.607873625730988, 11.678551194029852 ], [ 76.607873625730988, 11.678820671641791 ], [ 76.607065146198821, 11.678820671641791 ], [ 76.607065146198821, 11.679090149253732 ], [ 76.606526159844051, 11.679090149253732 ], [ 76.606526159844051, 11.679359626865672 ], [ 76.605987173489268, 11.679359626865672 ], [ 76.605987173489268, 11.679629104477613 ], [ 76.605717680311884, 11.679629104477613 ], [ 76.605717680311884, 11.679090149253732 ], [ 76.605178693957114, 11.679090149253732 ], [ 76.605178693957114, 11.679359626865672 ], [ 76.604100721247562, 11.679359626865672 ], [ 76.604100721247562, 11.678820671641791 ], [ 76.603831228070177, 11.678820671641791 ], [ 76.603831228070177, 11.676934328358209 ], [ 76.604639707602331, 11.676934328358209 ], [ 76.604639707602331, 11.67720380597015 ], [ 76.605987173489268, 11.67720380597015 ], [ 76.605987173489268, 11.676934328358209 ], [ 76.606795653021436, 11.676934328358209 ], [ 76.606795653021436, 11.676664850746269 ], [ 76.607873625730988, 11.676664850746269 ], [ 76.607873625730988, 11.67639537313433 ], [ 76.608682105263156, 11.67639537313433 ], [ 76.608682105263156, 11.676125895522389 ], [ 76.609221091617925, 11.676125895522389 ], [ 76.609221091617925, 11.67639537313433 ], [ 76.60949058479531, 11.67639537313433 ], [ 76.60949058479531, 11.676664850746269 ], [ 76.609760077972709, 11.676664850746269 ], [ 76.609760077972709, 11.676125895522389 ], [ 76.61137703703703, 11.676125895522389 ], [ 76.61137703703703, 11.67639537313433 ], [ 76.611646530214415, 11.67639537313433 ], [ 76.611646530214415, 11.676664850746269 ], [ 76.611916023391814, 11.676664850746269 ], [ 76.611916023391814, 11.676934328358209 ], [ 76.612185516569198, 11.676934328358209 ], [ 76.612185516569198, 11.67720380597015 ], [ 76.612724502923967, 11.67720380597015 ], [ 76.612724502923967, 11.67747328358209 ], [ 76.61380247563352, 11.67747328358209 ], [ 76.61380247563352, 11.677742761194031 ], [ 76.614341461988303, 11.677742761194031 ], [ 76.614341461988303, 11.678012238805971 ], [ 76.614610955165688, 11.678012238805971 ], [ 76.614610955165688, 11.678281716417912 ], [ 76.614880448343072, 11.678281716417912 ], [ 76.614880448343072, 11.678551194029852 ], [ 76.615419434697856, 11.678551194029852 ], [ 76.615419434697856, 11.678820671641791 ], [ 76.615149941520457, 11.678820671641791 ], [ 76.615149941520457, 11.679090149253732 ], [ 76.614880448343072, 11.679090149253732 ], [ 76.614880448343072, 11.679359626865672 ], [ 76.615419434697856, 11.679359626865672 ], [ 76.615419434697856, 11.679090149253732 ], [ 76.615958421052625, 11.679090149253732 ], [ 76.615958421052625, 11.679359626865672 ], [ 76.616227914230009, 11.679359626865672 ], [ 76.616227914230009, 11.679090149253732 ], [ 76.616766900584793, 11.679090149253732 ], [ 76.616766900584793, 11.679359626865672 ], [ 76.617036393762177, 11.679359626865672 ], [ 76.617036393762177, 11.678820671641791 ], [ 76.619192339181282, 11.678820671641791 ], [ 76.619192339181282, 11.678551194029852 ], [ 76.621617777777772, 11.678551194029852 ], [ 76.621617777777772, 11.678281716417912 ], [ 76.622695750487324, 11.678281716417912 ], [ 76.622695750487324, 11.678551194029852 ], [ 76.624043216374261, 11.678551194029852 ], [ 76.624043216374261, 11.678820671641791 ], [ 76.624312709551646, 11.678820671641791 ], [ 76.624312709551646, 11.679090149253732 ], [ 76.624582202729044, 11.679090149253732 ], [ 76.624582202729044, 11.679359626865672 ], [ 76.625121189083814, 11.679359626865672 ], [ 76.625121189083814, 11.679090149253732 ], [ 76.625390682261198, 11.679090149253732 ], [ 76.625390682261198, 11.678820671641791 ], [ 76.625660175438597, 11.678820671641791 ], [ 76.625660175438597, 11.679090149253732 ], [ 76.625929668615981, 11.679090149253732 ], [ 76.625929668615981, 11.679629104477613 ], [ 76.626468654970751, 11.679629104477613 ], [ 76.626468654970751, 11.679898582089553 ], [ 76.627007641325534, 11.679898582089553 ], [ 76.627007641325534, 11.680168059701494 ], [ 76.627277134502918, 11.680168059701494 ], [ 76.627277134502918, 11.680976492537313 ], [ 76.627546627680303, 11.680976492537313 ], [ 76.627546627680303, 11.681245970149254 ], [ 76.627816120857702, 11.681245970149254 ], [ 76.627816120857702, 11.681784925373135 ], [ 76.628085614035086, 11.681784925373135 ], [ 76.628085614035086, 11.682054402985075 ], [ 76.628355107212471, 11.682054402985075 ], [ 76.628355107212471, 11.682323880597016 ], [ 76.628624600389855, 11.682323880597016 ], [ 76.628624600389855, 11.682593358208957 ], [ 76.62889409356724, 11.682593358208957 ], [ 76.62889409356724, 11.682054402985075 ], [ 76.629163586744639, 11.682054402985075 ], [ 76.629163586744639, 11.681784925373135 ], [ 76.629702573099408, 11.681784925373135 ], [ 76.629702573099408, 11.681515447761194 ], [ 76.629972066276792, 11.681515447761194 ], [ 76.629972066276792, 11.680707014925375 ], [ 76.630241559454191, 11.680707014925375 ], [ 76.630241559454191, 11.680437537313434 ], [ 76.630511052631576, 11.680437537313434 ], [ 76.630511052631576, 11.680707014925375 ], [ 76.631050038986345, 11.680707014925375 ], [ 76.631050038986345, 11.680976492537313 ], [ 76.631319532163744, 11.680976492537313 ], [ 76.631319532163744, 11.680707014925375 ], [ 76.631589025341128, 11.680707014925375 ], [ 76.631589025341128, 11.680168059701494 ], [ 76.631858518518513, 11.680168059701494 ], [ 76.631858518518513, 11.679898582089553 ], [ 76.632128011695897, 11.679898582089553 ], [ 76.632128011695897, 11.679629104477613 ], [ 76.632397504873296, 11.679629104477613 ], [ 76.632397504873296, 11.679359626865672 ], [ 76.632666998050681, 11.679359626865672 ], [ 76.632666998050681, 11.679090149253732 ], [ 76.632936491228065, 11.679090149253732 ], [ 76.632936491228065, 11.678820671641791 ], [ 76.633475477582834, 11.678820671641791 ], [ 76.633475477582834, 11.677742761194031 ], [ 76.633744970760233, 11.677742761194031 ], [ 76.633744970760233, 11.67747328358209 ], [ 76.638865341130597, 11.67747328358209 ], [ 76.638865341130597, 11.67720380597015 ], [ 76.639943313840149, 11.67720380597015 ], [ 76.639943313840149, 11.67747328358209 ], [ 76.640212807017534, 11.67747328358209 ], [ 76.640212807017534, 11.677742761194031 ], [ 76.640482300194932, 11.677742761194031 ], [ 76.640482300194932, 11.678281716417912 ], [ 76.640751793372317, 11.678281716417912 ], [ 76.640751793372317, 11.678551194029852 ], [ 76.641021286549702, 11.678551194029852 ], [ 76.641021286549702, 11.678820671641791 ], [ 76.642099259259254, 11.678820671641791 ], [ 76.642099259259254, 11.679090149253732 ], [ 76.642368752436639, 11.679090149253732 ], [ 76.642368752436639, 11.679359626865672 ], [ 76.642638245614037, 11.679359626865672 ], [ 76.642638245614037, 11.680168059701494 ], [ 76.642907738791422, 11.680168059701494 ], [ 76.642907738791422, 11.680976492537313 ], [ 76.643177231968806, 11.680976492537313 ], [ 76.643177231968806, 11.681245970149254 ], [ 76.643716218323576, 11.681245970149254 ], [ 76.643716218323576, 11.681515447761194 ], [ 76.643985711500974, 11.681515447761194 ], [ 76.643985711500974, 11.681784925373135 ], [ 76.644255204678359, 11.681784925373135 ], [ 76.644255204678359, 11.682054402985075 ], [ 76.644524697855744, 11.682054402985075 ], [ 76.644524697855744, 11.682323880597016 ], [ 76.644794191033128, 11.682323880597016 ], [ 76.644794191033128, 11.682593358208957 ], [ 76.646411150097464, 11.682593358208957 ], [ 76.646411150097464, 11.682862835820897 ], [ 76.646950136452233, 11.682862835820897 ], [ 76.646950136452233, 11.683132313432836 ], [ 76.647219629629632, 11.683132313432836 ], [ 76.647219629629632, 11.683401791044776 ], [ 76.647758615984401, 11.683401791044776 ], [ 76.647758615984401, 11.683671268656717 ], [ 76.64829760233917, 11.683671268656717 ], [ 76.64829760233917, 11.683940746268657 ], [ 76.648567095516569, 11.683940746268657 ], [ 76.648567095516569, 11.684210223880598 ], [ 76.64829760233917, 11.684210223880598 ], [ 76.64829760233917, 11.684479701492538 ], [ 76.648028109161785, 11.684479701492538 ], [ 76.648028109161785, 11.685018656716419 ], [ 76.64829760233917, 11.685018656716419 ], [ 76.64829760233917, 11.686635522388061 ], [ 76.647758615984401, 11.686635522388061 ], [ 76.647758615984401, 11.687174477611942 ], [ 76.647489122807016, 11.687174477611942 ], [ 76.647489122807016, 11.687713432835821 ], [ 76.647758615984401, 11.687713432835821 ], [ 76.647758615984401, 11.687982910447761 ], [ 76.64829760233917, 11.687982910447761 ], [ 76.64829760233917, 11.688252388059702 ], [ 76.648028109161785, 11.688252388059702 ], [ 76.648028109161785, 11.688521865671643 ], [ 76.645602670565296, 11.688521865671643 ], [ 76.645602670565296, 11.689599776119405 ], [ 76.645333177387911, 11.689599776119405 ], [ 76.645333177387911, 11.690138731343284 ], [ 76.645063684210527, 11.690138731343284 ], [ 76.645063684210527, 11.690677686567165 ], [ 76.644255204678359, 11.690677686567165 ], [ 76.644255204678359, 11.691486119402986 ], [ 76.644524697855744, 11.691486119402986 ], [ 76.644524697855744, 11.692833507462687 ], [ 76.644794191033128, 11.692833507462687 ], [ 76.644794191033128, 11.693102985074628 ], [ 76.645872163742681, 11.693102985074628 ], [ 76.645872163742681, 11.693372462686568 ], [ 76.646411150097464, 11.693372462686568 ], [ 76.646411150097464, 11.693641940298509 ], [ 76.647219629629632, 11.693641940298509 ], [ 76.647219629629632, 11.693911417910449 ], [ 76.648567095516569, 11.693911417910449 ], [ 76.648567095516569, 11.694180895522388 ], [ 76.649645068226121, 11.694180895522388 ], [ 76.649645068226121, 11.694450373134329 ], [ 76.649914561403506, 11.694450373134329 ], [ 76.649914561403506, 11.694719850746269 ], [ 76.65018405458089, 11.694719850746269 ], [ 76.65018405458089, 11.69525880597015 ], [ 76.650453547758275, 11.69525880597015 ], [ 76.650453547758275, 11.695528283582091 ], [ 76.649645068226121, 11.695528283582091 ], [ 76.649645068226121, 11.695797761194031 ], [ 76.64829760233917, 11.695797761194031 ], [ 76.64829760233917, 11.695528283582091 ], [ 76.647489122807016, 11.695528283582091 ], [ 76.647489122807016, 11.69525880597015 ], [ 76.646680643274848, 11.69525880597015 ], [ 76.646680643274848, 11.69498932835821 ], [ 76.645333177387911, 11.69498932835821 ], [ 76.645333177387911, 11.694719850746269 ], [ 76.641290779727086, 11.694719850746269 ], [ 76.641290779727086, 11.694450373134329 ], [ 76.641021286549702, 11.694450373134329 ], [ 76.641021286549702, 11.693641940298509 ], [ 76.641290779727086, 11.693641940298509 ], [ 76.641290779727086, 11.693372462686568 ], [ 76.641560272904485, 11.693372462686568 ], [ 76.641560272904485, 11.693102985074628 ], [ 76.641021286549702, 11.693102985074628 ], [ 76.641021286549702, 11.692833507462687 ], [ 76.640751793372317, 11.692833507462687 ], [ 76.640751793372317, 11.693102985074628 ], [ 76.640482300194932, 11.693102985074628 ], [ 76.640482300194932, 11.692833507462687 ], [ 76.639943313840149, 11.692833507462687 ], [ 76.639943313840149, 11.693102985074628 ], [ 76.639673820662765, 11.693102985074628 ], [ 76.639673820662765, 11.692833507462687 ], [ 76.63940432748538, 11.692833507462687 ], [ 76.63940432748538, 11.693372462686568 ], [ 76.638865341130597, 11.693372462686568 ], [ 76.638865341130597, 11.692833507462687 ], [ 76.638595847953212, 11.692833507462687 ], [ 76.638595847953212, 11.692294552238806 ], [ 76.639134834307981, 11.692294552238806 ], [ 76.639134834307981, 11.692025074626866 ], [ 76.63940432748538, 11.692025074626866 ], [ 76.63940432748538, 11.691755597014927 ], [ 76.639673820662765, 11.691755597014927 ], [ 76.639673820662765, 11.691486119402986 ], [ 76.639134834307981, 11.691486119402986 ], [ 76.639134834307981, 11.691755597014927 ], [ 76.638865341130597, 11.691755597014927 ], [ 76.638865341130597, 11.692025074626866 ], [ 76.638326354775828, 11.692025074626866 ], [ 76.638326354775828, 11.692294552238806 ], [ 76.63751787524366, 11.692294552238806 ], [ 76.63751787524366, 11.692564029850747 ], [ 76.637248382066275, 11.692564029850747 ], [ 76.637248382066275, 11.692833507462687 ], [ 76.636709395711492, 11.692833507462687 ], [ 76.636709395711492, 11.693102985074628 ], [ 76.636439902534107, 11.693102985074628 ], [ 76.636439902534107, 11.693372462686568 ], [ 76.63509243664717, 11.693372462686568 ], [ 76.63509243664717, 11.693102985074628 ], [ 76.634822943469786, 11.693102985074628 ], [ 76.634822943469786, 11.692833507462687 ], [ 76.634553450292387, 11.692833507462687 ], [ 76.634553450292387, 11.692564029850747 ], [ 76.634014463937618, 11.692564029850747 ], [ 76.634014463937618, 11.692294552238806 ], [ 76.633744970760233, 11.692294552238806 ], [ 76.633744970760233, 11.692025074626866 ], [ 76.633475477582834, 11.692025074626866 ], [ 76.633475477582834, 11.691755597014927 ], [ 76.63320598440545, 11.691755597014927 ], [ 76.63320598440545, 11.691216641791046 ], [ 76.632936491228065, 11.691216641791046 ], [ 76.632936491228065, 11.690947164179105 ], [ 76.631319532163744, 11.690947164179105 ], [ 76.631319532163744, 11.691216641791046 ], [ 76.631858518518513, 11.691216641791046 ], [ 76.631858518518513, 11.691486119402986 ], [ 76.632128011695897, 11.691486119402986 ], [ 76.632128011695897, 11.691216641791046 ], [ 76.632397504873296, 11.691216641791046 ], [ 76.632397504873296, 11.691486119402986 ], [ 76.632666998050681, 11.691486119402986 ], [ 76.632666998050681, 11.691755597014927 ], [ 76.632936491228065, 11.691755597014927 ], [ 76.632936491228065, 11.692294552238806 ], [ 76.63320598440545, 11.692294552238806 ], [ 76.63320598440545, 11.692564029850747 ], [ 76.633475477582834, 11.692564029850747 ], [ 76.633475477582834, 11.692833507462687 ], [ 76.633744970760233, 11.692833507462687 ], [ 76.633744970760233, 11.693102985074628 ], [ 76.634014463937618, 11.693102985074628 ], [ 76.634014463937618, 11.693911417910449 ], [ 76.633744970760233, 11.693911417910449 ], [ 76.633744970760233, 11.69498932835821 ], [ 76.63320598440545, 11.69498932835821 ], [ 76.63320598440545, 11.69525880597015 ], [ 76.632666998050681, 11.69525880597015 ], [ 76.632666998050681, 11.695797761194031 ], [ 76.63320598440545, 11.695797761194031 ], [ 76.63320598440545, 11.696875671641791 ], [ 76.632936491228065, 11.696875671641791 ], [ 76.632936491228065, 11.697145149253732 ], [ 76.632397504873296, 11.697145149253732 ], [ 76.632397504873296, 11.697684104477613 ], [ 76.632128011695897, 11.697684104477613 ], [ 76.632128011695897, 11.698492537313433 ], [ 76.632397504873296, 11.698492537313433 ], [ 76.632397504873296, 11.698762014925373 ], [ 76.63320598440545, 11.698762014925373 ], [ 76.63320598440545, 11.699031492537314 ], [ 76.633475477582834, 11.699031492537314 ], [ 76.633475477582834, 11.699300970149254 ], [ 76.632666998050681, 11.699300970149254 ], [ 76.632666998050681, 11.699839925373135 ], [ 76.632397504873296, 11.699839925373135 ], [ 76.632397504873296, 11.700648358208955 ], [ 76.631858518518513, 11.700648358208955 ], [ 76.631858518518513, 11.701187313432836 ], [ 76.632128011695897, 11.701187313432836 ], [ 76.632128011695897, 11.700917835820896 ], [ 76.632666998050681, 11.700917835820896 ], [ 76.632666998050681, 11.701187313432836 ], [ 76.634014463937618, 11.701187313432836 ], [ 76.634014463937618, 11.701456791044777 ], [ 76.634283957115002, 11.701456791044777 ], [ 76.634283957115002, 11.702534701492539 ], [ 76.634553450292387, 11.702534701492539 ], [ 76.634553450292387, 11.703073656716418 ], [ 76.634014463937618, 11.703073656716418 ], [ 76.634014463937618, 11.703343134328358 ], [ 76.634283957115002, 11.703343134328358 ], [ 76.634283957115002, 11.703612611940299 ], [ 76.635631423001939, 11.703612611940299 ], [ 76.635631423001939, 11.70415156716418 ], [ 76.635900916179338, 11.70415156716418 ], [ 76.635900916179338, 11.704421044776121 ], [ 76.636170409356723, 11.704421044776121 ], [ 76.636170409356723, 11.70522947761194 ], [ 76.636439902534107, 11.70522947761194 ], [ 76.636439902534107, 11.705498955223881 ], [ 76.636978888888891, 11.705498955223881 ], [ 76.636978888888891, 11.705768432835821 ], [ 76.63751787524366, 11.705768432835821 ], [ 76.63751787524366, 11.706037910447762 ], [ 76.638056861598429, 11.706037910447762 ], [ 76.638056861598429, 11.706307388059702 ], [ 76.638865341130597, 11.706307388059702 ], [ 76.638865341130597, 11.706576865671643 ], [ 76.63940432748538, 11.706576865671643 ], [ 76.63940432748538, 11.706846343283583 ], [ 76.641829766081869, 11.706846343283583 ], [ 76.641829766081869, 11.707115820895524 ], [ 76.642099259259254, 11.707115820895524 ], [ 76.642099259259254, 11.707385298507463 ], [ 76.642368752436639, 11.707385298507463 ], [ 76.642368752436639, 11.708463208955225 ], [ 76.642099259259254, 11.708463208955225 ], [ 76.642099259259254, 11.708732686567165 ], [ 76.642368752436639, 11.708732686567165 ], [ 76.642368752436639, 11.709002164179106 ], [ 76.640751793372317, 11.709002164179106 ], [ 76.640751793372317, 11.710080074626866 ], [ 76.641021286549702, 11.710080074626866 ], [ 76.641021286549702, 11.710349552238807 ], [ 76.641290779727086, 11.710349552238807 ], [ 76.641290779727086, 11.710619029850747 ], [ 76.641560272904485, 11.710619029850747 ], [ 76.641560272904485, 11.710888507462688 ], [ 76.641829766081869, 11.710888507462688 ], [ 76.641829766081869, 11.711427462686569 ], [ 76.642368752436639, 11.711427462686569 ], [ 76.642368752436639, 11.712505373134329 ], [ 76.641829766081869, 11.712505373134329 ], [ 76.641829766081869, 11.712774850746269 ], [ 76.636978888888891, 11.712774850746269 ], [ 76.636978888888891, 11.712505373134329 ], [ 76.637248382066275, 11.712505373134329 ], [ 76.637248382066275, 11.712235895522388 ], [ 76.636978888888891, 11.712235895522388 ], [ 76.636978888888891, 11.711966417910448 ], [ 76.635631423001939, 11.711966417910448 ], [ 76.635631423001939, 11.711696940298507 ], [ 76.635361929824555, 11.711696940298507 ], [ 76.635361929824555, 11.712235895522388 ], [ 76.634822943469786, 11.712235895522388 ], [ 76.634822943469786, 11.712774850746269 ], [ 76.634283957115002, 11.712774850746269 ], [ 76.634283957115002, 11.712505373134329 ], [ 76.633744970760233, 11.712505373134329 ], [ 76.633744970760233, 11.712235895522388 ], [ 76.63320598440545, 11.712235895522388 ], [ 76.63320598440545, 11.711966417910448 ], [ 76.633475477582834, 11.711966417910448 ], [ 76.633475477582834, 11.711427462686569 ], [ 76.632936491228065, 11.711427462686569 ], [ 76.632936491228065, 11.711157985074628 ], [ 76.63320598440545, 11.711157985074628 ], [ 76.63320598440545, 11.710888507462688 ], [ 76.632666998050681, 11.710888507462688 ], [ 76.632666998050681, 11.710619029850747 ], [ 76.632397504873296, 11.710619029850747 ], [ 76.632397504873296, 11.710080074626866 ], [ 76.632128011695897, 11.710080074626866 ], [ 76.632128011695897, 11.710349552238807 ], [ 76.631858518518513, 11.710349552238807 ], [ 76.631858518518513, 11.710619029850747 ], [ 76.631589025341128, 11.710619029850747 ], [ 76.631589025341128, 11.710349552238807 ], [ 76.631319532163744, 11.710349552238807 ], [ 76.631319532163744, 11.710619029850747 ], [ 76.631050038986345, 11.710619029850747 ], [ 76.631050038986345, 11.710888507462688 ], [ 76.63078054580896, 11.710888507462688 ], [ 76.63078054580896, 11.711157985074628 ], [ 76.631050038986345, 11.711157985074628 ], [ 76.631050038986345, 11.711427462686569 ], [ 76.63078054580896, 11.711427462686569 ], [ 76.63078054580896, 11.711696940298507 ], [ 76.630241559454191, 11.711696940298507 ], [ 76.630241559454191, 11.712505373134329 ], [ 76.629702573099408, 11.712505373134329 ], [ 76.629702573099408, 11.71331380597015 ], [ 76.629972066276792, 11.71331380597015 ], [ 76.629972066276792, 11.713583283582091 ], [ 76.629702573099408, 11.713583283582091 ], [ 76.629702573099408, 11.71385276119403 ], [ 76.629163586744639, 11.71385276119403 ], [ 76.629163586744639, 11.71412223880597 ], [ 76.62889409356724, 11.71412223880597 ], [ 76.62889409356724, 11.714661194029851 ], [ 76.628624600389855, 11.714661194029851 ], [ 76.628624600389855, 11.714930671641792 ], [ 76.628355107212471, 11.714930671641792 ], [ 76.628355107212471, 11.715200149253732 ], [ 76.628085614035086, 11.715200149253732 ], [ 76.628085614035086, 11.715469626865673 ], [ 76.627816120857702, 11.715469626865673 ], [ 76.627816120857702, 11.715739104477613 ], [ 76.627277134502918, 11.715739104477613 ], [ 76.627277134502918, 11.716008582089552 ], [ 76.626738148148149, 11.716008582089552 ], [ 76.626738148148149, 11.716278059701493 ], [ 76.626468654970751, 11.716278059701493 ], [ 76.626468654970751, 11.716547537313433 ], [ 76.625929668615981, 11.716547537313433 ], [ 76.625929668615981, 11.716817014925374 ], [ 76.625390682261198, 11.716817014925374 ], [ 76.625390682261198, 11.716547537313433 ], [ 76.624851695906429, 11.716547537313433 ], [ 76.624851695906429, 11.716817014925374 ], [ 76.623773723196877, 11.716817014925374 ], [ 76.623773723196877, 11.717086492537314 ], [ 76.622965243664709, 11.717086492537314 ], [ 76.622965243664709, 11.717355970149255 ], [ 76.622695750487324, 11.717355970149255 ], [ 76.622695750487324, 11.717625447761195 ], [ 76.62242625730994, 11.717625447761195 ], [ 76.62242625730994, 11.718972835820896 ], [ 76.622156764132555, 11.718972835820896 ], [ 76.622156764132555, 11.718703358208955 ], [ 76.62000081871345, 11.718703358208955 ], [ 76.62000081871345, 11.718433880597015 ], [ 76.619461832358667, 11.718433880597015 ], [ 76.619461832358667, 11.718972835820896 ], [ 76.618653352826513, 11.718972835820896 ], [ 76.618653352826513, 11.719242313432837 ], [ 76.61811436647173, 11.719242313432837 ], [ 76.61811436647173, 11.719511791044777 ], [ 76.618922846003898, 11.719511791044777 ], [ 76.618922846003898, 11.719781268656718 ], [ 76.618383859649114, 11.719781268656718 ], [ 76.618383859649114, 11.720050746268658 ], [ 76.61811436647173, 11.720050746268658 ], [ 76.61811436647173, 11.719781268656718 ], [ 76.617575380116961, 11.719781268656718 ], [ 76.617575380116961, 11.720050746268658 ], [ 76.617844873294345, 11.720050746268658 ], [ 76.617844873294345, 11.721667611940299 ], [ 76.61811436647173, 11.721667611940299 ], [ 76.61811436647173, 11.72193708955224 ], [ 76.618383859649114, 11.72193708955224 ], [ 76.618383859649114, 11.72220656716418 ], [ 76.618653352826513, 11.72220656716418 ], [ 76.618653352826513, 11.722476044776119 ], [ 76.618922846003898, 11.722476044776119 ], [ 76.618922846003898, 11.72220656716418 ], [ 76.619192339181282, 11.72220656716418 ], [ 76.619192339181282, 11.723553955223881 ], [ 76.618922846003898, 11.723553955223881 ], [ 76.618922846003898, 11.723823432835822 ], [ 76.619192339181282, 11.723823432835822 ], [ 76.619192339181282, 11.724092910447762 ], [ 76.619461832358667, 11.724092910447762 ], [ 76.619461832358667, 11.724362388059703 ], [ 76.62000081871345, 11.724362388059703 ], [ 76.62000081871345, 11.724092910447762 ], [ 76.620539805068219, 11.724092910447762 ], [ 76.620539805068219, 11.724362388059703 ], [ 76.620809298245604, 11.724362388059703 ], [ 76.620809298245604, 11.724092910447762 ], [ 76.621617777777772, 11.724092910447762 ], [ 76.621617777777772, 11.724362388059703 ], [ 76.621887270955156, 11.724362388059703 ], [ 76.621887270955156, 11.724092910447762 ], [ 76.62242625730994, 11.724092910447762 ], [ 76.62242625730994, 11.723823432835822 ], [ 76.623234736842107, 11.723823432835822 ], [ 76.623234736842107, 11.724092910447762 ], [ 76.623773723196877, 11.724092910447762 ], [ 76.623773723196877, 11.724362388059703 ], [ 76.624312709551646, 11.724362388059703 ], [ 76.624312709551646, 11.724631865671643 ], [ 76.624582202729044, 11.724631865671643 ], [ 76.624582202729044, 11.724901343283582 ], [ 76.624851695906429, 11.724901343283582 ], [ 76.624851695906429, 11.725170820895523 ], [ 76.625121189083814, 11.725170820895523 ], [ 76.625121189083814, 11.725440298507463 ], [ 76.625390682261198, 11.725440298507463 ], [ 76.625390682261198, 11.725709776119404 ], [ 76.625929668615981, 11.725709776119404 ], [ 76.625929668615981, 11.725979253731344 ], [ 76.627007641325534, 11.725979253731344 ], [ 76.627007641325534, 11.726248731343285 ], [ 76.627277134502918, 11.726248731343285 ], [ 76.627277134502918, 11.726787686567166 ], [ 76.625929668615981, 11.726787686567166 ], [ 76.625929668615981, 11.727057164179104 ], [ 76.626468654970751, 11.727057164179104 ], [ 76.626468654970751, 11.727326641791045 ], [ 76.625660175438597, 11.727326641791045 ], [ 76.625660175438597, 11.726787686567166 ], [ 76.625390682261198, 11.726787686567166 ], [ 76.625390682261198, 11.727057164179104 ], [ 76.624582202729044, 11.727057164179104 ], [ 76.624582202729044, 11.727326641791045 ], [ 76.624312709551646, 11.727326641791045 ], [ 76.624312709551646, 11.727057164179104 ], [ 76.623504230019492, 11.727057164179104 ], [ 76.623504230019492, 11.726787686567166 ], [ 76.622965243664709, 11.726787686567166 ], [ 76.622965243664709, 11.727057164179104 ], [ 76.620270311890835, 11.727057164179104 ], [ 76.620270311890835, 11.726787686567166 ], [ 76.616497407407408, 11.726787686567166 ], [ 76.616497407407408, 11.727057164179104 ], [ 76.615149941520457, 11.727057164179104 ], [ 76.615149941520457, 11.727326641791045 ], [ 76.614610955165688, 11.727326641791045 ], [ 76.614610955165688, 11.727596119402985 ], [ 76.613532982456135, 11.727596119402985 ], [ 76.613532982456135, 11.727865597014926 ], [ 76.613263489278751, 11.727865597014926 ], [ 76.613263489278751, 11.728135074626866 ], [ 76.61137703703703, 11.728135074626866 ], [ 76.61137703703703, 11.727865597014926 ], [ 76.610838050682261, 11.727865597014926 ], [ 76.610838050682261, 11.728135074626866 ], [ 76.609221091617925, 11.728135074626866 ], [ 76.609221091617925, 11.727865597014926 ], [ 76.608412612085772, 11.727865597014926 ], [ 76.608412612085772, 11.727326641791045 ], [ 76.607604132553604, 11.727326641791045 ], [ 76.607604132553604, 11.727596119402985 ], [ 76.608143118908373, 11.727596119402985 ], [ 76.608143118908373, 11.727865597014926 ], [ 76.607334639376219, 11.727865597014926 ], [ 76.607334639376219, 11.727596119402985 ], [ 76.607065146198821, 11.727596119402985 ], [ 76.607065146198821, 11.727326641791045 ], [ 76.606795653021436, 11.727326641791045 ], [ 76.606795653021436, 11.727057164179104 ], [ 76.606526159844051, 11.727057164179104 ], [ 76.606526159844051, 11.726787686567166 ], [ 76.605448187134499, 11.726787686567166 ], [ 76.605448187134499, 11.726518208955225 ], [ 76.604100721247562, 11.726518208955225 ], [ 76.604100721247562, 11.726248731343285 ], [ 76.603561734892779, 11.726248731343285 ], [ 76.603561734892779, 11.725979253731344 ], [ 76.603292241715394, 11.725979253731344 ], [ 76.603292241715394, 11.726248731343285 ], [ 76.60302274853801, 11.726248731343285 ], [ 76.60302274853801, 11.726518208955225 ], [ 76.601944775828457, 11.726518208955225 ], [ 76.601944775828457, 11.726248731343285 ], [ 76.60059730994152, 11.726248731343285 ], [ 76.60059730994152, 11.725979253731344 ], [ 76.600058323586737, 11.725979253731344 ], [ 76.600058323586737, 11.726248731343285 ], [ 76.600327816764121, 11.726248731343285 ], [ 76.600327816764121, 11.726518208955225 ], [ 76.60059730994152, 11.726518208955225 ], [ 76.60059730994152, 11.726787686567166 ], [ 76.600058323586737, 11.726787686567166 ], [ 76.600058323586737, 11.727057164179104 ], [ 76.599249844054583, 11.727057164179104 ], [ 76.599249844054583, 11.725979253731344 ], [ 76.598980350877184, 11.725979253731344 ], [ 76.598980350877184, 11.725709776119404 ], [ 76.598171871345031, 11.725709776119404 ], [ 76.598171871345031, 11.725440298507463 ], [ 76.597632884990247, 11.725440298507463 ], [ 76.597632884990247, 11.725170820895523 ], [ 76.597093898635478, 11.725170820895523 ], [ 76.597093898635478, 11.724631865671643 ], [ 76.596824405458079, 11.724631865671643 ], [ 76.596824405458079, 11.724362388059703 ], [ 76.59628541910331, 11.724362388059703 ], [ 76.59628541910331, 11.723553955223881 ], [ 76.596015925925926, 11.723553955223881 ], [ 76.596015925925926, 11.723823432835822 ], [ 76.595746432748527, 11.723823432835822 ], [ 76.595746432748527, 11.723284477611941 ], [ 76.595476939571142, 11.723284477611941 ], [ 76.595476939571142, 11.72274552238806 ], [ 76.595207446393758, 11.72274552238806 ], [ 76.595207446393758, 11.72220656716418 ], [ 76.594937953216373, 11.72220656716418 ], [ 76.594937953216373, 11.721398134328359 ], [ 76.594668460038989, 11.721398134328359 ], [ 76.594668460038989, 11.720859179104478 ], [ 76.59439896686159, 11.720859179104478 ], [ 76.59439896686159, 11.719242313432837 ], [ 76.594129473684205, 11.719242313432837 ], [ 76.594129473684205, 11.718703358208955 ], [ 76.593859980506821, 11.718703358208955 ], [ 76.593859980506821, 11.718433880597015 ], [ 76.594129473684205, 11.718433880597015 ], [ 76.594129473684205, 11.718164402985074 ], [ 76.593859980506821, 11.718164402985074 ], [ 76.593859980506821, 11.717355970149255 ], [ 76.593590487329436, 11.717355970149255 ], [ 76.593590487329436, 11.716278059701493 ], [ 76.593051500974653, 11.716278059701493 ], [ 76.593051500974653, 11.716008582089552 ], [ 76.592782007797268, 11.716008582089552 ], [ 76.592782007797268, 11.716278059701493 ], [ 76.592243021442485, 11.716278059701493 ], [ 76.592243021442485, 11.716008582089552 ], [ 76.5919735282651, 11.716008582089552 ], [ 76.5919735282651, 11.716817014925374 ], [ 76.591434541910331, 11.716817014925374 ], [ 76.591434541910331, 11.716547537313433 ], [ 76.591165048732933, 11.716547537313433 ], [ 76.591165048732933, 11.715739104477613 ], [ 76.590895555555548, 11.715739104477613 ], [ 76.590895555555548, 11.716278059701493 ], [ 76.590626062378163, 11.716278059701493 ], [ 76.590626062378163, 11.716817014925374 ], [ 76.590356569200779, 11.716817014925374 ], [ 76.590356569200779, 11.716547537313433 ], [ 76.589817582845996, 11.716547537313433 ], [ 76.589817582845996, 11.716278059701493 ], [ 76.589548089668611, 11.716278059701493 ], [ 76.589548089668611, 11.715739104477613 ], [ 76.589009103313842, 11.715739104477613 ], [ 76.589009103313842, 11.717086492537314 ], [ 76.588739610136443, 11.717086492537314 ], [ 76.588739610136443, 11.717894925373136 ], [ 76.589009103313842, 11.717894925373136 ], [ 76.589009103313842, 11.718703358208955 ], [ 76.588470116959058, 11.718703358208955 ], [ 76.588470116959058, 11.719242313432837 ], [ 76.588739610136443, 11.719242313432837 ], [ 76.588739610136443, 11.719511791044777 ], [ 76.589009103313842, 11.719511791044777 ], [ 76.589009103313842, 11.719242313432837 ], [ 76.589278596491226, 11.719242313432837 ], [ 76.589278596491226, 11.718972835820896 ], [ 76.589548089668611, 11.718972835820896 ], [ 76.589548089668611, 11.719781268656718 ], [ 76.589278596491226, 11.719781268656718 ], [ 76.589278596491226, 11.720050746268658 ], [ 76.588739610136443, 11.720050746268658 ], [ 76.588739610136443, 11.720320223880597 ], [ 76.588470116959058, 11.720320223880597 ], [ 76.588470116959058, 11.720589701492537 ], [ 76.588200623781674, 11.720589701492537 ], [ 76.588200623781674, 11.720859179104478 ], [ 76.587931130604289, 11.720859179104478 ], [ 76.587931130604289, 11.721398134328359 ], [ 76.587661637426891, 11.721398134328359 ], [ 76.587661637426891, 11.721667611940299 ], [ 76.587392144249506, 11.721667611940299 ], [ 76.587392144249506, 11.72220656716418 ], [ 76.587931130604289, 11.72220656716418 ], [ 76.587931130604289, 11.72193708955224 ], [ 76.588470116959058, 11.72193708955224 ], [ 76.588470116959058, 11.721667611940299 ], [ 76.588739610136443, 11.721667611940299 ], [ 76.588739610136443, 11.721128656716418 ], [ 76.589278596491226, 11.721128656716418 ], [ 76.589278596491226, 11.721398134328359 ], [ 76.589548089668611, 11.721398134328359 ], [ 76.589548089668611, 11.721667611940299 ], [ 76.589817582845996, 11.721667611940299 ], [ 76.589817582845996, 11.722476044776119 ], [ 76.589548089668611, 11.722476044776119 ], [ 76.589548089668611, 11.723015 ], [ 76.589278596491226, 11.723015 ], [ 76.589278596491226, 11.723284477611941 ], [ 76.589817582845996, 11.723284477611941 ], [ 76.589817582845996, 11.723553955223881 ], [ 76.590087076023394, 11.723553955223881 ], [ 76.590087076023394, 11.723823432835822 ], [ 76.590626062378163, 11.723823432835822 ], [ 76.590626062378163, 11.724092910447762 ], [ 76.590895555555548, 11.724092910447762 ], [ 76.590895555555548, 11.724362388059703 ], [ 76.5919735282651, 11.724362388059703 ], [ 76.5919735282651, 11.724631865671643 ], [ 76.592782007797268, 11.724631865671643 ], [ 76.592782007797268, 11.724901343283582 ], [ 76.593590487329436, 11.724901343283582 ], [ 76.593590487329436, 11.724631865671643 ], [ 76.594129473684205, 11.724631865671643 ], [ 76.594129473684205, 11.724901343283582 ], [ 76.59439896686159, 11.724901343283582 ], [ 76.59439896686159, 11.725170820895523 ], [ 76.594937953216373, 11.725170820895523 ], [ 76.594937953216373, 11.725440298507463 ], [ 76.595207446393758, 11.725440298507463 ], [ 76.595207446393758, 11.726248731343285 ], [ 76.594937953216373, 11.726248731343285 ], [ 76.594937953216373, 11.726518208955225 ], [ 76.594668460038989, 11.726518208955225 ], [ 76.594668460038989, 11.726787686567166 ], [ 76.593590487329436, 11.726787686567166 ], [ 76.593590487329436, 11.727057164179104 ], [ 76.593320994152037, 11.727057164179104 ], [ 76.593320994152037, 11.726787686567166 ], [ 76.592512514619884, 11.726787686567166 ], [ 76.592512514619884, 11.726518208955225 ], [ 76.592243021442485, 11.726518208955225 ], [ 76.592243021442485, 11.726248731343285 ], [ 76.591704035087716, 11.726248731343285 ], [ 76.591704035087716, 11.725979253731344 ], [ 76.591165048732933, 11.725979253731344 ], [ 76.591165048732933, 11.725709776119404 ], [ 76.590895555555548, 11.725709776119404 ], [ 76.590895555555548, 11.726248731343285 ], [ 76.590626062378163, 11.726248731343285 ], [ 76.590626062378163, 11.726518208955225 ], [ 76.590356569200779, 11.726518208955225 ], [ 76.590356569200779, 11.726248731343285 ], [ 76.590087076023394, 11.726248731343285 ], [ 76.590087076023394, 11.726787686567166 ], [ 76.589009103313842, 11.726787686567166 ], [ 76.589009103313842, 11.726518208955225 ], [ 76.588739610136443, 11.726518208955225 ], [ 76.588739610136443, 11.726248731343285 ], [ 76.588470116959058, 11.726248731343285 ], [ 76.588470116959058, 11.726787686567166 ], [ 76.588739610136443, 11.726787686567166 ], [ 76.588739610136443, 11.727057164179104 ], [ 76.589009103313842, 11.727057164179104 ], [ 76.589009103313842, 11.727326641791045 ], [ 76.588739610136443, 11.727326641791045 ], [ 76.588739610136443, 11.727596119402985 ], [ 76.587931130604289, 11.727596119402985 ], [ 76.587931130604289, 11.727865597014926 ], [ 76.589548089668611, 11.727865597014926 ], [ 76.589548089668611, 11.728135074626866 ], [ 76.589817582845996, 11.728135074626866 ], [ 76.589817582845996, 11.728404552238807 ], [ 76.590087076023394, 11.728404552238807 ], [ 76.590087076023394, 11.728674029850747 ], [ 76.590626062378163, 11.728674029850747 ], [ 76.590626062378163, 11.728943507462688 ], [ 76.591165048732933, 11.728943507462688 ], [ 76.591165048732933, 11.728674029850747 ], [ 76.591434541910331, 11.728674029850747 ], [ 76.591434541910331, 11.728943507462688 ], [ 76.5919735282651, 11.728943507462688 ], [ 76.5919735282651, 11.729751940298508 ], [ 76.590895555555548, 11.729751940298508 ], [ 76.590895555555548, 11.729482462686567 ], [ 76.590626062378163, 11.729482462686567 ], [ 76.590626062378163, 11.730021417910448 ], [ 76.590087076023394, 11.730021417910448 ], [ 76.590087076023394, 11.729751940298508 ], [ 76.589548089668611, 11.729751940298508 ], [ 76.589548089668611, 11.729482462686567 ], [ 76.588200623781674, 11.729482462686567 ], [ 76.588200623781674, 11.73082985074627 ], [ 76.588739610136443, 11.73082985074627 ], [ 76.588739610136443, 11.73109932835821 ], [ 76.588200623781674, 11.73109932835821 ], [ 76.588200623781674, 11.731368805970149 ], [ 76.587392144249506, 11.731368805970149 ], [ 76.587392144249506, 11.73190776119403 ], [ 76.586853157894737, 11.73190776119403 ], [ 76.586853157894737, 11.731368805970149 ], [ 76.585775185185184, 11.731368805970149 ], [ 76.585775185185184, 11.73109932835821 ], [ 76.5855056920078, 11.73109932835821 ], [ 76.5855056920078, 11.731368805970149 ], [ 76.585236198830401, 11.731368805970149 ], [ 76.585236198830401, 11.73109932835821 ], [ 76.584697212475632, 11.73109932835821 ], [ 76.584697212475632, 11.731368805970149 ], [ 76.584966705653017, 11.731368805970149 ], [ 76.584966705653017, 11.73163828358209 ], [ 76.585775185185184, 11.73163828358209 ], [ 76.585775185185184, 11.73190776119403 ], [ 76.585236198830401, 11.73190776119403 ], [ 76.585236198830401, 11.732985671641792 ], [ 76.584697212475632, 11.732985671641792 ], [ 76.584697212475632, 11.733794104477612 ], [ 76.584966705653017, 11.733794104477612 ], [ 76.584966705653017, 11.734063582089552 ], [ 76.5855056920078, 11.734063582089552 ], [ 76.5855056920078, 11.734333059701493 ], [ 76.585775185185184, 11.734333059701493 ], [ 76.585775185185184, 11.734063582089552 ], [ 76.586314171539954, 11.734063582089552 ], [ 76.586314171539954, 11.733794104477612 ], [ 76.586583664717338, 11.733794104477612 ], [ 76.586583664717338, 11.734602537313434 ], [ 76.587122651072121, 11.734602537313434 ], [ 76.587122651072121, 11.734872014925374 ], [ 76.587661637426891, 11.734872014925374 ], [ 76.587661637426891, 11.735410970149255 ], [ 76.587392144249506, 11.735410970149255 ], [ 76.587392144249506, 11.735949925373134 ], [ 76.586853157894737, 11.735949925373134 ], [ 76.586853157894737, 11.736219402985075 ], [ 76.586583664717338, 11.736219402985075 ], [ 76.586583664717338, 11.736488880597015 ], [ 76.586314171539954, 11.736488880597015 ], [ 76.586314171539954, 11.736758358208956 ], [ 76.586044678362569, 11.736758358208956 ], [ 76.586044678362569, 11.737027835820896 ], [ 76.585775185185184, 11.737027835820896 ], [ 76.585775185185184, 11.737297313432837 ], [ 76.5855056920078, 11.737297313432837 ], [ 76.5855056920078, 11.737566791044777 ], [ 76.585236198830401, 11.737566791044777 ], [ 76.585236198830401, 11.737836268656716 ], [ 76.584427719298247, 11.737836268656716 ], [ 76.584427719298247, 11.737297313432837 ], [ 76.583888732943464, 11.737297313432837 ], [ 76.583888732943464, 11.737566791044777 ], [ 76.582810760233912, 11.737566791044777 ], [ 76.582810760233912, 11.738105746268657 ], [ 76.582002280701744, 11.738105746268657 ] ], [ [ 76.584966705653017, 11.736758358208956 ], [ 76.585775185185184, 11.736758358208956 ], [ 76.585775185185184, 11.736219402985075 ], [ 76.585236198830401, 11.736219402985075 ], [ 76.585236198830401, 11.736488880597015 ], [ 76.584966705653017, 11.736488880597015 ], [ 76.584966705653017, 11.736758358208956 ] ], [ [ 76.575264951267059, 11.735680447761194 ], [ 76.575534444444443, 11.735680447761194 ], [ 76.575534444444443, 11.735410970149255 ], [ 76.575264951267059, 11.735410970149255 ], [ 76.575264951267059, 11.735680447761194 ] ], [ [ 76.57930734892787, 11.733794104477612 ], [ 76.580385321637422, 11.733794104477612 ], [ 76.580385321637422, 11.733255149253733 ], [ 76.580115828460038, 11.733255149253733 ], [ 76.580115828460038, 11.732985671641792 ], [ 76.579576842105254, 11.732985671641792 ], [ 76.579576842105254, 11.733255149253733 ], [ 76.579846335282653, 11.733255149253733 ], [ 76.579846335282653, 11.733524626865671 ], [ 76.57930734892787, 11.733524626865671 ], [ 76.57930734892787, 11.733794104477612 ] ], [ [ 76.582271773879143, 11.733524626865671 ], [ 76.582541267056527, 11.733524626865671 ], [ 76.582541267056527, 11.733255149253733 ], [ 76.582271773879143, 11.733255149253733 ], [ 76.582271773879143, 11.733524626865671 ] ], [ [ 76.58361923976608, 11.732716194029852 ], [ 76.583888732943464, 11.732716194029852 ], [ 76.583888732943464, 11.732446716417911 ], [ 76.58361923976608, 11.732446716417911 ], [ 76.58361923976608, 11.732716194029852 ] ], [ [ 76.571761539961003, 11.732177238805971 ], [ 76.572031033138401, 11.732177238805971 ], [ 76.572031033138401, 11.73190776119403 ], [ 76.571761539961003, 11.73190776119403 ], [ 76.571761539961003, 11.732177238805971 ] ], [ [ 76.575534444444443, 11.732177238805971 ], [ 76.575803937621828, 11.732177238805971 ], [ 76.575803937621828, 11.73190776119403 ], [ 76.575534444444443, 11.73190776119403 ], [ 76.575534444444443, 11.732177238805971 ] ], [ [ 76.572300526315786, 11.73190776119403 ], [ 76.57257001949317, 11.73190776119403 ], [ 76.57257001949317, 11.73163828358209 ], [ 76.572839512670555, 11.73163828358209 ], [ 76.572839512670555, 11.731368805970149 ], [ 76.572300526315786, 11.731368805970149 ], [ 76.572300526315786, 11.73190776119403 ] ], [ [ 76.573917485380107, 11.73190776119403 ], [ 76.57499545808966, 11.73190776119403 ], [ 76.57499545808966, 11.73163828358209 ], [ 76.574186978557506, 11.73163828358209 ], [ 76.574186978557506, 11.731368805970149 ], [ 76.573917485380107, 11.731368805970149 ], [ 76.573917485380107, 11.73190776119403 ] ], [ [ 76.571492046783618, 11.731368805970149 ], [ 76.571761539961003, 11.731368805970149 ], [ 76.571761539961003, 11.73109932835821 ], [ 76.571492046783618, 11.73109932835821 ], [ 76.571492046783618, 11.731368805970149 ] ], [ [ 76.587392144249506, 11.73082985074627 ], [ 76.587661637426891, 11.73082985074627 ], [ 76.587661637426891, 11.730560373134329 ], [ 76.587392144249506, 11.730560373134329 ], [ 76.587392144249506, 11.73082985074627 ] ], [ [ 76.564754717348919, 11.730560373134329 ], [ 76.565024210526317, 11.730560373134329 ], [ 76.565024210526317, 11.730290895522389 ], [ 76.564754717348919, 11.730290895522389 ], [ 76.564754717348919, 11.730560373134329 ] ], [ [ 76.576073430799212, 11.730560373134329 ], [ 76.576342923976597, 11.730560373134329 ], [ 76.576342923976597, 11.730290895522389 ], [ 76.576073430799212, 11.730290895522389 ], [ 76.576073430799212, 11.730560373134329 ] ], [ [ 76.57930734892787, 11.730560373134329 ], [ 76.579576842105254, 11.730560373134329 ], [ 76.579576842105254, 11.730290895522389 ], [ 76.57930734892787, 11.730290895522389 ], [ 76.57930734892787, 11.730560373134329 ] ], [ [ 76.580924307992191, 11.730560373134329 ], [ 76.58119380116959, 11.730560373134329 ], [ 76.58119380116959, 11.730290895522389 ], [ 76.580924307992191, 11.730290895522389 ], [ 76.580924307992191, 11.730560373134329 ] ], [ [ 76.587122651072121, 11.730560373134329 ], [ 76.587392144249506, 11.730560373134329 ], [ 76.587392144249506, 11.730290895522389 ], [ 76.587122651072121, 11.730290895522389 ], [ 76.587122651072121, 11.730560373134329 ] ], [ [ 76.586583664717338, 11.730290895522389 ], [ 76.586853157894737, 11.730290895522389 ], [ 76.586853157894737, 11.730021417910448 ], [ 76.586583664717338, 11.730021417910448 ], [ 76.586583664717338, 11.730290895522389 ] ], [ [ 76.572031033138401, 11.730021417910448 ], [ 76.572300526315786, 11.730021417910448 ], [ 76.572300526315786, 11.729751940298508 ], [ 76.572031033138401, 11.729751940298508 ], [ 76.572031033138401, 11.730021417910448 ] ], [ [ 76.580924307992191, 11.730021417910448 ], [ 76.58119380116959, 11.730021417910448 ], [ 76.58119380116959, 11.729751940298508 ], [ 76.581463294346975, 11.729751940298508 ], [ 76.581463294346975, 11.729482462686567 ], [ 76.58119380116959, 11.729482462686567 ], [ 76.58119380116959, 11.728674029850747 ], [ 76.580924307992191, 11.728674029850747 ], [ 76.580924307992191, 11.729212985074627 ], [ 76.580385321637422, 11.729212985074627 ], [ 76.580385321637422, 11.729482462686567 ], [ 76.580654814814807, 11.729482462686567 ], [ 76.580654814814807, 11.729751940298508 ], [ 76.580924307992191, 11.729751940298508 ], [ 76.580924307992191, 11.730021417910448 ] ], [ [ 76.570414074074066, 11.729482462686567 ], [ 76.570683567251464, 11.729482462686567 ], [ 76.570683567251464, 11.729212985074627 ], [ 76.570414074074066, 11.729212985074627 ], [ 76.570414074074066, 11.729482462686567 ] ], [ [ 76.587392144249506, 11.729482462686567 ], [ 76.588200623781674, 11.729482462686567 ], [ 76.588200623781674, 11.729212985074627 ], [ 76.587392144249506, 11.729212985074627 ], [ 76.587392144249506, 11.729482462686567 ] ], [ [ 76.586583664717338, 11.728135074626866 ], [ 76.587122651072121, 11.728135074626866 ], [ 76.587122651072121, 11.727865597014926 ], [ 76.586853157894737, 11.727865597014926 ], [ 76.586853157894737, 11.727596119402985 ], [ 76.586583664717338, 11.727596119402985 ], [ 76.586583664717338, 11.728135074626866 ] ], [ [ 76.586044678362569, 11.727865597014926 ], [ 76.586314171539954, 11.727865597014926 ], [ 76.586314171539954, 11.727596119402985 ], [ 76.586044678362569, 11.727596119402985 ], [ 76.586044678362569, 11.727865597014926 ] ], [ [ 76.608951598440541, 11.727596119402985 ], [ 76.609221091617925, 11.727596119402985 ], [ 76.609221091617925, 11.727326641791045 ], [ 76.608951598440541, 11.727326641791045 ], [ 76.608951598440541, 11.727596119402985 ] ], [ [ 76.571222553606233, 11.727326641791045 ], [ 76.571492046783618, 11.727326641791045 ], [ 76.571492046783618, 11.726787686567166 ], [ 76.571222553606233, 11.726787686567166 ], [ 76.571222553606233, 11.727326641791045 ] ], [ [ 76.568797115009744, 11.726787686567166 ], [ 76.569066608187129, 11.726787686567166 ], [ 76.569066608187129, 11.726518208955225 ], [ 76.568797115009744, 11.726518208955225 ], [ 76.568797115009744, 11.726787686567166 ] ], [ [ 76.573917485380107, 11.726787686567166 ], [ 76.574186978557506, 11.726787686567166 ], [ 76.574186978557506, 11.726518208955225 ], [ 76.573917485380107, 11.726518208955225 ], [ 76.573917485380107, 11.726787686567166 ] ], [ [ 76.585236198830401, 11.726787686567166 ], [ 76.585775185185184, 11.726787686567166 ], [ 76.585775185185184, 11.726518208955225 ], [ 76.5855056920078, 11.726518208955225 ], [ 76.5855056920078, 11.726248731343285 ], [ 76.585775185185184, 11.726248731343285 ], [ 76.585775185185184, 11.725979253731344 ], [ 76.586314171539954, 11.725979253731344 ], [ 76.586314171539954, 11.726248731343285 ], [ 76.586853157894737, 11.726248731343285 ], [ 76.586853157894737, 11.725979253731344 ], [ 76.587122651072121, 11.725979253731344 ], [ 76.587122651072121, 11.726248731343285 ], [ 76.587661637426891, 11.726248731343285 ], [ 76.587661637426891, 11.726518208955225 ], [ 76.587931130604289, 11.726518208955225 ], [ 76.587931130604289, 11.726248731343285 ], [ 76.588470116959058, 11.726248731343285 ], [ 76.588470116959058, 11.725979253731344 ], [ 76.588200623781674, 11.725979253731344 ], [ 76.588200623781674, 11.725709776119404 ], [ 76.587661637426891, 11.725709776119404 ], [ 76.587661637426891, 11.725440298507463 ], [ 76.587392144249506, 11.725440298507463 ], [ 76.587392144249506, 11.725170820895523 ], [ 76.587122651072121, 11.725170820895523 ], [ 76.587122651072121, 11.724631865671643 ], [ 76.586853157894737, 11.724631865671643 ], [ 76.586853157894737, 11.724362388059703 ], [ 76.585236198830401, 11.724362388059703 ], [ 76.585236198830401, 11.724901343283582 ], [ 76.586044678362569, 11.724901343283582 ], [ 76.586044678362569, 11.725709776119404 ], [ 76.584697212475632, 11.725709776119404 ], [ 76.584697212475632, 11.726248731343285 ], [ 76.585236198830401, 11.726248731343285 ], [ 76.585236198830401, 11.726787686567166 ] ], [ [ 76.57257001949317, 11.726518208955225 ], [ 76.573378499025338, 11.726518208955225 ], [ 76.573378499025338, 11.726248731343285 ], [ 76.573109005847954, 11.726248731343285 ], [ 76.573109005847954, 11.725979253731344 ], [ 76.57257001949317, 11.725979253731344 ], [ 76.57257001949317, 11.726518208955225 ] ], [ [ 76.58361923976608, 11.726518208955225 ], [ 76.583888732943464, 11.726518208955225 ], [ 76.583888732943464, 11.726248731343285 ], [ 76.58361923976608, 11.726248731343285 ], [ 76.58361923976608, 11.726518208955225 ] ], [ [ 76.574725964912275, 11.726248731343285 ], [ 76.575264951267059, 11.726248731343285 ], [ 76.575264951267059, 11.725979253731344 ], [ 76.575534444444443, 11.725979253731344 ], [ 76.575534444444443, 11.725440298507463 ], [ 76.574725964912275, 11.725440298507463 ], [ 76.574725964912275, 11.724901343283582 ], [ 76.574186978557506, 11.724901343283582 ], [ 76.574186978557506, 11.723823432835822 ], [ 76.573917485380107, 11.723823432835822 ], [ 76.573917485380107, 11.723553955223881 ], [ 76.573378499025338, 11.723553955223881 ], [ 76.573378499025338, 11.723823432835822 ], [ 76.573647992202723, 11.723823432835822 ], [ 76.573647992202723, 11.724092910447762 ], [ 76.573917485380107, 11.724092910447762 ], [ 76.573917485380107, 11.725170820895523 ], [ 76.574186978557506, 11.725170820895523 ], [ 76.574186978557506, 11.725440298507463 ], [ 76.573917485380107, 11.725440298507463 ], [ 76.573917485380107, 11.725979253731344 ], [ 76.574456471734891, 11.725979253731344 ], [ 76.574456471734891, 11.725709776119404 ], [ 76.574725964912275, 11.725709776119404 ], [ 76.574725964912275, 11.726248731343285 ] ], [ [ 76.576612417153996, 11.726248731343285 ], [ 76.577151403508765, 11.726248731343285 ], [ 76.577151403508765, 11.725979253731344 ], [ 76.576612417153996, 11.725979253731344 ], [ 76.576612417153996, 11.726248731343285 ] ], [ [ 76.583080253411296, 11.726248731343285 ], [ 76.583349746588695, 11.726248731343285 ], [ 76.583349746588695, 11.725979253731344 ], [ 76.583080253411296, 11.725979253731344 ], [ 76.583080253411296, 11.726248731343285 ] ], [ [ 76.584158226120849, 11.726248731343285 ], [ 76.584427719298247, 11.726248731343285 ], [ 76.584427719298247, 11.725979253731344 ], [ 76.584158226120849, 11.725979253731344 ], [ 76.584158226120849, 11.726248731343285 ] ], [ [ 76.559364853801171, 11.725709776119404 ], [ 76.559634346978555, 11.725709776119404 ], [ 76.559634346978555, 11.725440298507463 ], [ 76.559364853801171, 11.725440298507463 ], [ 76.559364853801171, 11.725709776119404 ] ], [ [ 76.619192339181282, 11.725709776119404 ], [ 76.619461832358667, 11.725709776119404 ], [ 76.619461832358667, 11.725440298507463 ], [ 76.619192339181282, 11.725440298507463 ], [ 76.619192339181282, 11.725709776119404 ] ], [ [ 76.562329278752429, 11.725170820895523 ], [ 76.562598771929814, 11.725170820895523 ], [ 76.562598771929814, 11.724901343283582 ], [ 76.562329278752429, 11.724901343283582 ], [ 76.562329278752429, 11.725170820895523 ] ], [ [ 76.57499545808966, 11.725170820895523 ], [ 76.575534444444443, 11.725170820895523 ], [ 76.575534444444443, 11.724901343283582 ], [ 76.575264951267059, 11.724901343283582 ], [ 76.575264951267059, 11.724092910447762 ], [ 76.575534444444443, 11.724092910447762 ], [ 76.575534444444443, 11.723553955223881 ], [ 76.575264951267059, 11.723553955223881 ], [ 76.575264951267059, 11.72220656716418 ], [ 76.574725964912275, 11.72220656716418 ], [ 76.574725964912275, 11.723823432835822 ], [ 76.57499545808966, 11.723823432835822 ], [ 76.57499545808966, 11.725170820895523 ] ], [ [ 76.580115828460038, 11.725170820895523 ], [ 76.580385321637422, 11.725170820895523 ], [ 76.580385321637422, 11.724901343283582 ], [ 76.580115828460038, 11.724901343283582 ], [ 76.580115828460038, 11.725170820895523 ] ], [ [ 76.584697212475632, 11.725170820895523 ], [ 76.584966705653017, 11.725170820895523 ], [ 76.584966705653017, 11.724901343283582 ], [ 76.584697212475632, 11.724901343283582 ], [ 76.584697212475632, 11.725170820895523 ] ], [ [ 76.554244483430793, 11.724901343283582 ], [ 76.554513976608177, 11.724901343283582 ], [ 76.554513976608177, 11.724362388059703 ], [ 76.554244483430793, 11.724362388059703 ], [ 76.554244483430793, 11.724901343283582 ] ], [ [ 76.569336101364513, 11.724901343283582 ], [ 76.569875087719296, 11.724901343283582 ], [ 76.569875087719296, 11.724631865671643 ], [ 76.570144580896681, 11.724631865671643 ], [ 76.570144580896681, 11.724362388059703 ], [ 76.570414074074066, 11.724362388059703 ], [ 76.570414074074066, 11.724092910447762 ], [ 76.570683567251464, 11.724092910447762 ], [ 76.570683567251464, 11.723553955223881 ], [ 76.570953060428849, 11.723553955223881 ], [ 76.570953060428849, 11.723284477611941 ], [ 76.571222553606233, 11.723284477611941 ], [ 76.571222553606233, 11.72274552238806 ], [ 76.570144580896681, 11.72274552238806 ], [ 76.570144580896681, 11.723284477611941 ], [ 76.570414074074066, 11.723284477611941 ], [ 76.570414074074066, 11.723553955223881 ], [ 76.570144580896681, 11.723553955223881 ], [ 76.570144580896681, 11.724092910447762 ], [ 76.569875087719296, 11.724092910447762 ], [ 76.569875087719296, 11.724362388059703 ], [ 76.569605594541912, 11.724362388059703 ], [ 76.569605594541912, 11.724631865671643 ], [ 76.569336101364513, 11.724631865671643 ], [ 76.569336101364513, 11.724901343283582 ] ], [ [ 76.580385321637422, 11.724901343283582 ], [ 76.580654814814807, 11.724901343283582 ], [ 76.580654814814807, 11.724631865671643 ], [ 76.580385321637422, 11.724631865671643 ], [ 76.580385321637422, 11.724901343283582 ] ], [ [ 76.590356569200779, 11.724901343283582 ], [ 76.590626062378163, 11.724901343283582 ], [ 76.590626062378163, 11.724631865671643 ], [ 76.590356569200779, 11.724631865671643 ], [ 76.590356569200779, 11.724901343283582 ] ], [ [ 76.62000081871345, 11.724901343283582 ], [ 76.620270311890835, 11.724901343283582 ], [ 76.620270311890835, 11.724362388059703 ], [ 76.62000081871345, 11.724362388059703 ], [ 76.62000081871345, 11.724901343283582 ] ], [ [ 76.55316651072124, 11.724631865671643 ], [ 76.553436003898625, 11.724631865671643 ], [ 76.553436003898625, 11.724362388059703 ], [ 76.55316651072124, 11.724362388059703 ], [ 76.55316651072124, 11.724631865671643 ] ], [ [ 76.589548089668611, 11.724631865671643 ], [ 76.589817582845996, 11.724631865671643 ], [ 76.589817582845996, 11.724362388059703 ], [ 76.589548089668611, 11.724362388059703 ], [ 76.589548089668611, 11.724631865671643 ] ], [ [ 76.550741072124751, 11.724362388059703 ], [ 76.551010565302136, 11.724362388059703 ], [ 76.551010565302136, 11.723823432835822 ], [ 76.550741072124751, 11.723823432835822 ], [ 76.550741072124751, 11.724362388059703 ] ], [ [ 76.576073430799212, 11.724362388059703 ], [ 76.576612417153996, 11.724362388059703 ], [ 76.576612417153996, 11.724092910447762 ], [ 76.576073430799212, 11.724092910447762 ], [ 76.576073430799212, 11.724362388059703 ] ], [ [ 76.542117290448346, 11.724092910447762 ], [ 76.54238678362573, 11.724092910447762 ], [ 76.54238678362573, 11.723823432835822 ], [ 76.542656276803115, 11.723823432835822 ], [ 76.542656276803115, 11.723553955223881 ], [ 76.542925769980499, 11.723553955223881 ], [ 76.542925769980499, 11.72274552238806 ], [ 76.542656276803115, 11.72274552238806 ], [ 76.542656276803115, 11.723015 ], [ 76.54238678362573, 11.723015 ], [ 76.54238678362573, 11.723553955223881 ], [ 76.542117290448346, 11.723553955223881 ], [ 76.542117290448346, 11.724092910447762 ] ], [ [ 76.558556374269003, 11.724092910447762 ], [ 76.558825867446387, 11.724092910447762 ], [ 76.558825867446387, 11.723823432835822 ], [ 76.558556374269003, 11.723823432835822 ], [ 76.558556374269003, 11.724092910447762 ] ], [ [ 76.583080253411296, 11.724092910447762 ], [ 76.583349746588695, 11.724092910447762 ], [ 76.583349746588695, 11.723823432835822 ], [ 76.583080253411296, 11.723823432835822 ], [ 76.583080253411296, 11.724092910447762 ] ], [ [ 76.584427719298247, 11.724092910447762 ], [ 76.584697212475632, 11.724092910447762 ], [ 76.584697212475632, 11.723553955223881 ], [ 76.584158226120849, 11.723553955223881 ], [ 76.584158226120849, 11.723823432835822 ], [ 76.584427719298247, 11.723823432835822 ], [ 76.584427719298247, 11.724092910447762 ] ], [ [ 76.617575380116961, 11.723823432835822 ], [ 76.61811436647173, 11.723823432835822 ], [ 76.61811436647173, 11.723284477611941 ], [ 76.618383859649114, 11.723284477611941 ], [ 76.618383859649114, 11.723015 ], [ 76.617575380116961, 11.723015 ], [ 76.617575380116961, 11.723284477611941 ], [ 76.617036393762177, 11.723284477611941 ], [ 76.617036393762177, 11.723553955223881 ], [ 76.617575380116961, 11.723553955223881 ], [ 76.617575380116961, 11.723823432835822 ] ], [ [ 76.54669867446394, 11.723553955223881 ], [ 76.546968167641324, 11.723553955223881 ], [ 76.546968167641324, 11.723284477611941 ], [ 76.54669867446394, 11.723284477611941 ], [ 76.54669867446394, 11.723553955223881 ] ], [ [ 76.555322456140345, 11.723553955223881 ], [ 76.55559194931773, 11.723553955223881 ], [ 76.55559194931773, 11.723284477611941 ], [ 76.555322456140345, 11.723284477611941 ], [ 76.555322456140345, 11.723553955223881 ] ], [ [ 76.560712319688108, 11.723553955223881 ], [ 76.560981812865492, 11.723553955223881 ], [ 76.560981812865492, 11.723284477611941 ], [ 76.560712319688108, 11.723284477611941 ], [ 76.560712319688108, 11.723553955223881 ] ], [ [ 76.580924307992191, 11.723553955223881 ], [ 76.58119380116959, 11.723553955223881 ], [ 76.58119380116959, 11.723284477611941 ], [ 76.580924307992191, 11.723284477611941 ], [ 76.580924307992191, 11.723553955223881 ] ], [ [ 76.541578304093562, 11.723284477611941 ], [ 76.541847797270947, 11.723284477611941 ], [ 76.541847797270947, 11.723015 ], [ 76.541578304093562, 11.723015 ], [ 76.541578304093562, 11.723284477611941 ] ], [ [ 76.544542729044835, 11.723284477611941 ], [ 76.54481222222222, 11.723284477611941 ], [ 76.54481222222222, 11.723015 ], [ 76.544542729044835, 11.723015 ], [ 76.544542729044835, 11.723284477611941 ] ], [ [ 76.573378499025338, 11.723284477611941 ], [ 76.573647992202723, 11.723284477611941 ], [ 76.573647992202723, 11.72193708955224 ], [ 76.573378499025338, 11.72193708955224 ], [ 76.573378499025338, 11.721667611940299 ], [ 76.572839512670555, 11.721667611940299 ], [ 76.572839512670555, 11.72220656716418 ], [ 76.573109005847954, 11.72220656716418 ], [ 76.573109005847954, 11.72274552238806 ], [ 76.573378499025338, 11.72274552238806 ], [ 76.573378499025338, 11.723284477611941 ] ], [ [ 76.579846335282653, 11.723284477611941 ], [ 76.580115828460038, 11.723284477611941 ], [ 76.580115828460038, 11.722476044776119 ], [ 76.580385321637422, 11.722476044776119 ], [ 76.580385321637422, 11.72220656716418 ], [ 76.580654814814807, 11.72220656716418 ], [ 76.580654814814807, 11.72193708955224 ], [ 76.580924307992191, 11.72193708955224 ], [ 76.580924307992191, 11.721398134328359 ], [ 76.58119380116959, 11.721398134328359 ], [ 76.58119380116959, 11.72193708955224 ], [ 76.581463294346975, 11.72193708955224 ], [ 76.581463294346975, 11.721667611940299 ], [ 76.581732787524359, 11.721667611940299 ], [ 76.581732787524359, 11.72193708955224 ], [ 76.582271773879143, 11.72193708955224 ], [ 76.582271773879143, 11.721667611940299 ], [ 76.582541267056527, 11.721667611940299 ], [ 76.582541267056527, 11.72193708955224 ], [ 76.582810760233912, 11.72193708955224 ], [ 76.582810760233912, 11.72220656716418 ], [ 76.583080253411296, 11.72220656716418 ], [ 76.583080253411296, 11.721667611940299 ], [ 76.583349746588695, 11.721667611940299 ], [ 76.583349746588695, 11.721398134328359 ], [ 76.58361923976608, 11.721398134328359 ], [ 76.58361923976608, 11.721128656716418 ], [ 76.583888732943464, 11.721128656716418 ], [ 76.583888732943464, 11.719511791044777 ], [ 76.58361923976608, 11.719511791044777 ], [ 76.58361923976608, 11.719242313432837 ], [ 76.583080253411296, 11.719242313432837 ], [ 76.583080253411296, 11.719511791044777 ], [ 76.582271773879143, 11.719511791044777 ], [ 76.582271773879143, 11.719242313432837 ], [ 76.581732787524359, 11.719242313432837 ], [ 76.581732787524359, 11.719511791044777 ], [ 76.58119380116959, 11.719511791044777 ], [ 76.58119380116959, 11.719781268656718 ], [ 76.580924307992191, 11.719781268656718 ], [ 76.580924307992191, 11.720320223880597 ], [ 76.580654814814807, 11.720320223880597 ], [ 76.580654814814807, 11.720050746268658 ], [ 76.580115828460038, 11.720050746268658 ], [ 76.580115828460038, 11.721128656716418 ], [ 76.579846335282653, 11.721128656716418 ], [ 76.579846335282653, 11.721667611940299 ], [ 76.580115828460038, 11.721667611940299 ], [ 76.580115828460038, 11.721398134328359 ], [ 76.580385321637422, 11.721398134328359 ], [ 76.580385321637422, 11.72193708955224 ], [ 76.580115828460038, 11.72193708955224 ], [ 76.580115828460038, 11.72220656716418 ], [ 76.579846335282653, 11.72220656716418 ], [ 76.579846335282653, 11.722476044776119 ], [ 76.57930734892787, 11.722476044776119 ], [ 76.57930734892787, 11.72274552238806 ], [ 76.579576842105254, 11.72274552238806 ], [ 76.579576842105254, 11.723015 ], [ 76.579846335282653, 11.723015 ], [ 76.579846335282653, 11.723284477611941 ] ], [ [ 76.58119380116959, 11.723284477611941 ], [ 76.581463294346975, 11.723284477611941 ], [ 76.581463294346975, 11.723015 ], [ 76.58119380116959, 11.723015 ], [ 76.58119380116959, 11.723284477611941 ] ], [ [ 76.555861442495129, 11.723015 ], [ 76.556130935672513, 11.723015 ], [ 76.556130935672513, 11.722476044776119 ], [ 76.555861442495129, 11.722476044776119 ], [ 76.555861442495129, 11.723015 ] ], [ [ 76.57257001949317, 11.723015 ], [ 76.572839512670555, 11.723015 ], [ 76.572839512670555, 11.722476044776119 ], [ 76.57257001949317, 11.722476044776119 ], [ 76.57257001949317, 11.723015 ] ], [ [ 76.568797115009744, 11.72274552238806 ], [ 76.569066608187129, 11.72274552238806 ], [ 76.569066608187129, 11.722476044776119 ], [ 76.568797115009744, 11.722476044776119 ], [ 76.568797115009744, 11.72274552238806 ] ], [ [ 76.581463294346975, 11.72274552238806 ], [ 76.582002280701744, 11.72274552238806 ], [ 76.582002280701744, 11.72220656716418 ], [ 76.581732787524359, 11.72220656716418 ], [ 76.581732787524359, 11.722476044776119 ], [ 76.581463294346975, 11.722476044776119 ], [ 76.581463294346975, 11.72274552238806 ] ], [ [ 76.617036393762177, 11.72274552238806 ], [ 76.617575380116961, 11.72274552238806 ], [ 76.617575380116961, 11.722476044776119 ], [ 76.617305886939562, 11.722476044776119 ], [ 76.617305886939562, 11.72220656716418 ], [ 76.617036393762177, 11.72220656716418 ], [ 76.617036393762177, 11.72274552238806 ] ], [ [ 76.540769824561394, 11.722476044776119 ], [ 76.541039317738793, 11.722476044776119 ], [ 76.541039317738793, 11.72220656716418 ], [ 76.540769824561394, 11.72220656716418 ], [ 76.540769824561394, 11.722476044776119 ] ], [ [ 76.568527621832359, 11.722476044776119 ], [ 76.568797115009744, 11.722476044776119 ], [ 76.568797115009744, 11.72220656716418 ], [ 76.568527621832359, 11.72220656716418 ], [ 76.568527621832359, 11.722476044776119 ] ], [ [ 76.559364853801171, 11.72220656716418 ], [ 76.559634346978555, 11.72220656716418 ], [ 76.559634346978555, 11.72193708955224 ], [ 76.559364853801171, 11.72193708955224 ], [ 76.559364853801171, 11.72220656716418 ] ], [ [ 76.599249844054583, 11.72220656716418 ], [ 76.599788830409352, 11.72220656716418 ], [ 76.599788830409352, 11.72193708955224 ], [ 76.599249844054583, 11.72193708955224 ], [ 76.599249844054583, 11.72220656716418 ] ], [ [ 76.559634346978555, 11.721667611940299 ], [ 76.55990384015594, 11.721667611940299 ], [ 76.55990384015594, 11.721398134328359 ], [ 76.559634346978555, 11.721398134328359 ], [ 76.559634346978555, 11.721667611940299 ] ], [ [ 76.573378499025338, 11.721667611940299 ], [ 76.573647992202723, 11.721667611940299 ], [ 76.573647992202723, 11.721128656716418 ], [ 76.573378499025338, 11.721128656716418 ], [ 76.573378499025338, 11.721667611940299 ] ], [ [ 76.576073430799212, 11.721667611940299 ], [ 76.576342923976597, 11.721667611940299 ], [ 76.576342923976597, 11.721398134328359 ], [ 76.576073430799212, 11.721398134328359 ], [ 76.576073430799212, 11.721667611940299 ] ], [ [ 76.57930734892787, 11.721667611940299 ], [ 76.579576842105254, 11.721667611940299 ], [ 76.579576842105254, 11.721128656716418 ], [ 76.578768362573101, 11.721128656716418 ], [ 76.578768362573101, 11.721398134328359 ], [ 76.57930734892787, 11.721398134328359 ], [ 76.57930734892787, 11.721667611940299 ] ], [ [ 76.586583664717338, 11.721667611940299 ], [ 76.586853157894737, 11.721667611940299 ], [ 76.586853157894737, 11.721398134328359 ], [ 76.586583664717338, 11.721398134328359 ], [ 76.586583664717338, 11.721667611940299 ] ], [ [ 76.586314171539954, 11.721398134328359 ], [ 76.586583664717338, 11.721398134328359 ], [ 76.586583664717338, 11.720859179104478 ], [ 76.586314171539954, 11.720859179104478 ], [ 76.586314171539954, 11.721398134328359 ] ], [ [ 76.55316651072124, 11.721128656716418 ], [ 76.553436003898625, 11.721128656716418 ], [ 76.553436003898625, 11.720589701492537 ], [ 76.55316651072124, 11.720589701492537 ], [ 76.55316651072124, 11.721128656716418 ] ], [ [ 76.563407251461982, 11.720859179104478 ], [ 76.563676744639366, 11.720859179104478 ], [ 76.563676744639366, 11.720589701492537 ], [ 76.563407251461982, 11.720589701492537 ], [ 76.563407251461982, 11.720859179104478 ] ], [ [ 76.576342923976597, 11.720859179104478 ], [ 76.577151403508765, 11.720859179104478 ], [ 76.577151403508765, 11.720589701492537 ], [ 76.577420896686149, 11.720589701492537 ], [ 76.577420896686149, 11.720320223880597 ], [ 76.577151403508765, 11.720320223880597 ], [ 76.577151403508765, 11.719511791044777 ], [ 76.577420896686149, 11.719511791044777 ], [ 76.577420896686149, 11.719242313432837 ], [ 76.576342923976597, 11.719242313432837 ], [ 76.576342923976597, 11.719781268656718 ], [ 76.576612417153996, 11.719781268656718 ], [ 76.576612417153996, 11.720050746268658 ], [ 76.57688191033138, 11.720050746268658 ], [ 76.57688191033138, 11.720320223880597 ], [ 76.576612417153996, 11.720320223880597 ], [ 76.576612417153996, 11.720589701492537 ], [ 76.576342923976597, 11.720589701492537 ], [ 76.576342923976597, 11.720859179104478 ] ], [ [ 76.585775185185184, 11.720859179104478 ], [ 76.586314171539954, 11.720859179104478 ], [ 76.586314171539954, 11.720589701492537 ], [ 76.586583664717338, 11.720589701492537 ], [ 76.586583664717338, 11.720050746268658 ], [ 76.586853157894737, 11.720050746268658 ], [ 76.586853157894737, 11.719781268656718 ], [ 76.586044678362569, 11.719781268656718 ], [ 76.586044678362569, 11.719242313432837 ], [ 76.585775185185184, 11.719242313432837 ], [ 76.585775185185184, 11.718433880597015 ], [ 76.5855056920078, 11.718433880597015 ], [ 76.5855056920078, 11.718164402985074 ], [ 76.585236198830401, 11.718164402985074 ], [ 76.585236198830401, 11.717894925373136 ], [ 76.584427719298247, 11.717894925373136 ], [ 76.584427719298247, 11.718164402985074 ], [ 76.584697212475632, 11.718164402985074 ], [ 76.584697212475632, 11.719511791044777 ], [ 76.585236198830401, 11.719511791044777 ], [ 76.585236198830401, 11.719781268656718 ], [ 76.584966705653017, 11.719781268656718 ], [ 76.584966705653017, 11.720050746268658 ], [ 76.585236198830401, 11.720050746268658 ], [ 76.585236198830401, 11.720320223880597 ], [ 76.5855056920078, 11.720320223880597 ], [ 76.5855056920078, 11.720589701492537 ], [ 76.585775185185184, 11.720589701492537 ], [ 76.585775185185184, 11.720859179104478 ] ], [ [ 76.551819044834303, 11.720589701492537 ], [ 76.552088538011688, 11.720589701492537 ], [ 76.552088538011688, 11.719781268656718 ], [ 76.551549551656919, 11.719781268656718 ], [ 76.551549551656919, 11.720320223880597 ], [ 76.551819044834303, 11.720320223880597 ], [ 76.551819044834303, 11.720589701492537 ] ], [ [ 76.558017387914219, 11.720589701492537 ], [ 76.558286881091618, 11.720589701492537 ], [ 76.558286881091618, 11.720320223880597 ], [ 76.558556374269003, 11.720320223880597 ], [ 76.558556374269003, 11.720050746268658 ], [ 76.558825867446387, 11.720050746268658 ], [ 76.558825867446387, 11.720320223880597 ], [ 76.559095360623772, 11.720320223880597 ], [ 76.559095360623772, 11.719781268656718 ], [ 76.558825867446387, 11.719781268656718 ], [ 76.558825867446387, 11.719242313432837 ], [ 76.558286881091618, 11.719242313432837 ], [ 76.558286881091618, 11.720050746268658 ], [ 76.558017387914219, 11.720050746268658 ], [ 76.558017387914219, 11.719781268656718 ], [ 76.557747894736835, 11.719781268656718 ], [ 76.557747894736835, 11.720320223880597 ], [ 76.558017387914219, 11.720320223880597 ], [ 76.558017387914219, 11.720589701492537 ] ], [ [ 76.614341461988303, 11.720589701492537 ], [ 76.614610955165688, 11.720589701492537 ], [ 76.614610955165688, 11.719781268656718 ], [ 76.614341461988303, 11.719781268656718 ], [ 76.614341461988303, 11.720589701492537 ] ], [ [ 76.553436003898625, 11.720320223880597 ], [ 76.553705497076024, 11.720320223880597 ], [ 76.553705497076024, 11.719242313432837 ], [ 76.553436003898625, 11.719242313432837 ], [ 76.553436003898625, 11.719781268656718 ], [ 76.55316651072124, 11.719781268656718 ], [ 76.55316651072124, 11.720050746268658 ], [ 76.553436003898625, 11.720050746268658 ], [ 76.553436003898625, 11.720320223880597 ] ], [ [ 76.564485224171534, 11.719781268656718 ], [ 76.565024210526317, 11.719781268656718 ], [ 76.565024210526317, 11.718972835820896 ], [ 76.564754717348919, 11.718972835820896 ], [ 76.564754717348919, 11.719242313432837 ], [ 76.564485224171534, 11.719242313432837 ], [ 76.564485224171534, 11.719781268656718 ] ], [ [ 76.568258128654961, 11.719781268656718 ], [ 76.568527621832359, 11.719781268656718 ], [ 76.568527621832359, 11.719511791044777 ], [ 76.568258128654961, 11.719511791044777 ], [ 76.568258128654961, 11.719781268656718 ] ], [ [ 76.544003742690052, 11.719511791044777 ], [ 76.544273235867436, 11.719511791044777 ], [ 76.544273235867436, 11.719242313432837 ], [ 76.544003742690052, 11.719242313432837 ], [ 76.544003742690052, 11.719511791044777 ] ], [ [ 76.555052962962961, 11.719511791044777 ], [ 76.555322456140345, 11.719511791044777 ], [ 76.555322456140345, 11.719242313432837 ], [ 76.555052962962961, 11.719242313432837 ], [ 76.555052962962961, 11.719511791044777 ] ], [ [ 76.617036393762177, 11.719242313432837 ], [ 76.617305886939562, 11.719242313432837 ], [ 76.617305886939562, 11.718972835820896 ], [ 76.617036393762177, 11.718972835820896 ], [ 76.617036393762177, 11.719242313432837 ] ], [ [ 76.552358031189073, 11.718972835820896 ], [ 76.552627524366471, 11.718972835820896 ], [ 76.552627524366471, 11.718433880597015 ], [ 76.552088538011688, 11.718433880597015 ], [ 76.552088538011688, 11.718703358208955 ], [ 76.552358031189073, 11.718703358208955 ], [ 76.552358031189073, 11.718972835820896 ] ], [ [ 76.586853157894737, 11.718972835820896 ], [ 76.587122651072121, 11.718972835820896 ], [ 76.587122651072121, 11.718703358208955 ], [ 76.586853157894737, 11.718703358208955 ], [ 76.586853157894737, 11.718972835820896 ] ], [ [ 76.615149941520457, 11.718972835820896 ], [ 76.61568892787524, 11.718972835820896 ], [ 76.61568892787524, 11.718703358208955 ], [ 76.615149941520457, 11.718703358208955 ], [ 76.615149941520457, 11.718972835820896 ] ], [ [ 76.616497407407408, 11.718972835820896 ], [ 76.617036393762177, 11.718972835820896 ], [ 76.617036393762177, 11.718433880597015 ], [ 76.616766900584793, 11.718433880597015 ], [ 76.616766900584793, 11.718703358208955 ], [ 76.616497407407408, 11.718703358208955 ], [ 76.616497407407408, 11.718972835820896 ] ], [ [ 76.541308810916178, 11.718703358208955 ], [ 76.541847797270947, 11.718703358208955 ], [ 76.541847797270947, 11.718433880597015 ], [ 76.541308810916178, 11.718433880597015 ], [ 76.541308810916178, 11.718703358208955 ] ], [ [ 76.599519337231968, 11.718703358208955 ], [ 76.599788830409352, 11.718703358208955 ], [ 76.599788830409352, 11.718433880597015 ], [ 76.599519337231968, 11.718433880597015 ], [ 76.599519337231968, 11.718703358208955 ] ], [ [ 76.541039317738793, 11.718433880597015 ], [ 76.541308810916178, 11.718433880597015 ], [ 76.541308810916178, 11.717894925373136 ], [ 76.541039317738793, 11.717894925373136 ], [ 76.541039317738793, 11.718433880597015 ] ], [ [ 76.588200623781674, 11.718433880597015 ], [ 76.588739610136443, 11.718433880597015 ], [ 76.588739610136443, 11.718164402985074 ], [ 76.588200623781674, 11.718164402985074 ], [ 76.588200623781674, 11.718433880597015 ] ], [ [ 76.617575380116961, 11.718433880597015 ], [ 76.619192339181282, 11.718433880597015 ], [ 76.619192339181282, 11.718164402985074 ], [ 76.62000081871345, 11.718164402985074 ], [ 76.62000081871345, 11.717894925373136 ], [ 76.620270311890835, 11.717894925373136 ], [ 76.620270311890835, 11.717355970149255 ], [ 76.619731325536051, 11.717355970149255 ], [ 76.619731325536051, 11.717625447761195 ], [ 76.618922846003898, 11.717625447761195 ], [ 76.618922846003898, 11.717894925373136 ], [ 76.618383859649114, 11.717894925373136 ], [ 76.618383859649114, 11.718164402985074 ], [ 76.617575380116961, 11.718164402985074 ], [ 76.617575380116961, 11.718433880597015 ] ], [ [ 76.563137758284597, 11.718164402985074 ], [ 76.563407251461982, 11.718164402985074 ], [ 76.563407251461982, 11.717355970149255 ], [ 76.563676744639366, 11.717355970149255 ], [ 76.563676744639366, 11.715739104477613 ], [ 76.563407251461982, 11.715739104477613 ], [ 76.563407251461982, 11.714661194029851 ], [ 76.562868265107213, 11.714661194029851 ], [ 76.562868265107213, 11.714930671641792 ], [ 76.562598771929814, 11.714930671641792 ], [ 76.562598771929814, 11.715200149253732 ], [ 76.562329278752429, 11.715200149253732 ], [ 76.562329278752429, 11.714930671641792 ], [ 76.561520799220276, 11.714930671641792 ], [ 76.561520799220276, 11.714661194029851 ], [ 76.560981812865492, 11.714661194029851 ], [ 76.560981812865492, 11.714391716417911 ], [ 76.559095360623772, 11.714391716417911 ], [ 76.559095360623772, 11.713583283582091 ], [ 76.558825867446387, 11.713583283582091 ], [ 76.558825867446387, 11.71331380597015 ], [ 76.558556374269003, 11.71331380597015 ], [ 76.558556374269003, 11.71304432835821 ], [ 76.558286881091618, 11.71304432835821 ], [ 76.558286881091618, 11.712235895522388 ], [ 76.558017387914219, 11.712235895522388 ], [ 76.558017387914219, 11.711966417910448 ], [ 76.557747894736835, 11.711966417910448 ], [ 76.557747894736835, 11.711696940298507 ], [ 76.55747840155945, 11.711696940298507 ], [ 76.55747840155945, 11.711966417910448 ], [ 76.557208908382066, 11.711966417910448 ], [ 76.557208908382066, 11.712235895522388 ], [ 76.556939415204681, 11.712235895522388 ], [ 76.556939415204681, 11.712505373134329 ], [ 76.557208908382066, 11.712505373134329 ], [ 76.557208908382066, 11.712774850746269 ], [ 76.556939415204681, 11.712774850746269 ], [ 76.556939415204681, 11.71331380597015 ], [ 76.557208908382066, 11.71331380597015 ], [ 76.557208908382066, 11.71304432835821 ], [ 76.55747840155945, 11.71304432835821 ], [ 76.55747840155945, 11.712774850746269 ], [ 76.557747894736835, 11.712774850746269 ], [ 76.557747894736835, 11.71304432835821 ], [ 76.558017387914219, 11.71304432835821 ], [ 76.558017387914219, 11.713583283582091 ], [ 76.558556374269003, 11.713583283582091 ], [ 76.558556374269003, 11.715200149253732 ], [ 76.559095360623772, 11.715200149253732 ], [ 76.559095360623772, 11.714661194029851 ], [ 76.559364853801171, 11.714661194029851 ], [ 76.559364853801171, 11.715200149253732 ], [ 76.559634346978555, 11.715200149253732 ], [ 76.559634346978555, 11.716008582089552 ], [ 76.55990384015594, 11.716008582089552 ], [ 76.55990384015594, 11.716278059701493 ], [ 76.560442826510723, 11.716278059701493 ], [ 76.560442826510723, 11.716547537313433 ], [ 76.560712319688108, 11.716547537313433 ], [ 76.560712319688108, 11.716817014925374 ], [ 76.560981812865492, 11.716817014925374 ], [ 76.560981812865492, 11.717086492537314 ], [ 76.56179029239766, 11.717086492537314 ], [ 76.56179029239766, 11.717355970149255 ], [ 76.562329278752429, 11.717355970149255 ], [ 76.562329278752429, 11.717625447761195 ], [ 76.562598771929814, 11.717625447761195 ], [ 76.562598771929814, 11.717894925373136 ], [ 76.563137758284597, 11.717894925373136 ], [ 76.563137758284597, 11.718164402985074 ] ], [ [ 76.587122651072121, 11.718164402985074 ], [ 76.587392144249506, 11.718164402985074 ], [ 76.587392144249506, 11.717894925373136 ], [ 76.587122651072121, 11.717894925373136 ], [ 76.587122651072121, 11.718164402985074 ] ], [ [ 76.597093898635478, 11.718164402985074 ], [ 76.597363391812863, 11.718164402985074 ], [ 76.597363391812863, 11.717894925373136 ], [ 76.597093898635478, 11.717894925373136 ], [ 76.597093898635478, 11.718164402985074 ] ], [ [ 76.598441364522415, 11.718164402985074 ], [ 76.598980350877184, 11.718164402985074 ], [ 76.598980350877184, 11.717625447761195 ], [ 76.5987108576998, 11.717625447761195 ], [ 76.5987108576998, 11.717894925373136 ], [ 76.598441364522415, 11.717894925373136 ], [ 76.598441364522415, 11.718164402985074 ] ], [ [ 76.617036393762177, 11.718164402985074 ], [ 76.617575380116961, 11.718164402985074 ], [ 76.617575380116961, 11.717625447761195 ], [ 76.617305886939562, 11.717625447761195 ], [ 76.617305886939562, 11.717086492537314 ], [ 76.617575380116961, 11.717086492537314 ], [ 76.617575380116961, 11.717355970149255 ], [ 76.617844873294345, 11.717355970149255 ], [ 76.617844873294345, 11.717086492537314 ], [ 76.618383859649114, 11.717086492537314 ], [ 76.618383859649114, 11.716817014925374 ], [ 76.61811436647173, 11.716817014925374 ], [ 76.61811436647173, 11.716547537313433 ], [ 76.617036393762177, 11.716547537313433 ], [ 76.617036393762177, 11.716278059701493 ], [ 76.616497407407408, 11.716278059701493 ], [ 76.616497407407408, 11.716547537313433 ], [ 76.616766900584793, 11.716547537313433 ], [ 76.616766900584793, 11.717355970149255 ], [ 76.617036393762177, 11.717355970149255 ], [ 76.617036393762177, 11.718164402985074 ] ], [ [ 76.53807489278752, 11.717894925373136 ], [ 76.538344385964905, 11.717894925373136 ], [ 76.538344385964905, 11.717355970149255 ], [ 76.538613879142289, 11.717355970149255 ], [ 76.538613879142289, 11.717625447761195 ], [ 76.539152865497073, 11.717625447761195 ], [ 76.539152865497073, 11.717355970149255 ], [ 76.539961345029241, 11.717355970149255 ], [ 76.539961345029241, 11.717625447761195 ], [ 76.540769824561394, 11.717625447761195 ], [ 76.540769824561394, 11.717894925373136 ], [ 76.541039317738793, 11.717894925373136 ], [ 76.541039317738793, 11.717086492537314 ], [ 76.541308810916178, 11.717086492537314 ], [ 76.541308810916178, 11.716547537313433 ], [ 76.541578304093562, 11.716547537313433 ], [ 76.541578304093562, 11.716278059701493 ], [ 76.542117290448346, 11.716278059701493 ], [ 76.542117290448346, 11.715739104477613 ], [ 76.54238678362573, 11.715739104477613 ], [ 76.54238678362573, 11.715469626865673 ], [ 76.542656276803115, 11.715469626865673 ], [ 76.542656276803115, 11.715200149253732 ], [ 76.543195263157884, 11.715200149253732 ], [ 76.543195263157884, 11.714661194029851 ], [ 76.542925769980499, 11.714661194029851 ], [ 76.542925769980499, 11.714391716417911 ], [ 76.54238678362573, 11.714391716417911 ], [ 76.54238678362573, 11.71412223880597 ], [ 76.541847797270947, 11.71412223880597 ], [ 76.541847797270947, 11.71385276119403 ], [ 76.541578304093562, 11.71385276119403 ], [ 76.541578304093562, 11.71412223880597 ], [ 76.541308810916178, 11.71412223880597 ], [ 76.541308810916178, 11.714661194029851 ], [ 76.540769824561394, 11.714661194029851 ], [ 76.540769824561394, 11.714930671641792 ], [ 76.540230838206625, 11.714930671641792 ], [ 76.540230838206625, 11.715200149253732 ], [ 76.539961345029241, 11.715200149253732 ], [ 76.539961345029241, 11.714391716417911 ], [ 76.539422358674457, 11.714391716417911 ], [ 76.539422358674457, 11.715200149253732 ], [ 76.539691851851842, 11.715200149253732 ], [ 76.539691851851842, 11.715469626865673 ], [ 76.539152865497073, 11.715469626865673 ], [ 76.539152865497073, 11.715200149253732 ], [ 76.538883372319688, 11.715200149253732 ], [ 76.538883372319688, 11.715469626865673 ], [ 76.538344385964905, 11.715469626865673 ], [ 76.538344385964905, 11.715739104477613 ], [ 76.538613879142289, 11.715739104477613 ], [ 76.538613879142289, 11.716008582089552 ], [ 76.53807489278752, 11.716008582089552 ], [ 76.53807489278752, 11.716817014925374 ], [ 76.537805399610136, 11.716817014925374 ], [ 76.537805399610136, 11.717355970149255 ], [ 76.53807489278752, 11.717355970149255 ], [ 76.53807489278752, 11.717894925373136 ] ], [ [ 76.596824405458079, 11.717894925373136 ], [ 76.597093898635478, 11.717894925373136 ], [ 76.597093898635478, 11.717625447761195 ], [ 76.596824405458079, 11.717625447761195 ], [ 76.596824405458079, 11.717894925373136 ] ], [ [ 76.60059730994152, 11.717894925373136 ], [ 76.600866803118905, 11.717894925373136 ], [ 76.600866803118905, 11.717625447761195 ], [ 76.60059730994152, 11.717625447761195 ], [ 76.60059730994152, 11.717894925373136 ] ], [ [ 76.600058323586737, 11.717625447761195 ], [ 76.60059730994152, 11.717625447761195 ], [ 76.60059730994152, 11.717355970149255 ], [ 76.600058323586737, 11.717355970149255 ], [ 76.600058323586737, 11.717625447761195 ] ], [ [ 76.620539805068219, 11.717625447761195 ], [ 76.621078791423002, 11.717625447761195 ], [ 76.621078791423002, 11.717355970149255 ], [ 76.62242625730994, 11.717355970149255 ], [ 76.62242625730994, 11.717086492537314 ], [ 76.621617777777772, 11.717086492537314 ], [ 76.621617777777772, 11.716817014925374 ], [ 76.621078791423002, 11.716817014925374 ], [ 76.621078791423002, 11.716547537313433 ], [ 76.620539805068219, 11.716547537313433 ], [ 76.620539805068219, 11.716817014925374 ], [ 76.620270311890835, 11.716817014925374 ], [ 76.620270311890835, 11.717355970149255 ], [ 76.620539805068219, 11.717355970149255 ], [ 76.620539805068219, 11.717625447761195 ] ], [ [ 76.559634346978555, 11.717355970149255 ], [ 76.55990384015594, 11.717355970149255 ], [ 76.55990384015594, 11.717086492537314 ], [ 76.559634346978555, 11.717086492537314 ], [ 76.559634346978555, 11.717355970149255 ] ], [ [ 76.599788830409352, 11.717355970149255 ], [ 76.600058323586737, 11.717355970149255 ], [ 76.600058323586737, 11.717086492537314 ], [ 76.599788830409352, 11.717086492537314 ], [ 76.599788830409352, 11.717355970149255 ] ], [ [ 76.601136296296289, 11.717355970149255 ], [ 76.601405789473674, 11.717355970149255 ], [ 76.601405789473674, 11.717086492537314 ], [ 76.601136296296289, 11.717086492537314 ], [ 76.601136296296289, 11.717355970149255 ] ], [ [ 76.537266413255352, 11.717086492537314 ], [ 76.537535906432751, 11.717086492537314 ], [ 76.537535906432751, 11.716817014925374 ], [ 76.537266413255352, 11.716817014925374 ], [ 76.537266413255352, 11.717086492537314 ] ], [ [ 76.545351208576989, 11.717086492537314 ], [ 76.546159688109157, 11.717086492537314 ], [ 76.546159688109157, 11.716817014925374 ], [ 76.545890194931772, 11.716817014925374 ], [ 76.545890194931772, 11.716547537313433 ], [ 76.545620701754387, 11.716547537313433 ], [ 76.545620701754387, 11.716278059701493 ], [ 76.545351208576989, 11.716278059701493 ], [ 76.545351208576989, 11.717086492537314 ] ], [ [ 76.55559194931773, 11.717086492537314 ], [ 76.555861442495129, 11.717086492537314 ], [ 76.555861442495129, 11.716817014925374 ], [ 76.55559194931773, 11.716817014925374 ], [ 76.55559194931773, 11.717086492537314 ] ], [ [ 76.556669922027282, 11.717086492537314 ], [ 76.556939415204681, 11.717086492537314 ], [ 76.556939415204681, 11.716547537313433 ], [ 76.556669922027282, 11.716547537313433 ], [ 76.556669922027282, 11.716278059701493 ], [ 76.556400428849898, 11.716278059701493 ], [ 76.556400428849898, 11.716817014925374 ], [ 76.556669922027282, 11.716817014925374 ], [ 76.556669922027282, 11.717086492537314 ] ], [ [ 76.587931130604289, 11.717086492537314 ], [ 76.588200623781674, 11.717086492537314 ], [ 76.588200623781674, 11.716817014925374 ], [ 76.587931130604289, 11.716817014925374 ], [ 76.587931130604289, 11.717086492537314 ] ], [ [ 76.535649454191031, 11.716817014925374 ], [ 76.535918947368415, 11.716817014925374 ], [ 76.535918947368415, 11.716547537313433 ], [ 76.535649454191031, 11.716547537313433 ], [ 76.535649454191031, 11.716817014925374 ] ], [ [ 76.549932592592583, 11.716817014925374 ], [ 76.550202085769982, 11.716817014925374 ], [ 76.550202085769982, 11.716278059701493 ], [ 76.549932592592583, 11.716278059701493 ], [ 76.549932592592583, 11.716817014925374 ] ], [ [ 76.599519337231968, 11.716817014925374 ], [ 76.599788830409352, 11.716817014925374 ], [ 76.599788830409352, 11.716278059701493 ], [ 76.599519337231968, 11.716278059701493 ], [ 76.599519337231968, 11.716817014925374 ] ], [ [ 76.61380247563352, 11.716817014925374 ], [ 76.614071968810919, 11.716817014925374 ], [ 76.614071968810919, 11.716278059701493 ], [ 76.61380247563352, 11.716278059701493 ], [ 76.61380247563352, 11.716817014925374 ] ], [ [ 76.537266413255352, 11.716547537313433 ], [ 76.537535906432751, 11.716547537313433 ], [ 76.537535906432751, 11.716278059701493 ], [ 76.537805399610136, 11.716278059701493 ], [ 76.537805399610136, 11.716008582089552 ], [ 76.537266413255352, 11.716008582089552 ], [ 76.537266413255352, 11.716547537313433 ] ], [ [ 76.572839512670555, 11.716547537313433 ], [ 76.573109005847954, 11.716547537313433 ], [ 76.573109005847954, 11.716278059701493 ], [ 76.572839512670555, 11.716278059701493 ], [ 76.572839512670555, 11.716547537313433 ] ], [ [ 76.588470116959058, 11.716547537313433 ], [ 76.588739610136443, 11.716547537313433 ], [ 76.588739610136443, 11.716008582089552 ], [ 76.588470116959058, 11.716008582089552 ], [ 76.588470116959058, 11.716547537313433 ] ], [ [ 76.624582202729044, 11.716547537313433 ], [ 76.624851695906429, 11.716547537313433 ], [ 76.624851695906429, 11.716278059701493 ], [ 76.624582202729044, 11.716278059701493 ], [ 76.624582202729044, 11.716547537313433 ] ], [ [ 76.57257001949317, 11.716278059701493 ], [ 76.572839512670555, 11.716278059701493 ], [ 76.572839512670555, 11.715469626865673 ], [ 76.573109005847954, 11.715469626865673 ], [ 76.573109005847954, 11.714661194029851 ], [ 76.572839512670555, 11.714661194029851 ], [ 76.572839512670555, 11.714930671641792 ], [ 76.572300526315786, 11.714930671641792 ], [ 76.572300526315786, 11.715200149253732 ], [ 76.57257001949317, 11.715200149253732 ], [ 76.57257001949317, 11.716278059701493 ] ], [ [ 76.582541267056527, 11.716278059701493 ], [ 76.582810760233912, 11.716278059701493 ], [ 76.582810760233912, 11.715739104477613 ], [ 76.582541267056527, 11.715739104477613 ], [ 76.582541267056527, 11.716278059701493 ] ], [ [ 76.54481222222222, 11.716008582089552 ], [ 76.545351208576989, 11.716008582089552 ], [ 76.545351208576989, 11.715739104477613 ], [ 76.54481222222222, 11.715739104477613 ], [ 76.54481222222222, 11.716008582089552 ] ], [ [ 76.551549551656919, 11.716008582089552 ], [ 76.551819044834303, 11.716008582089552 ], [ 76.551819044834303, 11.715739104477613 ], [ 76.552088538011688, 11.715739104477613 ], [ 76.552088538011688, 11.714930671641792 ], [ 76.552358031189073, 11.714930671641792 ], [ 76.552358031189073, 11.714391716417911 ], [ 76.552088538011688, 11.714391716417911 ], [ 76.552088538011688, 11.71412223880597 ], [ 76.551819044834303, 11.71412223880597 ], [ 76.551819044834303, 11.71385276119403 ], [ 76.551549551656919, 11.71385276119403 ], [ 76.551549551656919, 11.71304432835821 ], [ 76.551280058479534, 11.71304432835821 ], [ 76.551280058479534, 11.712774850746269 ], [ 76.550741072124751, 11.712774850746269 ], [ 76.550741072124751, 11.71304432835821 ], [ 76.551010565302136, 11.71304432835821 ], [ 76.551010565302136, 11.71385276119403 ], [ 76.551280058479534, 11.71385276119403 ], [ 76.551280058479534, 11.71412223880597 ], [ 76.551549551656919, 11.71412223880597 ], [ 76.551549551656919, 11.716008582089552 ] ], [ [ 76.558825867446387, 11.716008582089552 ], [ 76.559095360623772, 11.716008582089552 ], [ 76.559095360623772, 11.715739104477613 ], [ 76.558825867446387, 11.715739104477613 ], [ 76.558825867446387, 11.716008582089552 ] ], [ [ 76.614880448343072, 11.716008582089552 ], [ 76.615149941520457, 11.716008582089552 ], [ 76.615149941520457, 11.715739104477613 ], [ 76.614880448343072, 11.715739104477613 ], [ 76.614880448343072, 11.716008582089552 ] ], [ [ 76.617575380116961, 11.716008582089552 ], [ 76.618922846003898, 11.716008582089552 ], [ 76.618922846003898, 11.715469626865673 ], [ 76.61811436647173, 11.715469626865673 ], [ 76.61811436647173, 11.715739104477613 ], [ 76.617844873294345, 11.715739104477613 ], [ 76.617844873294345, 11.715469626865673 ], [ 76.617575380116961, 11.715469626865673 ], [ 76.617575380116961, 11.716008582089552 ] ], [ [ 76.545620701754387, 11.715739104477613 ], [ 76.546429181286541, 11.715739104477613 ], [ 76.546429181286541, 11.715469626865673 ], [ 76.545620701754387, 11.715469626865673 ], [ 76.545620701754387, 11.715739104477613 ] ], [ [ 76.548854619883031, 11.715739104477613 ], [ 76.549124113060429, 11.715739104477613 ], [ 76.549124113060429, 11.714661194029851 ], [ 76.548315633528262, 11.714661194029851 ], [ 76.548315633528262, 11.714930671641792 ], [ 76.548854619883031, 11.714930671641792 ], [ 76.548854619883031, 11.715200149253732 ], [ 76.548585126705646, 11.715200149253732 ], [ 76.548585126705646, 11.715469626865673 ], [ 76.548854619883031, 11.715469626865673 ], [ 76.548854619883031, 11.715739104477613 ] ], [ [ 76.582002280701744, 11.715739104477613 ], [ 76.582271773879143, 11.715739104477613 ], [ 76.582271773879143, 11.715200149253732 ], [ 76.581732787524359, 11.715200149253732 ], [ 76.581732787524359, 11.715469626865673 ], [ 76.582002280701744, 11.715469626865673 ], [ 76.582002280701744, 11.715739104477613 ] ], [ [ 76.54481222222222, 11.715469626865673 ], [ 76.545620701754387, 11.715469626865673 ], [ 76.545620701754387, 11.714661194029851 ], [ 76.545081715399604, 11.714661194029851 ], [ 76.545081715399604, 11.714930671641792 ], [ 76.54481222222222, 11.714930671641792 ], [ 76.54481222222222, 11.715469626865673 ] ], [ [ 76.558017387914219, 11.715469626865673 ], [ 76.558286881091618, 11.715469626865673 ], [ 76.558286881091618, 11.714930671641792 ], [ 76.558017387914219, 11.714930671641792 ], [ 76.558017387914219, 11.715469626865673 ] ], [ [ 76.577959883040933, 11.715469626865673 ], [ 76.578229376218317, 11.715469626865673 ], [ 76.578229376218317, 11.715200149253732 ], [ 76.577959883040933, 11.715200149253732 ], [ 76.577959883040933, 11.715469626865673 ] ], [ [ 76.586583664717338, 11.715469626865673 ], [ 76.587392144249506, 11.715469626865673 ], [ 76.587392144249506, 11.715200149253732 ], [ 76.587661637426891, 11.715200149253732 ], [ 76.587661637426891, 11.715469626865673 ], [ 76.587931130604289, 11.715469626865673 ], [ 76.587931130604289, 11.715200149253732 ], [ 76.588200623781674, 11.715200149253732 ], [ 76.588200623781674, 11.714930671641792 ], [ 76.588739610136443, 11.714930671641792 ], [ 76.588739610136443, 11.714661194029851 ], [ 76.589009103313842, 11.714661194029851 ], [ 76.589009103313842, 11.71385276119403 ], [ 76.588739610136443, 11.71385276119403 ], [ 76.588739610136443, 11.71304432835821 ], [ 76.588470116959058, 11.71304432835821 ], [ 76.588470116959058, 11.71331380597015 ], [ 76.588200623781674, 11.71331380597015 ], [ 76.588200623781674, 11.713583283582091 ], [ 76.587661637426891, 11.713583283582091 ], [ 76.587661637426891, 11.712774850746269 ], [ 76.587392144249506, 11.712774850746269 ], [ 76.587392144249506, 11.71304432835821 ], [ 76.587122651072121, 11.71304432835821 ], [ 76.587122651072121, 11.713583283582091 ], [ 76.586583664717338, 11.713583283582091 ], [ 76.586583664717338, 11.71304432835821 ], [ 76.586314171539954, 11.71304432835821 ], [ 76.586314171539954, 11.71331380597015 ], [ 76.586044678362569, 11.71331380597015 ], [ 76.586044678362569, 11.713583283582091 ], [ 76.585775185185184, 11.713583283582091 ], [ 76.585775185185184, 11.71385276119403 ], [ 76.586044678362569, 11.71385276119403 ], [ 76.586044678362569, 11.71412223880597 ], [ 76.586314171539954, 11.71412223880597 ], [ 76.586314171539954, 11.71385276119403 ], [ 76.586853157894737, 11.71385276119403 ], [ 76.586853157894737, 11.71412223880597 ], [ 76.587122651072121, 11.71412223880597 ], [ 76.587122651072121, 11.715200149253732 ], [ 76.586853157894737, 11.715200149253732 ], [ 76.586853157894737, 11.714930671641792 ], [ 76.586583664717338, 11.714930671641792 ], [ 76.586583664717338, 11.714661194029851 ], [ 76.586314171539954, 11.714661194029851 ], [ 76.586314171539954, 11.714391716417911 ], [ 76.586044678362569, 11.714391716417911 ], [ 76.586044678362569, 11.714661194029851 ], [ 76.585775185185184, 11.714661194029851 ], [ 76.585775185185184, 11.714930671641792 ], [ 76.586044678362569, 11.714930671641792 ], [ 76.586044678362569, 11.715200149253732 ], [ 76.586583664717338, 11.715200149253732 ], [ 76.586583664717338, 11.715469626865673 ] ], [ [ 76.598980350877184, 11.715469626865673 ], [ 76.599249844054583, 11.715469626865673 ], [ 76.599249844054583, 11.715200149253732 ], [ 76.598980350877184, 11.715200149253732 ], [ 76.598980350877184, 11.715469626865673 ] ], [ [ 76.589009103313842, 11.715200149253732 ], [ 76.589278596491226, 11.715200149253732 ], [ 76.589278596491226, 11.714661194029851 ], [ 76.589009103313842, 11.714661194029851 ], [ 76.589009103313842, 11.715200149253732 ] ], [ [ 76.597632884990247, 11.715200149253732 ], [ 76.597902378167632, 11.715200149253732 ], [ 76.597902378167632, 11.714661194029851 ], [ 76.597632884990247, 11.714661194029851 ], [ 76.597632884990247, 11.715200149253732 ] ], [ [ 76.614880448343072, 11.715200149253732 ], [ 76.615419434697856, 11.715200149253732 ], [ 76.615419434697856, 11.714930671641792 ], [ 76.61568892787524, 11.714930671641792 ], [ 76.61568892787524, 11.714391716417911 ], [ 76.615149941520457, 11.714391716417911 ], [ 76.615149941520457, 11.714930671641792 ], [ 76.614880448343072, 11.714930671641792 ], [ 76.614880448343072, 11.715200149253732 ] ], [ [ 76.578229376218317, 11.714930671641792 ], [ 76.578498869395702, 11.714930671641792 ], [ 76.578498869395702, 11.714661194029851 ], [ 76.579037855750485, 11.714661194029851 ], [ 76.579037855750485, 11.71412223880597 ], [ 76.578768362573101, 11.71412223880597 ], [ 76.578768362573101, 11.714391716417911 ], [ 76.578229376218317, 11.714391716417911 ], [ 76.578229376218317, 11.714930671641792 ] ], [ [ 76.598171871345031, 11.714930671641792 ], [ 76.598441364522415, 11.714930671641792 ], [ 76.598441364522415, 11.714661194029851 ], [ 76.598171871345031, 11.714661194029851 ], [ 76.598171871345031, 11.714930671641792 ] ], [ [ 76.54481222222222, 11.714661194029851 ], [ 76.545081715399604, 11.714661194029851 ], [ 76.545081715399604, 11.714391716417911 ], [ 76.54481222222222, 11.714391716417911 ], [ 76.54481222222222, 11.714661194029851 ] ], [ [ 76.549393606237814, 11.714661194029851 ], [ 76.549663099415199, 11.714661194029851 ], [ 76.549663099415199, 11.714391716417911 ], [ 76.549393606237814, 11.714391716417911 ], [ 76.549393606237814, 11.714661194029851 ] ], [ [ 76.573109005847954, 11.714661194029851 ], [ 76.573647992202723, 11.714661194029851 ], [ 76.573647992202723, 11.71412223880597 ], [ 76.573378499025338, 11.71412223880597 ], [ 76.573378499025338, 11.714391716417911 ], [ 76.573109005847954, 11.714391716417911 ], [ 76.573109005847954, 11.714661194029851 ] ], [ [ 76.583080253411296, 11.714661194029851 ], [ 76.583349746588695, 11.714661194029851 ], [ 76.583349746588695, 11.714391716417911 ], [ 76.583080253411296, 11.714391716417911 ], [ 76.583080253411296, 11.714661194029851 ] ], [ [ 76.586583664717338, 11.714391716417911 ], [ 76.586853157894737, 11.714391716417911 ], [ 76.586853157894737, 11.71412223880597 ], [ 76.586583664717338, 11.71412223880597 ], [ 76.586583664717338, 11.714391716417911 ] ], [ [ 76.539152865497073, 11.71412223880597 ], [ 76.539422358674457, 11.71412223880597 ], [ 76.539422358674457, 11.71385276119403 ], [ 76.539152865497073, 11.71385276119403 ], [ 76.539152865497073, 11.71412223880597 ] ], [ [ 76.540230838206625, 11.71412223880597 ], [ 76.54050033138401, 11.71412223880597 ], [ 76.54050033138401, 11.71385276119403 ], [ 76.540769824561394, 11.71385276119403 ], [ 76.540769824561394, 11.713583283582091 ], [ 76.540230838206625, 11.713583283582091 ], [ 76.540230838206625, 11.71412223880597 ] ], [ [ 76.544542729044835, 11.71412223880597 ], [ 76.545081715399604, 11.71412223880597 ], [ 76.545081715399604, 11.71385276119403 ], [ 76.545620701754387, 11.71385276119403 ], [ 76.545620701754387, 11.71304432835821 ], [ 76.545351208576989, 11.71304432835821 ], [ 76.545351208576989, 11.712774850746269 ], [ 76.545620701754387, 11.712774850746269 ], [ 76.545620701754387, 11.712505373134329 ], [ 76.545081715399604, 11.712505373134329 ], [ 76.545081715399604, 11.712235895522388 ], [ 76.54481222222222, 11.712235895522388 ], [ 76.54481222222222, 11.712505373134329 ], [ 76.544003742690052, 11.712505373134329 ], [ 76.544003742690052, 11.711966417910448 ], [ 76.543464756335283, 11.711966417910448 ], [ 76.543464756335283, 11.712774850746269 ], [ 76.543734249512667, 11.712774850746269 ], [ 76.543734249512667, 11.71304432835821 ], [ 76.543195263157884, 11.71304432835821 ], [ 76.543195263157884, 11.712774850746269 ], [ 76.542656276803115, 11.712774850746269 ], [ 76.542656276803115, 11.71304432835821 ], [ 76.54238678362573, 11.71304432835821 ], [ 76.54238678362573, 11.713583283582091 ], [ 76.543195263157884, 11.713583283582091 ], [ 76.543195263157884, 11.71331380597015 ], [ 76.543734249512667, 11.71331380597015 ], [ 76.543734249512667, 11.713583283582091 ], [ 76.544273235867436, 11.713583283582091 ], [ 76.544273235867436, 11.71385276119403 ], [ 76.544542729044835, 11.71385276119403 ], [ 76.544542729044835, 11.71412223880597 ] ], [ [ 76.548854619883031, 11.71385276119403 ], [ 76.549124113060429, 11.71385276119403 ], [ 76.549124113060429, 11.713583283582091 ], [ 76.548854619883031, 11.713583283582091 ], [ 76.548854619883031, 11.71385276119403 ] ], [ [ 76.595207446393758, 11.71385276119403 ], [ 76.596015925925926, 11.71385276119403 ], [ 76.596015925925926, 11.713583283582091 ], [ 76.59628541910331, 11.713583283582091 ], [ 76.59628541910331, 11.71331380597015 ], [ 76.596824405458079, 11.71331380597015 ], [ 76.596824405458079, 11.71304432835821 ], [ 76.597093898635478, 11.71304432835821 ], [ 76.597093898635478, 11.712774850746269 ], [ 76.597902378167632, 11.712774850746269 ], [ 76.597902378167632, 11.712505373134329 ], [ 76.597632884990247, 11.712505373134329 ], [ 76.597632884990247, 11.712235895522388 ], [ 76.5987108576998, 11.712235895522388 ], [ 76.5987108576998, 11.711966417910448 ], [ 76.598441364522415, 11.711966417910448 ], [ 76.598441364522415, 11.711696940298507 ], [ 76.597632884990247, 11.711696940298507 ], [ 76.597632884990247, 11.711966417910448 ], [ 76.597093898635478, 11.711966417910448 ], [ 76.597093898635478, 11.711696940298507 ], [ 76.597363391812863, 11.711696940298507 ], [ 76.597363391812863, 11.710349552238807 ], [ 76.597632884990247, 11.710349552238807 ], [ 76.597632884990247, 11.710080074626866 ], [ 76.597902378167632, 11.710080074626866 ], [ 76.597902378167632, 11.709541119402985 ], [ 76.598171871345031, 11.709541119402985 ], [ 76.598171871345031, 11.709002164179106 ], [ 76.597902378167632, 11.709002164179106 ], [ 76.597902378167632, 11.709271641791046 ], [ 76.597632884990247, 11.709271641791046 ], [ 76.597632884990247, 11.709541119402985 ], [ 76.597093898635478, 11.709541119402985 ], [ 76.597093898635478, 11.709810597014926 ], [ 76.596554912280695, 11.709810597014926 ], [ 76.596554912280695, 11.710080074626866 ], [ 76.59628541910331, 11.710080074626866 ], [ 76.59628541910331, 11.710349552238807 ], [ 76.595476939571142, 11.710349552238807 ], [ 76.595476939571142, 11.710080074626866 ], [ 76.595207446393758, 11.710080074626866 ], [ 76.595207446393758, 11.710349552238807 ], [ 76.594937953216373, 11.710349552238807 ], [ 76.594937953216373, 11.710619029850747 ], [ 76.59439896686159, 11.710619029850747 ], [ 76.59439896686159, 11.711427462686569 ], [ 76.594129473684205, 11.711427462686569 ], [ 76.594129473684205, 11.711157985074628 ], [ 76.593051500974653, 11.711157985074628 ], [ 76.593051500974653, 11.711427462686569 ], [ 76.593320994152037, 11.711427462686569 ], [ 76.593320994152037, 11.711696940298507 ], [ 76.59439896686159, 11.711696940298507 ], [ 76.59439896686159, 11.711966417910448 ], [ 76.594937953216373, 11.711966417910448 ], [ 76.594937953216373, 11.712235895522388 ], [ 76.59439896686159, 11.712235895522388 ], [ 76.59439896686159, 11.712774850746269 ], [ 76.594937953216373, 11.712774850746269 ], [ 76.594937953216373, 11.71304432835821 ], [ 76.595207446393758, 11.71304432835821 ], [ 76.595207446393758, 11.71385276119403 ] ], [ [ 76.617305886939562, 11.71385276119403 ], [ 76.617575380116961, 11.71385276119403 ], [ 76.617575380116961, 11.713583283582091 ], [ 76.617305886939562, 11.713583283582091 ], [ 76.617305886939562, 11.71385276119403 ] ], [ [ 76.549393606237814, 11.713583283582091 ], [ 76.549932592592583, 11.713583283582091 ], [ 76.549932592592583, 11.71304432835821 ], [ 76.549393606237814, 11.71304432835821 ], [ 76.549393606237814, 11.713583283582091 ] ], [ [ 76.555052962962961, 11.713583283582091 ], [ 76.55559194931773, 11.713583283582091 ], [ 76.55559194931773, 11.71331380597015 ], [ 76.555052962962961, 11.71331380597015 ], [ 76.555052962962961, 11.713583283582091 ] ], [ [ 76.578498869395702, 11.713583283582091 ], [ 76.578768362573101, 11.713583283582091 ], [ 76.578768362573101, 11.71331380597015 ], [ 76.578498869395702, 11.71331380597015 ], [ 76.578498869395702, 11.713583283582091 ] ], [ [ 76.584966705653017, 11.713583283582091 ], [ 76.585236198830401, 11.713583283582091 ], [ 76.585236198830401, 11.71331380597015 ], [ 76.584966705653017, 11.71331380597015 ], [ 76.584966705653017, 11.713583283582091 ] ], [ [ 76.540769824561394, 11.71331380597015 ], [ 76.541039317738793, 11.71331380597015 ], [ 76.541039317738793, 11.712774850746269 ], [ 76.540769824561394, 11.712774850746269 ], [ 76.540769824561394, 11.71331380597015 ] ], [ [ 76.548585126705646, 11.71331380597015 ], [ 76.549124113060429, 11.71331380597015 ], [ 76.549124113060429, 11.71304432835821 ], [ 76.548854619883031, 11.71304432835821 ], [ 76.548854619883031, 11.712774850746269 ], [ 76.549124113060429, 11.712774850746269 ], [ 76.549124113060429, 11.711696940298507 ], [ 76.548854619883031, 11.711696940298507 ], [ 76.548854619883031, 11.711966417910448 ], [ 76.548315633528262, 11.711966417910448 ], [ 76.548315633528262, 11.71304432835821 ], [ 76.548585126705646, 11.71304432835821 ], [ 76.548585126705646, 11.71331380597015 ] ], [ [ 76.565024210526317, 11.71331380597015 ], [ 76.565293703703702, 11.71331380597015 ], [ 76.565293703703702, 11.712505373134329 ], [ 76.564754717348919, 11.712505373134329 ], [ 76.564754717348919, 11.712235895522388 ], [ 76.564485224171534, 11.712235895522388 ], [ 76.564485224171534, 11.712774850746269 ], [ 76.565024210526317, 11.712774850746269 ], [ 76.565024210526317, 11.71331380597015 ] ], [ [ 76.590356569200779, 11.71331380597015 ], [ 76.590626062378163, 11.71331380597015 ], [ 76.590626062378163, 11.712774850746269 ], [ 76.590895555555548, 11.712774850746269 ], [ 76.590895555555548, 11.712235895522388 ], [ 76.590626062378163, 11.712235895522388 ], [ 76.590626062378163, 11.711966417910448 ], [ 76.590356569200779, 11.711966417910448 ], [ 76.590356569200779, 11.711427462686569 ], [ 76.590087076023394, 11.711427462686569 ], [ 76.590087076023394, 11.711157985074628 ], [ 76.589817582845996, 11.711157985074628 ], [ 76.589817582845996, 11.710888507462688 ], [ 76.589548089668611, 11.710888507462688 ], [ 76.589548089668611, 11.711427462686569 ], [ 76.589817582845996, 11.711427462686569 ], [ 76.589817582845996, 11.71304432835821 ], [ 76.590087076023394, 11.71304432835821 ], [ 76.590087076023394, 11.712774850746269 ], [ 76.590356569200779, 11.712774850746269 ], [ 76.590356569200779, 11.71331380597015 ] ], [ [ 76.611916023391814, 11.71331380597015 ], [ 76.612455009746583, 11.71331380597015 ], [ 76.612455009746583, 11.71304432835821 ], [ 76.611916023391814, 11.71304432835821 ], [ 76.611916023391814, 11.71331380597015 ] ], [ [ 76.565832690058471, 11.71304432835821 ], [ 76.56610218323587, 11.71304432835821 ], [ 76.56610218323587, 11.712505373134329 ], [ 76.565563196881087, 11.712505373134329 ], [ 76.565563196881087, 11.712774850746269 ], [ 76.565832690058471, 11.712774850746269 ], [ 76.565832690058471, 11.71304432835821 ] ], [ [ 76.57499545808966, 11.71304432835821 ], [ 76.575264951267059, 11.71304432835821 ], [ 76.575264951267059, 11.712774850746269 ], [ 76.57499545808966, 11.712774850746269 ], [ 76.57499545808966, 11.71304432835821 ] ], [ [ 76.578768362573101, 11.71304432835821 ], [ 76.579037855750485, 11.71304432835821 ], [ 76.579037855750485, 11.712235895522388 ], [ 76.578498869395702, 11.712235895522388 ], [ 76.578498869395702, 11.712774850746269 ], [ 76.578768362573101, 11.712774850746269 ], [ 76.578768362573101, 11.71304432835821 ] ], [ [ 76.585236198830401, 11.71304432835821 ], [ 76.5855056920078, 11.71304432835821 ], [ 76.5855056920078, 11.712505373134329 ], [ 76.585236198830401, 11.712505373134329 ], [ 76.585236198830401, 11.71304432835821 ] ], [ [ 76.588739610136443, 11.71304432835821 ], [ 76.589009103313842, 11.71304432835821 ], [ 76.589009103313842, 11.712235895522388 ], [ 76.588739610136443, 11.712235895522388 ], [ 76.588739610136443, 11.711696940298507 ], [ 76.588470116959058, 11.711696940298507 ], [ 76.588470116959058, 11.711157985074628 ], [ 76.588739610136443, 11.711157985074628 ], [ 76.588739610136443, 11.710349552238807 ], [ 76.588200623781674, 11.710349552238807 ], [ 76.588200623781674, 11.710080074626866 ], [ 76.587931130604289, 11.710080074626866 ], [ 76.587931130604289, 11.709810597014926 ], [ 76.587661637426891, 11.709810597014926 ], [ 76.587661637426891, 11.710349552238807 ], [ 76.587392144249506, 11.710349552238807 ], [ 76.587392144249506, 11.711157985074628 ], [ 76.587122651072121, 11.711157985074628 ], [ 76.587122651072121, 11.711427462686569 ], [ 76.586853157894737, 11.711427462686569 ], [ 76.586853157894737, 11.712235895522388 ], [ 76.587122651072121, 11.712235895522388 ], [ 76.587122651072121, 11.711966417910448 ], [ 76.587661637426891, 11.711966417910448 ], [ 76.587661637426891, 11.712235895522388 ], [ 76.588200623781674, 11.712235895522388 ], [ 76.588200623781674, 11.712505373134329 ], [ 76.588470116959058, 11.712505373134329 ], [ 76.588470116959058, 11.712774850746269 ], [ 76.588739610136443, 11.712774850746269 ], [ 76.588739610136443, 11.71304432835821 ] ], [ [ 76.612455009746583, 11.71304432835821 ], [ 76.612993996101366, 11.71304432835821 ], [ 76.612993996101366, 11.712505373134329 ], [ 76.612724502923967, 11.712505373134329 ], [ 76.612724502923967, 11.712774850746269 ], [ 76.612455009746583, 11.712774850746269 ], [ 76.612455009746583, 11.71304432835821 ] ], [ [ 76.617305886939562, 11.71304432835821 ], [ 76.617575380116961, 11.71304432835821 ], [ 76.617575380116961, 11.712774850746269 ], [ 76.617305886939562, 11.712774850746269 ], [ 76.617305886939562, 11.71304432835821 ] ], [ [ 76.549663099415199, 11.712774850746269 ], [ 76.549932592592583, 11.712774850746269 ], [ 76.549932592592583, 11.711966417910448 ], [ 76.549393606237814, 11.711966417910448 ], [ 76.549393606237814, 11.712505373134329 ], [ 76.549663099415199, 11.712505373134329 ], [ 76.549663099415199, 11.712774850746269 ] ], [ [ 76.55990384015594, 11.712774850746269 ], [ 76.560173333333324, 11.712774850746269 ], [ 76.560173333333324, 11.712505373134329 ], [ 76.55990384015594, 11.712505373134329 ], [ 76.55990384015594, 11.712774850746269 ] ], [ [ 76.580115828460038, 11.712774850746269 ], [ 76.580654814814807, 11.712774850746269 ], [ 76.580654814814807, 11.712505373134329 ], [ 76.580115828460038, 11.712505373134329 ], [ 76.580115828460038, 11.712774850746269 ] ], [ [ 76.639943313840149, 11.712505373134329 ], [ 76.640751793372317, 11.712505373134329 ], [ 76.640751793372317, 11.712235895522388 ], [ 76.641021286549702, 11.712235895522388 ], [ 76.641021286549702, 11.711696940298507 ], [ 76.640751793372317, 11.711696940298507 ], [ 76.640751793372317, 11.711427462686569 ], [ 76.640482300194932, 11.711427462686569 ], [ 76.640482300194932, 11.711696940298507 ], [ 76.639943313840149, 11.711696940298507 ], [ 76.639943313840149, 11.712505373134329 ] ], [ [ 76.560442826510723, 11.712235895522388 ], [ 76.560981812865492, 11.712235895522388 ], [ 76.560981812865492, 11.711427462686569 ], [ 76.560712319688108, 11.711427462686569 ], [ 76.560712319688108, 11.711157985074628 ], [ 76.560981812865492, 11.711157985074628 ], [ 76.560981812865492, 11.710888507462688 ], [ 76.560712319688108, 11.710888507462688 ], [ 76.560712319688108, 11.710349552238807 ], [ 76.560981812865492, 11.710349552238807 ], [ 76.560981812865492, 11.710080074626866 ], [ 76.560712319688108, 11.710080074626866 ], [ 76.560712319688108, 11.709810597014926 ], [ 76.560981812865492, 11.709810597014926 ], [ 76.560981812865492, 11.709271641791046 ], [ 76.561520799220276, 11.709271641791046 ], [ 76.561520799220276, 11.708732686567165 ], [ 76.561251306042877, 11.708732686567165 ], [ 76.561251306042877, 11.708193731343284 ], [ 76.560981812865492, 11.708193731343284 ], [ 76.560981812865492, 11.708463208955225 ], [ 76.560712319688108, 11.708463208955225 ], [ 76.560712319688108, 11.709002164179106 ], [ 76.560442826510723, 11.709002164179106 ], [ 76.560442826510723, 11.709810597014926 ], [ 76.560173333333324, 11.709810597014926 ], [ 76.560173333333324, 11.710349552238807 ], [ 76.560442826510723, 11.710349552238807 ], [ 76.560442826510723, 11.712235895522388 ] ], [ [ 76.565563196881087, 11.712235895522388 ], [ 76.565832690058471, 11.712235895522388 ], [ 76.565832690058471, 11.711427462686569 ], [ 76.565563196881087, 11.711427462686569 ], [ 76.565563196881087, 11.711157985074628 ], [ 76.565293703703702, 11.711157985074628 ], [ 76.565293703703702, 11.710888507462688 ], [ 76.565024210526317, 11.710888507462688 ], [ 76.565024210526317, 11.710619029850747 ], [ 76.564754717348919, 11.710619029850747 ], [ 76.564754717348919, 11.710080074626866 ], [ 76.564485224171534, 11.710080074626866 ], [ 76.564485224171534, 11.709810597014926 ], [ 76.56421573099415, 11.709810597014926 ], [ 76.56421573099415, 11.709541119402985 ], [ 76.563946237816765, 11.709541119402985 ], [ 76.563946237816765, 11.709002164179106 ], [ 76.563676744639366, 11.709002164179106 ], [ 76.563676744639366, 11.708732686567165 ], [ 76.563407251461982, 11.708732686567165 ], [ 76.563407251461982, 11.708463208955225 ], [ 76.563137758284597, 11.708463208955225 ], [ 76.563137758284597, 11.707924253731344 ], [ 76.562868265107213, 11.707924253731344 ], [ 76.562868265107213, 11.708193731343284 ], [ 76.562598771929814, 11.708193731343284 ], [ 76.562598771929814, 11.708732686567165 ], [ 76.562868265107213, 11.708732686567165 ], [ 76.562868265107213, 11.709002164179106 ], [ 76.563407251461982, 11.709002164179106 ], [ 76.563407251461982, 11.709541119402985 ], [ 76.563676744639366, 11.709541119402985 ], [ 76.563676744639366, 11.710080074626866 ], [ 76.563946237816765, 11.710080074626866 ], [ 76.563946237816765, 11.710619029850747 ], [ 76.56421573099415, 11.710619029850747 ], [ 76.56421573099415, 11.711696940298507 ], [ 76.564754717348919, 11.711696940298507 ], [ 76.564754717348919, 11.711427462686569 ], [ 76.565024210526317, 11.711427462686569 ], [ 76.565024210526317, 11.711696940298507 ], [ 76.565563196881087, 11.711696940298507 ], [ 76.565563196881087, 11.712235895522388 ] ], [ [ 76.575803937621828, 11.712235895522388 ], [ 76.576073430799212, 11.712235895522388 ], [ 76.576073430799212, 11.711966417910448 ], [ 76.575803937621828, 11.711966417910448 ], [ 76.575803937621828, 11.712235895522388 ] ], [ [ 76.585236198830401, 11.712235895522388 ], [ 76.5855056920078, 11.712235895522388 ], [ 76.5855056920078, 11.711966417910448 ], [ 76.585236198830401, 11.711966417910448 ], [ 76.585236198830401, 11.712235895522388 ] ], [ [ 76.617036393762177, 11.712235895522388 ], [ 76.617305886939562, 11.712235895522388 ], [ 76.617305886939562, 11.711966417910448 ], [ 76.617036393762177, 11.711966417910448 ], [ 76.617036393762177, 11.712235895522388 ] ], [ [ 76.543195263157884, 11.711966417910448 ], [ 76.543464756335283, 11.711966417910448 ], [ 76.543464756335283, 11.711696940298507 ], [ 76.543195263157884, 11.711696940298507 ], [ 76.543195263157884, 11.711966417910448 ] ], [ [ 76.554783469785576, 11.711966417910448 ], [ 76.555861442495129, 11.711966417910448 ], [ 76.555861442495129, 11.711427462686569 ], [ 76.557208908382066, 11.711427462686569 ], [ 76.557208908382066, 11.711696940298507 ], [ 76.55747840155945, 11.711696940298507 ], [ 76.55747840155945, 11.710619029850747 ], [ 76.557208908382066, 11.710619029850747 ], [ 76.557208908382066, 11.710080074626866 ], [ 76.556939415204681, 11.710080074626866 ], [ 76.556939415204681, 11.709810597014926 ], [ 76.556669922027282, 11.709810597014926 ], [ 76.556669922027282, 11.709541119402985 ], [ 76.556400428849898, 11.709541119402985 ], [ 76.556400428849898, 11.709271641791046 ], [ 76.556130935672513, 11.709271641791046 ], [ 76.556130935672513, 11.709810597014926 ], [ 76.555861442495129, 11.709810597014926 ], [ 76.555861442495129, 11.710080074626866 ], [ 76.55559194931773, 11.710080074626866 ], [ 76.55559194931773, 11.710619029850747 ], [ 76.555322456140345, 11.710619029850747 ], [ 76.555322456140345, 11.710888507462688 ], [ 76.555052962962961, 11.710888507462688 ], [ 76.555052962962961, 11.711157985074628 ], [ 76.554513976608177, 11.711157985074628 ], [ 76.554513976608177, 11.711696940298507 ], [ 76.554783469785576, 11.711696940298507 ], [ 76.554783469785576, 11.711966417910448 ] ], [ [ 76.578768362573101, 11.711966417910448 ], [ 76.579037855750485, 11.711966417910448 ], [ 76.579037855750485, 11.711696940298507 ], [ 76.57930734892787, 11.711696940298507 ], [ 76.57930734892787, 11.710888507462688 ], [ 76.579576842105254, 11.710888507462688 ], [ 76.579576842105254, 11.710619029850747 ], [ 76.578768362573101, 11.710619029850747 ], [ 76.578768362573101, 11.711427462686569 ], [ 76.578498869395702, 11.711427462686569 ], [ 76.578498869395702, 11.711696940298507 ], [ 76.578768362573101, 11.711696940298507 ], [ 76.578768362573101, 11.711966417910448 ] ], [ [ 76.57930734892787, 11.711966417910448 ], [ 76.579846335282653, 11.711966417910448 ], [ 76.579846335282653, 11.711696940298507 ], [ 76.57930734892787, 11.711696940298507 ], [ 76.57930734892787, 11.711966417910448 ] ], [ [ 76.542656276803115, 11.711696940298507 ], [ 76.543195263157884, 11.711696940298507 ], [ 76.543195263157884, 11.711427462686569 ], [ 76.542656276803115, 11.711427462686569 ], [ 76.542656276803115, 11.711696940298507 ] ], [ [ 76.576612417153996, 11.711696940298507 ], [ 76.57688191033138, 11.711696940298507 ], [ 76.57688191033138, 11.711427462686569 ], [ 76.577151403508765, 11.711427462686569 ], [ 76.577151403508765, 11.711157985074628 ], [ 76.577690389863548, 11.711157985074628 ], [ 76.577690389863548, 11.710888507462688 ], [ 76.577959883040933, 11.710888507462688 ], [ 76.577959883040933, 11.710619029850747 ], [ 76.577151403508765, 11.710619029850747 ], [ 76.577151403508765, 11.710888507462688 ], [ 76.57688191033138, 11.710888507462688 ], [ 76.57688191033138, 11.711157985074628 ], [ 76.576612417153996, 11.711157985074628 ], [ 76.576612417153996, 11.711696940298507 ] ], [ [ 76.588739610136443, 11.711696940298507 ], [ 76.589009103313842, 11.711696940298507 ], [ 76.589009103313842, 11.711427462686569 ], [ 76.588739610136443, 11.711427462686569 ], [ 76.588739610136443, 11.711696940298507 ] ], [ [ 76.60302274853801, 11.711427462686569 ], [ 76.603292241715394, 11.711427462686569 ], [ 76.603292241715394, 11.710349552238807 ], [ 76.60302274853801, 11.710349552238807 ], [ 76.60302274853801, 11.711427462686569 ] ], [ [ 76.553705497076024, 11.711157985074628 ], [ 76.554244483430793, 11.711157985074628 ], [ 76.554244483430793, 11.710619029850747 ], [ 76.553974990253408, 11.710619029850747 ], [ 76.553974990253408, 11.710888507462688 ], [ 76.553705497076024, 11.710888507462688 ], [ 76.553705497076024, 11.711157985074628 ] ], [ [ 76.617305886939562, 11.711157985074628 ], [ 76.617575380116961, 11.711157985074628 ], [ 76.617575380116961, 11.710888507462688 ], [ 76.617305886939562, 11.710888507462688 ], [ 76.617305886939562, 11.711157985074628 ] ], [ [ 76.589009103313842, 11.710888507462688 ], [ 76.589548089668611, 11.710888507462688 ], [ 76.589548089668611, 11.710349552238807 ], [ 76.589009103313842, 11.710349552238807 ], [ 76.589009103313842, 11.710888507462688 ] ], [ [ 76.543195263157884, 11.710619029850747 ], [ 76.543464756335283, 11.710619029850747 ], [ 76.543464756335283, 11.710349552238807 ], [ 76.543195263157884, 11.710349552238807 ], [ 76.543195263157884, 11.710619029850747 ] ], [ [ 76.545890194931772, 11.710619029850747 ], [ 76.546159688109157, 11.710619029850747 ], [ 76.546159688109157, 11.710349552238807 ], [ 76.545890194931772, 11.710349552238807 ], [ 76.545890194931772, 11.710619029850747 ] ], [ [ 76.574456471734891, 11.710619029850747 ], [ 76.575264951267059, 11.710619029850747 ], [ 76.575264951267059, 11.710080074626866 ], [ 76.575534444444443, 11.710080074626866 ], [ 76.575534444444443, 11.709002164179106 ], [ 76.575803937621828, 11.709002164179106 ], [ 76.575803937621828, 11.708193731343284 ], [ 76.575534444444443, 11.708193731343284 ], [ 76.575534444444443, 11.707924253731344 ], [ 76.574725964912275, 11.707924253731344 ], [ 76.574725964912275, 11.708193731343284 ], [ 76.574456471734891, 11.708193731343284 ], [ 76.574456471734891, 11.708463208955225 ], [ 76.574186978557506, 11.708463208955225 ], [ 76.574186978557506, 11.708732686567165 ], [ 76.573917485380107, 11.708732686567165 ], [ 76.573917485380107, 11.709002164179106 ], [ 76.573647992202723, 11.709002164179106 ], [ 76.573647992202723, 11.709271641791046 ], [ 76.573378499025338, 11.709271641791046 ], [ 76.573378499025338, 11.709541119402985 ], [ 76.573647992202723, 11.709541119402985 ], [ 76.573647992202723, 11.710080074626866 ], [ 76.574186978557506, 11.710080074626866 ], [ 76.574186978557506, 11.710349552238807 ], [ 76.574456471734891, 11.710349552238807 ], [ 76.574456471734891, 11.710619029850747 ] ], [ [ 76.579576842105254, 11.710619029850747 ], [ 76.580115828460038, 11.710619029850747 ], [ 76.580115828460038, 11.710349552238807 ], [ 76.579576842105254, 11.710349552238807 ], [ 76.579576842105254, 11.710619029850747 ] ], [ [ 76.554244483430793, 11.710349552238807 ], [ 76.554513976608177, 11.710349552238807 ], [ 76.554513976608177, 11.710080074626866 ], [ 76.554244483430793, 11.710080074626866 ], [ 76.554244483430793, 11.710349552238807 ] ], [ [ 76.580115828460038, 11.710349552238807 ], [ 76.580385321637422, 11.710349552238807 ], [ 76.580385321637422, 11.710080074626866 ], [ 76.580924307992191, 11.710080074626866 ], [ 76.580924307992191, 11.709810597014926 ], [ 76.581463294346975, 11.709810597014926 ], [ 76.581463294346975, 11.709541119402985 ], [ 76.582541267056527, 11.709541119402985 ], [ 76.582541267056527, 11.709271641791046 ], [ 76.580924307992191, 11.709271641791046 ], [ 76.580924307992191, 11.709541119402985 ], [ 76.580385321637422, 11.709541119402985 ], [ 76.580385321637422, 11.709810597014926 ], [ 76.580115828460038, 11.709810597014926 ], [ 76.580115828460038, 11.710349552238807 ] ], [ [ 76.586044678362569, 11.710349552238807 ], [ 76.586583664717338, 11.710349552238807 ], [ 76.586583664717338, 11.710080074626866 ], [ 76.586044678362569, 11.710080074626866 ], [ 76.586044678362569, 11.710349552238807 ] ], [ [ 76.629702573099408, 11.710349552238807 ], [ 76.629972066276792, 11.710349552238807 ], [ 76.629972066276792, 11.710080074626866 ], [ 76.629702573099408, 11.710080074626866 ], [ 76.629702573099408, 11.710349552238807 ] ], [ [ 76.544542729044835, 11.710080074626866 ], [ 76.54481222222222, 11.710080074626866 ], [ 76.54481222222222, 11.709810597014926 ], [ 76.544542729044835, 11.709810597014926 ], [ 76.544542729044835, 11.710080074626866 ] ], [ [ 76.569066608187129, 11.710080074626866 ], [ 76.569336101364513, 11.710080074626866 ], [ 76.569336101364513, 11.709541119402985 ], [ 76.569066608187129, 11.709541119402985 ], [ 76.569066608187129, 11.710080074626866 ] ], [ [ 76.571492046783618, 11.709810597014926 ], [ 76.571761539961003, 11.709810597014926 ], [ 76.571761539961003, 11.709541119402985 ], [ 76.572031033138401, 11.709541119402985 ], [ 76.572031033138401, 11.709271641791046 ], [ 76.571761539961003, 11.709271641791046 ], [ 76.571761539961003, 11.709002164179106 ], [ 76.571222553606233, 11.709002164179106 ], [ 76.571222553606233, 11.709541119402985 ], [ 76.571492046783618, 11.709541119402985 ], [ 76.571492046783618, 11.709810597014926 ] ], [ [ 76.617036393762177, 11.709810597014926 ], [ 76.617305886939562, 11.709810597014926 ], [ 76.617305886939562, 11.709271641791046 ], [ 76.617036393762177, 11.709271641791046 ], [ 76.617036393762177, 11.709810597014926 ] ], [ [ 76.558286881091618, 11.709541119402985 ], [ 76.558556374269003, 11.709541119402985 ], [ 76.558556374269003, 11.709002164179106 ], [ 76.558286881091618, 11.709002164179106 ], [ 76.558286881091618, 11.709541119402985 ] ], [ [ 76.569336101364513, 11.709541119402985 ], [ 76.569605594541912, 11.709541119402985 ], [ 76.569605594541912, 11.709271641791046 ], [ 76.570414074074066, 11.709271641791046 ], [ 76.570414074074066, 11.708732686567165 ], [ 76.570953060428849, 11.708732686567165 ], [ 76.570953060428849, 11.708463208955225 ], [ 76.570683567251464, 11.708463208955225 ], [ 76.570683567251464, 11.707654776119403 ], [ 76.570414074074066, 11.707654776119403 ], [ 76.570414074074066, 11.706307388059702 ], [ 76.570144580896681, 11.706307388059702 ], [ 76.570144580896681, 11.706037910447762 ], [ 76.569875087719296, 11.706037910447762 ], [ 76.569875087719296, 11.70496 ], [ 76.569605594541912, 11.70496 ], [ 76.569605594541912, 11.706307388059702 ], [ 76.569875087719296, 11.706307388059702 ], [ 76.569875087719296, 11.706576865671643 ], [ 76.569605594541912, 11.706576865671643 ], [ 76.569605594541912, 11.707115820895524 ], [ 76.569875087719296, 11.707115820895524 ], [ 76.569875087719296, 11.708463208955225 ], [ 76.569605594541912, 11.708463208955225 ], [ 76.569605594541912, 11.708732686567165 ], [ 76.569336101364513, 11.708732686567165 ], [ 76.569336101364513, 11.709541119402985 ] ], [ [ 76.587122651072121, 11.709541119402985 ], [ 76.587661637426891, 11.709541119402985 ], [ 76.587661637426891, 11.709002164179106 ], [ 76.587392144249506, 11.709002164179106 ], [ 76.587392144249506, 11.709271641791046 ], [ 76.587122651072121, 11.709271641791046 ], [ 76.587122651072121, 11.709541119402985 ] ], [ [ 76.601136296296289, 11.709541119402985 ], [ 76.601405789473674, 11.709541119402985 ], [ 76.601405789473674, 11.709271641791046 ], [ 76.601136296296289, 11.709271641791046 ], [ 76.601136296296289, 11.709541119402985 ] ], [ [ 76.612993996101366, 11.709541119402985 ], [ 76.613532982456135, 11.709541119402985 ], [ 76.613532982456135, 11.709002164179106 ], [ 76.612993996101366, 11.709002164179106 ], [ 76.612993996101366, 11.709541119402985 ] ], [ [ 76.629433079922023, 11.709541119402985 ], [ 76.629702573099408, 11.709541119402985 ], [ 76.629702573099408, 11.708463208955225 ], [ 76.62889409356724, 11.708463208955225 ], [ 76.62889409356724, 11.708732686567165 ], [ 76.629163586744639, 11.708732686567165 ], [ 76.629163586744639, 11.709271641791046 ], [ 76.629433079922023, 11.709271641791046 ], [ 76.629433079922023, 11.709541119402985 ] ], [ [ 76.593590487329436, 11.709271641791046 ], [ 76.593859980506821, 11.709271641791046 ], [ 76.593859980506821, 11.709002164179106 ], [ 76.594129473684205, 11.709002164179106 ], [ 76.594129473684205, 11.708463208955225 ], [ 76.593590487329436, 11.708463208955225 ], [ 76.593590487329436, 11.709271641791046 ] ], [ [ 76.547507153996094, 11.709002164179106 ], [ 76.547776647173478, 11.709002164179106 ], [ 76.547776647173478, 11.708732686567165 ], [ 76.548315633528262, 11.708732686567165 ], [ 76.548315633528262, 11.708463208955225 ], [ 76.548585126705646, 11.708463208955225 ], [ 76.548585126705646, 11.708193731343284 ], [ 76.548315633528262, 11.708193731343284 ], [ 76.548315633528262, 11.707924253731344 ], [ 76.547776647173478, 11.707924253731344 ], [ 76.547776647173478, 11.708463208955225 ], [ 76.547237660818709, 11.708463208955225 ], [ 76.547237660818709, 11.708732686567165 ], [ 76.547507153996094, 11.708732686567165 ], [ 76.547507153996094, 11.709002164179106 ] ], [ [ 76.582810760233912, 11.709002164179106 ], [ 76.583080253411296, 11.709002164179106 ], [ 76.583080253411296, 11.708732686567165 ], [ 76.582810760233912, 11.708732686567165 ], [ 76.582810760233912, 11.709002164179106 ] ], [ [ 76.589278596491226, 11.709002164179106 ], [ 76.590087076023394, 11.709002164179106 ], [ 76.590087076023394, 11.708732686567165 ], [ 76.589278596491226, 11.708732686567165 ], [ 76.589278596491226, 11.709002164179106 ] ], [ [ 76.525139220272905, 11.708732686567165 ], [ 76.52540871345029, 11.708732686567165 ], [ 76.52540871345029, 11.708463208955225 ], [ 76.525139220272905, 11.708463208955225 ], [ 76.525139220272905, 11.708732686567165 ] ], [ [ 76.583349746588695, 11.708732686567165 ], [ 76.58361923976608, 11.708732686567165 ], [ 76.58361923976608, 11.708463208955225 ], [ 76.583888732943464, 11.708463208955225 ], [ 76.583888732943464, 11.707924253731344 ], [ 76.584158226120849, 11.707924253731344 ], [ 76.584158226120849, 11.707385298507463 ], [ 76.583888732943464, 11.707385298507463 ], [ 76.583888732943464, 11.707654776119403 ], [ 76.58361923976608, 11.707654776119403 ], [ 76.58361923976608, 11.708193731343284 ], [ 76.583349746588695, 11.708193731343284 ], [ 76.583349746588695, 11.708732686567165 ] ], [ [ 76.586583664717338, 11.708732686567165 ], [ 76.587122651072121, 11.708732686567165 ], [ 76.587122651072121, 11.708463208955225 ], [ 76.586583664717338, 11.708463208955225 ], [ 76.586583664717338, 11.708732686567165 ] ], [ [ 76.59628541910331, 11.708732686567165 ], [ 76.596824405458079, 11.708732686567165 ], [ 76.596824405458079, 11.708463208955225 ], [ 76.59628541910331, 11.708463208955225 ], [ 76.59628541910331, 11.708732686567165 ] ], [ [ 76.611646530214415, 11.708732686567165 ], [ 76.611916023391814, 11.708732686567165 ], [ 76.611916023391814, 11.708463208955225 ], [ 76.611646530214415, 11.708463208955225 ], [ 76.611646530214415, 11.708732686567165 ] ], [ [ 76.546968167641324, 11.708463208955225 ], [ 76.547237660818709, 11.708463208955225 ], [ 76.547237660818709, 11.708193731343284 ], [ 76.546968167641324, 11.708193731343284 ], [ 76.546968167641324, 11.708463208955225 ] ], [ [ 76.586314171539954, 11.708463208955225 ], [ 76.586583664717338, 11.708463208955225 ], [ 76.586583664717338, 11.707924253731344 ], [ 76.586314171539954, 11.707924253731344 ], [ 76.586314171539954, 11.708463208955225 ] ], [ [ 76.62242625730994, 11.708463208955225 ], [ 76.622695750487324, 11.708463208955225 ], [ 76.622695750487324, 11.708193731343284 ], [ 76.62242625730994, 11.708193731343284 ], [ 76.62242625730994, 11.708463208955225 ] ], [ [ 76.586853157894737, 11.708193731343284 ], [ 76.587392144249506, 11.708193731343284 ], [ 76.587392144249506, 11.707654776119403 ], [ 76.586853157894737, 11.707654776119403 ], [ 76.586853157894737, 11.708193731343284 ] ], [ [ 76.597363391812863, 11.708193731343284 ], [ 76.597632884990247, 11.708193731343284 ], [ 76.597632884990247, 11.707924253731344 ], [ 76.597363391812863, 11.707924253731344 ], [ 76.597363391812863, 11.708193731343284 ] ], [ [ 76.615149941520457, 11.708193731343284 ], [ 76.615419434697856, 11.708193731343284 ], [ 76.615419434697856, 11.707924253731344 ], [ 76.615149941520457, 11.707924253731344 ], [ 76.615149941520457, 11.708193731343284 ] ], [ [ 76.619192339181282, 11.708193731343284 ], [ 76.619461832358667, 11.708193731343284 ], [ 76.619461832358667, 11.707924253731344 ], [ 76.619192339181282, 11.707924253731344 ], [ 76.619192339181282, 11.708193731343284 ] ], [ [ 76.525678206627674, 11.707924253731344 ], [ 76.526217192982458, 11.707924253731344 ], [ 76.526217192982458, 11.707654776119403 ], [ 76.525678206627674, 11.707654776119403 ], [ 76.525678206627674, 11.707924253731344 ] ], [ [ 76.560712319688108, 11.707924253731344 ], [ 76.561251306042877, 11.707924253731344 ], [ 76.561251306042877, 11.707654776119403 ], [ 76.560712319688108, 11.707654776119403 ], [ 76.560712319688108, 11.707924253731344 ] ], [ [ 76.562598771929814, 11.707924253731344 ], [ 76.562868265107213, 11.707924253731344 ], [ 76.562868265107213, 11.707385298507463 ], [ 76.562329278752429, 11.707385298507463 ], [ 76.562329278752429, 11.707654776119403 ], [ 76.562598771929814, 11.707654776119403 ], [ 76.562598771929814, 11.707924253731344 ] ], [ [ 76.596824405458079, 11.707924253731344 ], [ 76.597363391812863, 11.707924253731344 ], [ 76.597363391812863, 11.707115820895524 ], [ 76.597632884990247, 11.707115820895524 ], [ 76.597632884990247, 11.706846343283583 ], [ 76.597093898635478, 11.706846343283583 ], [ 76.597093898635478, 11.706576865671643 ], [ 76.596554912280695, 11.706576865671643 ], [ 76.596554912280695, 11.706307388059702 ], [ 76.596015925925926, 11.706307388059702 ], [ 76.596015925925926, 11.706576865671643 ], [ 76.59628541910331, 11.706576865671643 ], [ 76.59628541910331, 11.706846343283583 ], [ 76.596015925925926, 11.706846343283583 ], [ 76.596015925925926, 11.707115820895524 ], [ 76.59628541910331, 11.707115820895524 ], [ 76.59628541910331, 11.707385298507463 ], [ 76.596554912280695, 11.707385298507463 ], [ 76.596554912280695, 11.707654776119403 ], [ 76.596824405458079, 11.707654776119403 ], [ 76.596824405458079, 11.707924253731344 ] ], [ [ 76.598171871345031, 11.707924253731344 ], [ 76.598441364522415, 11.707924253731344 ], [ 76.598441364522415, 11.707654776119403 ], [ 76.598980350877184, 11.707654776119403 ], [ 76.598980350877184, 11.707385298507463 ], [ 76.599519337231968, 11.707385298507463 ], [ 76.599519337231968, 11.707115820895524 ], [ 76.599788830409352, 11.707115820895524 ], [ 76.599788830409352, 11.706846343283583 ], [ 76.600058323586737, 11.706846343283583 ], [ 76.600058323586737, 11.706307388059702 ], [ 76.600866803118905, 11.706307388059702 ], [ 76.600866803118905, 11.706037910447762 ], [ 76.601136296296289, 11.706037910447762 ], [ 76.601136296296289, 11.705768432835821 ], [ 76.601405789473674, 11.705768432835821 ], [ 76.601405789473674, 11.70522947761194 ], [ 76.601675282651073, 11.70522947761194 ], [ 76.601675282651073, 11.705498955223881 ], [ 76.601944775828457, 11.705498955223881 ], [ 76.601944775828457, 11.70522947761194 ], [ 76.602214269005842, 11.70522947761194 ], [ 76.602214269005842, 11.70496 ], [ 76.601944775828457, 11.70496 ], [ 76.601944775828457, 11.704690522388061 ], [ 76.600866803118905, 11.704690522388061 ], [ 76.600866803118905, 11.70496 ], [ 76.60059730994152, 11.70496 ], [ 76.60059730994152, 11.704421044776121 ], [ 76.600058323586737, 11.704421044776121 ], [ 76.600058323586737, 11.70496 ], [ 76.599249844054583, 11.70496 ], [ 76.599249844054583, 11.704690522388061 ], [ 76.598441364522415, 11.704690522388061 ], [ 76.598441364522415, 11.704421044776121 ], [ 76.597902378167632, 11.704421044776121 ], [ 76.597902378167632, 11.704690522388061 ], [ 76.597632884990247, 11.704690522388061 ], [ 76.597632884990247, 11.704421044776121 ], [ 76.597363391812863, 11.704421044776121 ], [ 76.597363391812863, 11.70522947761194 ], [ 76.596824405458079, 11.70522947761194 ], [ 76.596824405458079, 11.705498955223881 ], [ 76.595746432748527, 11.705498955223881 ], [ 76.595746432748527, 11.70522947761194 ], [ 76.594937953216373, 11.70522947761194 ], [ 76.594937953216373, 11.705768432835821 ], [ 76.595476939571142, 11.705768432835821 ], [ 76.595476939571142, 11.706037910447762 ], [ 76.596015925925926, 11.706037910447762 ], [ 76.596015925925926, 11.705768432835821 ], [ 76.596554912280695, 11.705768432835821 ], [ 76.596554912280695, 11.706037910447762 ], [ 76.597093898635478, 11.706037910447762 ], [ 76.597093898635478, 11.705768432835821 ], [ 76.597363391812863, 11.705768432835821 ], [ 76.597363391812863, 11.706037910447762 ], [ 76.597632884990247, 11.706037910447762 ], [ 76.597632884990247, 11.706307388059702 ], [ 76.598171871345031, 11.706307388059702 ], [ 76.598171871345031, 11.706037910447762 ], [ 76.597902378167632, 11.706037910447762 ], [ 76.597902378167632, 11.705768432835821 ], [ 76.5987108576998, 11.705768432835821 ], [ 76.5987108576998, 11.70522947761194 ], [ 76.599788830409352, 11.70522947761194 ], [ 76.599788830409352, 11.705498955223881 ], [ 76.600327816764121, 11.705498955223881 ], [ 76.600327816764121, 11.705768432835821 ], [ 76.599788830409352, 11.705768432835821 ], [ 76.599788830409352, 11.706576865671643 ], [ 76.599249844054583, 11.706576865671643 ], [ 76.599249844054583, 11.707115820895524 ], [ 76.598171871345031, 11.707115820895524 ], [ 76.598171871345031, 11.707924253731344 ] ], [ [ 76.615958421052625, 11.707924253731344 ], [ 76.616227914230009, 11.707924253731344 ], [ 76.616227914230009, 11.707654776119403 ], [ 76.616497407407408, 11.707654776119403 ], [ 76.616497407407408, 11.707385298507463 ], [ 76.616766900584793, 11.707385298507463 ], [ 76.616766900584793, 11.707115820895524 ], [ 76.617036393762177, 11.707115820895524 ], [ 76.617036393762177, 11.706846343283583 ], [ 76.616227914230009, 11.706846343283583 ], [ 76.616227914230009, 11.707115820895524 ], [ 76.615958421052625, 11.707115820895524 ], [ 76.615958421052625, 11.706846343283583 ], [ 76.61568892787524, 11.706846343283583 ], [ 76.61568892787524, 11.707385298507463 ], [ 76.615958421052625, 11.707385298507463 ], [ 76.615958421052625, 11.707924253731344 ] ], [ [ 76.577151403508765, 11.707654776119403 ], [ 76.577420896686149, 11.707654776119403 ], [ 76.577420896686149, 11.707385298507463 ], [ 76.577151403508765, 11.707385298507463 ], [ 76.577151403508765, 11.707654776119403 ] ], [ [ 76.586583664717338, 11.707654776119403 ], [ 76.586853157894737, 11.707654776119403 ], [ 76.586853157894737, 11.707385298507463 ], [ 76.586583664717338, 11.707385298507463 ], [ 76.586583664717338, 11.707654776119403 ] ], [ [ 76.62000081871345, 11.707654776119403 ], [ 76.620539805068219, 11.707654776119403 ], [ 76.620539805068219, 11.707385298507463 ], [ 76.62000081871345, 11.707385298507463 ], [ 76.62000081871345, 11.707654776119403 ] ], [ [ 76.549663099415199, 11.707385298507463 ], [ 76.549932592592583, 11.707385298507463 ], [ 76.549932592592583, 11.707115820895524 ], [ 76.549663099415199, 11.707115820895524 ], [ 76.549663099415199, 11.707385298507463 ] ], [ [ 76.583349746588695, 11.707115820895524 ], [ 76.584427719298247, 11.707115820895524 ], [ 76.584427719298247, 11.706307388059702 ], [ 76.584158226120849, 11.706307388059702 ], [ 76.584158226120849, 11.706576865671643 ], [ 76.583888732943464, 11.706576865671643 ], [ 76.583888732943464, 11.706846343283583 ], [ 76.583349746588695, 11.706846343283583 ], [ 76.583349746588695, 11.707115820895524 ] ], [ [ 76.588470116959058, 11.707115820895524 ], [ 76.588739610136443, 11.707115820895524 ], [ 76.588739610136443, 11.706846343283583 ], [ 76.588470116959058, 11.706846343283583 ], [ 76.588470116959058, 11.707115820895524 ] ], [ [ 76.589278596491226, 11.707115820895524 ], [ 76.589817582845996, 11.707115820895524 ], [ 76.589817582845996, 11.706846343283583 ], [ 76.589278596491226, 11.706846343283583 ], [ 76.589278596491226, 11.707115820895524 ] ], [ [ 76.562059785575045, 11.706846343283583 ], [ 76.562329278752429, 11.706846343283583 ], [ 76.562329278752429, 11.706576865671643 ], [ 76.562059785575045, 11.706576865671643 ], [ 76.562059785575045, 11.706846343283583 ] ], [ [ 76.586044678362569, 11.706846343283583 ], [ 76.586314171539954, 11.706846343283583 ], [ 76.586314171539954, 11.706576865671643 ], [ 76.586044678362569, 11.706576865671643 ], [ 76.586044678362569, 11.706846343283583 ] ], [ [ 76.589817582845996, 11.706846343283583 ], [ 76.590087076023394, 11.706846343283583 ], [ 76.590087076023394, 11.706576865671643 ], [ 76.589817582845996, 11.706576865671643 ], [ 76.589817582845996, 11.706846343283583 ] ], [ [ 76.615149941520457, 11.706846343283583 ], [ 76.61568892787524, 11.706846343283583 ], [ 76.61568892787524, 11.706307388059702 ], [ 76.615958421052625, 11.706307388059702 ], [ 76.615958421052625, 11.706037910447762 ], [ 76.615149941520457, 11.706037910447762 ], [ 76.615149941520457, 11.705498955223881 ], [ 76.614880448343072, 11.705498955223881 ], [ 76.614880448343072, 11.70522947761194 ], [ 76.615419434697856, 11.70522947761194 ], [ 76.615419434697856, 11.70496 ], [ 76.615958421052625, 11.70496 ], [ 76.615958421052625, 11.70522947761194 ], [ 76.616497407407408, 11.70522947761194 ], [ 76.616497407407408, 11.70496 ], [ 76.616227914230009, 11.70496 ], [ 76.616227914230009, 11.704690522388061 ], [ 76.616497407407408, 11.704690522388061 ], [ 76.616497407407408, 11.704421044776121 ], [ 76.616766900584793, 11.704421044776121 ], [ 76.616766900584793, 11.70415156716418 ], [ 76.617036393762177, 11.70415156716418 ], [ 76.617036393762177, 11.703612611940299 ], [ 76.61811436647173, 11.703612611940299 ], [ 76.61811436647173, 11.703343134328358 ], [ 76.616497407407408, 11.703343134328358 ], [ 76.616497407407408, 11.703612611940299 ], [ 76.616227914230009, 11.703612611940299 ], [ 76.616227914230009, 11.70388208955224 ], [ 76.61568892787524, 11.70388208955224 ], [ 76.61568892787524, 11.703612611940299 ], [ 76.615419434697856, 11.703612611940299 ], [ 76.615419434697856, 11.703343134328358 ], [ 76.614341461988303, 11.703343134328358 ], [ 76.614341461988303, 11.703073656716418 ], [ 76.614071968810919, 11.703073656716418 ], [ 76.614071968810919, 11.702804179104477 ], [ 76.61380247563352, 11.702804179104477 ], [ 76.61380247563352, 11.703073656716418 ], [ 76.613263489278751, 11.703073656716418 ], [ 76.613263489278751, 11.702804179104477 ], [ 76.612993996101366, 11.702804179104477 ], [ 76.612993996101366, 11.702534701492539 ], [ 76.612724502923967, 11.702534701492539 ], [ 76.612724502923967, 11.702265223880598 ], [ 76.612455009746583, 11.702265223880598 ], [ 76.612455009746583, 11.701995746268658 ], [ 76.612993996101366, 11.701995746268658 ], [ 76.612993996101366, 11.701456791044777 ], [ 76.613263489278751, 11.701456791044777 ], [ 76.613263489278751, 11.700648358208955 ], [ 76.612993996101366, 11.700648358208955 ], [ 76.612993996101366, 11.700378880597016 ], [ 76.612455009746583, 11.700378880597016 ], [ 76.612455009746583, 11.700109402985076 ], [ 76.612185516569198, 11.700109402985076 ], [ 76.612185516569198, 11.699839925373135 ], [ 76.610299064327478, 11.699839925373135 ], [ 76.610299064327478, 11.699570447761195 ], [ 76.60949058479531, 11.699570447761195 ], [ 76.60949058479531, 11.700109402985076 ], [ 76.609221091617925, 11.700109402985076 ], [ 76.609221091617925, 11.699839925373135 ], [ 76.608951598440541, 11.699839925373135 ], [ 76.608951598440541, 11.699570447761195 ], [ 76.609221091617925, 11.699570447761195 ], [ 76.609221091617925, 11.699300970149254 ], [ 76.608951598440541, 11.699300970149254 ], [ 76.608951598440541, 11.699031492537314 ], [ 76.608412612085772, 11.699031492537314 ], [ 76.608412612085772, 11.699570447761195 ], [ 76.608143118908373, 11.699570447761195 ], [ 76.608143118908373, 11.699839925373135 ], [ 76.607873625730988, 11.699839925373135 ], [ 76.607873625730988, 11.700109402985076 ], [ 76.606526159844051, 11.700109402985076 ], [ 76.606526159844051, 11.700648358208955 ], [ 76.606795653021436, 11.700648358208955 ], [ 76.606795653021436, 11.700917835820896 ], [ 76.607334639376219, 11.700917835820896 ], [ 76.607334639376219, 11.701456791044777 ], [ 76.608143118908373, 11.701456791044777 ], [ 76.608143118908373, 11.701726268656717 ], [ 76.608412612085772, 11.701726268656717 ], [ 76.608412612085772, 11.701995746268658 ], [ 76.608682105263156, 11.701995746268658 ], [ 76.608682105263156, 11.702265223880598 ], [ 76.60949058479531, 11.702265223880598 ], [ 76.60949058479531, 11.702534701492539 ], [ 76.609760077972709, 11.702534701492539 ], [ 76.609760077972709, 11.702804179104477 ], [ 76.610029571150093, 11.702804179104477 ], [ 76.610029571150093, 11.703073656716418 ], [ 76.610299064327478, 11.703073656716418 ], [ 76.610299064327478, 11.703343134328358 ], [ 76.610568557504862, 11.703343134328358 ], [ 76.610568557504862, 11.70415156716418 ], [ 76.610838050682261, 11.70415156716418 ], [ 76.610838050682261, 11.704690522388061 ], [ 76.61137703703703, 11.704690522388061 ], [ 76.61137703703703, 11.70496 ], [ 76.611107543859646, 11.70496 ], [ 76.611107543859646, 11.70522947761194 ], [ 76.61137703703703, 11.70522947761194 ], [ 76.61137703703703, 11.705498955223881 ], [ 76.611646530214415, 11.705498955223881 ], [ 76.611646530214415, 11.705768432835821 ], [ 76.61137703703703, 11.705768432835821 ], [ 76.61137703703703, 11.706037910447762 ], [ 76.611646530214415, 11.706037910447762 ], [ 76.611646530214415, 11.706576865671643 ], [ 76.611916023391814, 11.706576865671643 ], [ 76.611916023391814, 11.706307388059702 ], [ 76.612455009746583, 11.706307388059702 ], [ 76.612455009746583, 11.706037910447762 ], [ 76.61380247563352, 11.706037910447762 ], [ 76.61380247563352, 11.705768432835821 ], [ 76.614341461988303, 11.705768432835821 ], [ 76.614341461988303, 11.706037910447762 ], [ 76.614610955165688, 11.706037910447762 ], [ 76.614610955165688, 11.706307388059702 ], [ 76.614880448343072, 11.706307388059702 ], [ 76.614880448343072, 11.706576865671643 ], [ 76.615149941520457, 11.706576865671643 ], [ 76.615149941520457, 11.706846343283583 ] ], [ [ 76.624851695906429, 11.706846343283583 ], [ 76.625390682261198, 11.706846343283583 ], [ 76.625390682261198, 11.706576865671643 ], [ 76.624851695906429, 11.706576865671643 ], [ 76.624851695906429, 11.706846343283583 ] ], [ [ 76.566641169590639, 11.706576865671643 ], [ 76.566910662768024, 11.706576865671643 ], [ 76.566910662768024, 11.706307388059702 ], [ 76.566641169590639, 11.706307388059702 ], [ 76.566641169590639, 11.706576865671643 ] ], [ [ 76.585775185185184, 11.706576865671643 ], [ 76.586044678362569, 11.706576865671643 ], [ 76.586044678362569, 11.705768432835821 ], [ 76.585775185185184, 11.705768432835821 ], [ 76.585775185185184, 11.704690522388061 ], [ 76.5855056920078, 11.704690522388061 ], [ 76.5855056920078, 11.703612611940299 ], [ 76.585236198830401, 11.703612611940299 ], [ 76.585236198830401, 11.70496 ], [ 76.5855056920078, 11.70496 ], [ 76.5855056920078, 11.705768432835821 ], [ 76.584697212475632, 11.705768432835821 ], [ 76.584697212475632, 11.706037910447762 ], [ 76.584427719298247, 11.706037910447762 ], [ 76.584427719298247, 11.706307388059702 ], [ 76.584966705653017, 11.706307388059702 ], [ 76.584966705653017, 11.706037910447762 ], [ 76.585775185185184, 11.706037910447762 ], [ 76.585775185185184, 11.706576865671643 ] ], [ [ 76.590356569200779, 11.706576865671643 ], [ 76.590626062378163, 11.706576865671643 ], [ 76.590626062378163, 11.706307388059702 ], [ 76.590356569200779, 11.706307388059702 ], [ 76.590356569200779, 11.706576865671643 ] ], [ [ 76.608951598440541, 11.706307388059702 ], [ 76.609221091617925, 11.706307388059702 ], [ 76.609221091617925, 11.705768432835821 ], [ 76.608951598440541, 11.705768432835821 ], [ 76.608951598440541, 11.706307388059702 ] ], [ [ 76.578229376218317, 11.706037910447762 ], [ 76.578498869395702, 11.706037910447762 ], [ 76.578498869395702, 11.705768432835821 ], [ 76.578229376218317, 11.705768432835821 ], [ 76.578229376218317, 11.706037910447762 ] ], [ [ 76.540230838206625, 11.705768432835821 ], [ 76.54050033138401, 11.705768432835821 ], [ 76.54050033138401, 11.705498955223881 ], [ 76.540230838206625, 11.705498955223881 ], [ 76.540230838206625, 11.705768432835821 ] ], [ [ 76.557747894736835, 11.705768432835821 ], [ 76.558017387914219, 11.705768432835821 ], [ 76.558017387914219, 11.705498955223881 ], [ 76.557747894736835, 11.705498955223881 ], [ 76.557747894736835, 11.705768432835821 ] ], [ [ 76.576612417153996, 11.705768432835821 ], [ 76.57688191033138, 11.705768432835821 ], [ 76.57688191033138, 11.705498955223881 ], [ 76.576612417153996, 11.705498955223881 ], [ 76.576612417153996, 11.705768432835821 ] ], [ [ 76.538613879142289, 11.705498955223881 ], [ 76.538883372319688, 11.705498955223881 ], [ 76.538883372319688, 11.70522947761194 ], [ 76.538613879142289, 11.70522947761194 ], [ 76.538613879142289, 11.705498955223881 ] ], [ [ 76.539691851851842, 11.705498955223881 ], [ 76.539961345029241, 11.705498955223881 ], [ 76.539961345029241, 11.70522947761194 ], [ 76.540230838206625, 11.70522947761194 ], [ 76.540230838206625, 11.70496 ], [ 76.539961345029241, 11.70496 ], [ 76.539961345029241, 11.704421044776121 ], [ 76.539691851851842, 11.704421044776121 ], [ 76.539691851851842, 11.705498955223881 ] ], [ [ 76.558556374269003, 11.705498955223881 ], [ 76.558825867446387, 11.705498955223881 ], [ 76.558825867446387, 11.70522947761194 ], [ 76.558556374269003, 11.70522947761194 ], [ 76.558556374269003, 11.705498955223881 ] ], [ [ 76.568527621832359, 11.705498955223881 ], [ 76.568797115009744, 11.705498955223881 ], [ 76.568797115009744, 11.70522947761194 ], [ 76.568527621832359, 11.70522947761194 ], [ 76.568527621832359, 11.705498955223881 ] ], [ [ 76.578229376218317, 11.705498955223881 ], [ 76.578498869395702, 11.705498955223881 ], [ 76.578498869395702, 11.70496 ], [ 76.578229376218317, 11.70496 ], [ 76.578229376218317, 11.704690522388061 ], [ 76.578498869395702, 11.704690522388061 ], [ 76.578498869395702, 11.704421044776121 ], [ 76.578768362573101, 11.704421044776121 ], [ 76.578768362573101, 11.70415156716418 ], [ 76.578498869395702, 11.70415156716418 ], [ 76.578498869395702, 11.70388208955224 ], [ 76.578229376218317, 11.70388208955224 ], [ 76.578229376218317, 11.704421044776121 ], [ 76.577959883040933, 11.704421044776121 ], [ 76.577959883040933, 11.70415156716418 ], [ 76.577420896686149, 11.70415156716418 ], [ 76.577420896686149, 11.703343134328358 ], [ 76.577151403508765, 11.703343134328358 ], [ 76.577151403508765, 11.703612611940299 ], [ 76.576612417153996, 11.703612611940299 ], [ 76.576612417153996, 11.703343134328358 ], [ 76.576073430799212, 11.703343134328358 ], [ 76.576073430799212, 11.703073656716418 ], [ 76.575534444444443, 11.703073656716418 ], [ 76.575534444444443, 11.702534701492539 ], [ 76.57499545808966, 11.702534701492539 ], [ 76.57499545808966, 11.702265223880598 ], [ 76.574725964912275, 11.702265223880598 ], [ 76.574725964912275, 11.701995746268658 ], [ 76.574456471734891, 11.701995746268658 ], [ 76.574456471734891, 11.702534701492539 ], [ 76.574725964912275, 11.702534701492539 ], [ 76.574725964912275, 11.703073656716418 ], [ 76.57499545808966, 11.703073656716418 ], [ 76.57499545808966, 11.703343134328358 ], [ 76.575534444444443, 11.703343134328358 ], [ 76.575534444444443, 11.703612611940299 ], [ 76.575264951267059, 11.703612611940299 ], [ 76.575264951267059, 11.70415156716418 ], [ 76.575534444444443, 11.70415156716418 ], [ 76.575534444444443, 11.704690522388061 ], [ 76.575803937621828, 11.704690522388061 ], [ 76.575803937621828, 11.704421044776121 ], [ 76.576073430799212, 11.704421044776121 ], [ 76.576073430799212, 11.70496 ], [ 76.576342923976597, 11.70496 ], [ 76.576342923976597, 11.70415156716418 ], [ 76.576073430799212, 11.70415156716418 ], [ 76.576073430799212, 11.70388208955224 ], [ 76.576612417153996, 11.70388208955224 ], [ 76.576612417153996, 11.70415156716418 ], [ 76.57688191033138, 11.70415156716418 ], [ 76.57688191033138, 11.704690522388061 ], [ 76.577959883040933, 11.704690522388061 ], [ 76.577959883040933, 11.70522947761194 ], [ 76.578229376218317, 11.70522947761194 ], [ 76.578229376218317, 11.705498955223881 ] ], [ [ 76.579037855750485, 11.705498955223881 ], [ 76.57930734892787, 11.705498955223881 ], [ 76.57930734892787, 11.70522947761194 ], [ 76.579576842105254, 11.70522947761194 ], [ 76.579576842105254, 11.704421044776121 ], [ 76.57930734892787, 11.704421044776121 ], [ 76.57930734892787, 11.70496 ], [ 76.579037855750485, 11.70496 ], [ 76.579037855750485, 11.705498955223881 ] ], [ [ 76.558825867446387, 11.70522947761194 ], [ 76.559364853801171, 11.70522947761194 ], [ 76.559364853801171, 11.70496 ], [ 76.558825867446387, 11.70496 ], [ 76.558825867446387, 11.70522947761194 ] ], [ [ 76.59628541910331, 11.70522947761194 ], [ 76.596824405458079, 11.70522947761194 ], [ 76.596824405458079, 11.704690522388061 ], [ 76.596015925925926, 11.704690522388061 ], [ 76.596015925925926, 11.70496 ], [ 76.59628541910331, 11.70496 ], [ 76.59628541910331, 11.70522947761194 ] ], [ [ 76.608143118908373, 11.70522947761194 ], [ 76.608682105263156, 11.70522947761194 ], [ 76.608682105263156, 11.70496 ], [ 76.608143118908373, 11.70496 ], [ 76.608143118908373, 11.70522947761194 ] ], [ [ 76.621887270955156, 11.70522947761194 ], [ 76.62242625730994, 11.70522947761194 ], [ 76.62242625730994, 11.70496 ], [ 76.621887270955156, 11.70496 ], [ 76.621887270955156, 11.70522947761194 ] ], [ [ 76.541847797270947, 11.70496 ], [ 76.542656276803115, 11.70496 ], [ 76.542656276803115, 11.704690522388061 ], [ 76.542117290448346, 11.704690522388061 ], [ 76.542117290448346, 11.704421044776121 ], [ 76.541847797270947, 11.704421044776121 ], [ 76.541847797270947, 11.70496 ] ], [ [ 76.568258128654961, 11.70496 ], [ 76.568527621832359, 11.70496 ], [ 76.568527621832359, 11.704690522388061 ], [ 76.568797115009744, 11.704690522388061 ], [ 76.568797115009744, 11.70415156716418 ], [ 76.568527621832359, 11.70415156716418 ], [ 76.568527621832359, 11.70388208955224 ], [ 76.568258128654961, 11.70388208955224 ], [ 76.568258128654961, 11.70496 ] ], [ [ 76.569066608187129, 11.704690522388061 ], [ 76.569875087719296, 11.704690522388061 ], [ 76.569875087719296, 11.704421044776121 ], [ 76.569066608187129, 11.704421044776121 ], [ 76.569066608187129, 11.704690522388061 ] ], [ [ 76.580654814814807, 11.704690522388061 ], [ 76.58119380116959, 11.704690522388061 ], [ 76.58119380116959, 11.70415156716418 ], [ 76.580654814814807, 11.70415156716418 ], [ 76.580654814814807, 11.704690522388061 ] ], [ [ 76.581732787524359, 11.704690522388061 ], [ 76.582002280701744, 11.704690522388061 ], [ 76.582002280701744, 11.70415156716418 ], [ 76.583080253411296, 11.70415156716418 ], [ 76.583080253411296, 11.703612611940299 ], [ 76.582002280701744, 11.703612611940299 ], [ 76.582002280701744, 11.70388208955224 ], [ 76.581732787524359, 11.70388208955224 ], [ 76.581732787524359, 11.704690522388061 ] ], [ [ 76.629163586744639, 11.704690522388061 ], [ 76.629702573099408, 11.704690522388061 ], [ 76.629702573099408, 11.70415156716418 ], [ 76.629972066276792, 11.70415156716418 ], [ 76.629972066276792, 11.704421044776121 ], [ 76.630241559454191, 11.704421044776121 ], [ 76.630241559454191, 11.70388208955224 ], [ 76.62889409356724, 11.70388208955224 ], [ 76.62889409356724, 11.70415156716418 ], [ 76.628624600389855, 11.70415156716418 ], [ 76.628624600389855, 11.704421044776121 ], [ 76.629163586744639, 11.704421044776121 ], [ 76.629163586744639, 11.704690522388061 ] ], [ [ 76.634283957115002, 11.704690522388061 ], [ 76.634822943469786, 11.704690522388061 ], [ 76.634822943469786, 11.704421044776121 ], [ 76.634553450292387, 11.704421044776121 ], [ 76.634553450292387, 11.70415156716418 ], [ 76.634283957115002, 11.70415156716418 ], [ 76.634283957115002, 11.704690522388061 ] ], [ [ 76.594668460038989, 11.704421044776121 ], [ 76.594937953216373, 11.704421044776121 ], [ 76.594937953216373, 11.70415156716418 ], [ 76.595476939571142, 11.70415156716418 ], [ 76.595476939571142, 11.703612611940299 ], [ 76.595207446393758, 11.703612611940299 ], [ 76.595207446393758, 11.703073656716418 ], [ 76.594937953216373, 11.703073656716418 ], [ 76.594937953216373, 11.703343134328358 ], [ 76.594668460038989, 11.703343134328358 ], [ 76.594668460038989, 11.703612611940299 ], [ 76.59439896686159, 11.703612611940299 ], [ 76.59439896686159, 11.70415156716418 ], [ 76.594668460038989, 11.70415156716418 ], [ 76.594668460038989, 11.704421044776121 ] ], [ [ 76.59628541910331, 11.704421044776121 ], [ 76.597093898635478, 11.704421044776121 ], [ 76.597093898635478, 11.70415156716418 ], [ 76.596824405458079, 11.70415156716418 ], [ 76.596824405458079, 11.70388208955224 ], [ 76.596554912280695, 11.70388208955224 ], [ 76.596554912280695, 11.70415156716418 ], [ 76.59628541910331, 11.70415156716418 ], [ 76.59628541910331, 11.704421044776121 ] ], [ [ 76.587931130604289, 11.70415156716418 ], [ 76.588470116959058, 11.70415156716418 ], [ 76.588470116959058, 11.70388208955224 ], [ 76.587931130604289, 11.70388208955224 ], [ 76.587931130604289, 11.70415156716418 ] ], [ [ 76.588739610136443, 11.70415156716418 ], [ 76.589009103313842, 11.70415156716418 ], [ 76.589009103313842, 11.70388208955224 ], [ 76.588739610136443, 11.70388208955224 ], [ 76.588739610136443, 11.70415156716418 ] ], [ [ 76.600327816764121, 11.70415156716418 ], [ 76.600866803118905, 11.70415156716418 ], [ 76.600866803118905, 11.70388208955224 ], [ 76.601405789473674, 11.70388208955224 ], [ 76.601405789473674, 11.703612611940299 ], [ 76.601675282651073, 11.703612611940299 ], [ 76.601675282651073, 11.703073656716418 ], [ 76.602214269005842, 11.703073656716418 ], [ 76.602214269005842, 11.702804179104477 ], [ 76.602483762183226, 11.702804179104477 ], [ 76.602483762183226, 11.702534701492539 ], [ 76.602753255360625, 11.702534701492539 ], [ 76.602753255360625, 11.701995746268658 ], [ 76.602483762183226, 11.701995746268658 ], [ 76.602483762183226, 11.701187313432836 ], [ 76.602214269005842, 11.701187313432836 ], [ 76.602214269005842, 11.701726268656717 ], [ 76.601944775828457, 11.701726268656717 ], [ 76.601944775828457, 11.701995746268658 ], [ 76.601675282651073, 11.701995746268658 ], [ 76.601675282651073, 11.702265223880598 ], [ 76.601405789473674, 11.702265223880598 ], [ 76.601405789473674, 11.702534701492539 ], [ 76.601136296296289, 11.702534701492539 ], [ 76.601136296296289, 11.702265223880598 ], [ 76.60059730994152, 11.702265223880598 ], [ 76.60059730994152, 11.701995746268658 ], [ 76.600327816764121, 11.701995746268658 ], [ 76.600327816764121, 11.702265223880598 ], [ 76.600058323586737, 11.702265223880598 ], [ 76.600058323586737, 11.702534701492539 ], [ 76.600327816764121, 11.702534701492539 ], [ 76.600327816764121, 11.703073656716418 ], [ 76.600058323586737, 11.703073656716418 ], [ 76.600058323586737, 11.70388208955224 ], [ 76.600327816764121, 11.70388208955224 ], [ 76.600327816764121, 11.70415156716418 ] ], [ [ 76.58119380116959, 11.70388208955224 ], [ 76.581732787524359, 11.70388208955224 ], [ 76.581732787524359, 11.703612611940299 ], [ 76.58119380116959, 11.703612611940299 ], [ 76.58119380116959, 11.70388208955224 ] ], [ [ 76.604100721247562, 11.70388208955224 ], [ 76.604639707602331, 11.70388208955224 ], [ 76.604639707602331, 11.703612611940299 ], [ 76.604100721247562, 11.703612611940299 ], [ 76.604100721247562, 11.70388208955224 ] ], [ [ 76.562598771929814, 11.703612611940299 ], [ 76.562868265107213, 11.703612611940299 ], [ 76.562868265107213, 11.703343134328358 ], [ 76.562598771929814, 11.703343134328358 ], [ 76.562598771929814, 11.703612611940299 ] ], [ [ 76.5855056920078, 11.703612611940299 ], [ 76.585775185185184, 11.703612611940299 ], [ 76.585775185185184, 11.703073656716418 ], [ 76.586044678362569, 11.703073656716418 ], [ 76.586044678362569, 11.702534701492539 ], [ 76.585775185185184, 11.702534701492539 ], [ 76.585775185185184, 11.702804179104477 ], [ 76.585236198830401, 11.702804179104477 ], [ 76.585236198830401, 11.703343134328358 ], [ 76.5855056920078, 11.703343134328358 ], [ 76.5855056920078, 11.703612611940299 ] ], [ [ 76.587661637426891, 11.703612611940299 ], [ 76.588200623781674, 11.703612611940299 ], [ 76.588200623781674, 11.703343134328358 ], [ 76.587661637426891, 11.703343134328358 ], [ 76.587661637426891, 11.703612611940299 ] ], [ [ 76.604909200779716, 11.703612611940299 ], [ 76.605178693957114, 11.703612611940299 ], [ 76.605178693957114, 11.703343134328358 ], [ 76.604909200779716, 11.703343134328358 ], [ 76.604909200779716, 11.703612611940299 ] ], [ [ 76.605987173489268, 11.703612611940299 ], [ 76.606256666666667, 11.703612611940299 ], [ 76.606256666666667, 11.703343134328358 ], [ 76.605987173489268, 11.703343134328358 ], [ 76.605987173489268, 11.703612611940299 ] ], [ [ 76.607334639376219, 11.703612611940299 ], [ 76.607873625730988, 11.703612611940299 ], [ 76.607873625730988, 11.703343134328358 ], [ 76.607604132553604, 11.703343134328358 ], [ 76.607604132553604, 11.703073656716418 ], [ 76.607334639376219, 11.703073656716418 ], [ 76.607334639376219, 11.703612611940299 ] ], [ [ 76.549663099415199, 11.703343134328358 ], [ 76.549932592592583, 11.703343134328358 ], [ 76.549932592592583, 11.703073656716418 ], [ 76.549663099415199, 11.703073656716418 ], [ 76.549663099415199, 11.703343134328358 ] ], [ [ 76.587392144249506, 11.703343134328358 ], [ 76.587661637426891, 11.703343134328358 ], [ 76.587661637426891, 11.703073656716418 ], [ 76.587392144249506, 11.703073656716418 ], [ 76.587392144249506, 11.703343134328358 ] ], [ [ 76.619461832358667, 11.703343134328358 ], [ 76.619731325536051, 11.703343134328358 ], [ 76.619731325536051, 11.703073656716418 ], [ 76.619461832358667, 11.703073656716418 ], [ 76.619461832358667, 11.703343134328358 ] ], [ [ 76.568258128654961, 11.703073656716418 ], [ 76.568527621832359, 11.703073656716418 ], [ 76.568527621832359, 11.701995746268658 ], [ 76.567988635477576, 11.701995746268658 ], [ 76.567988635477576, 11.702265223880598 ], [ 76.568258128654961, 11.702265223880598 ], [ 76.568258128654961, 11.703073656716418 ] ], [ [ 76.581732787524359, 11.703073656716418 ], [ 76.582002280701744, 11.703073656716418 ], [ 76.582002280701744, 11.702804179104477 ], [ 76.581732787524359, 11.702804179104477 ], [ 76.581732787524359, 11.703073656716418 ] ], [ [ 76.604639707602331, 11.703073656716418 ], [ 76.605178693957114, 11.703073656716418 ], [ 76.605178693957114, 11.702804179104477 ], [ 76.604639707602331, 11.702804179104477 ], [ 76.604639707602331, 11.703073656716418 ] ], [ [ 76.606526159844051, 11.703073656716418 ], [ 76.607334639376219, 11.703073656716418 ], [ 76.607334639376219, 11.702804179104477 ], [ 76.608412612085772, 11.702804179104477 ], [ 76.608412612085772, 11.702534701492539 ], [ 76.607873625730988, 11.702534701492539 ], [ 76.607873625730988, 11.702265223880598 ], [ 76.606795653021436, 11.702265223880598 ], [ 76.606795653021436, 11.702534701492539 ], [ 76.606526159844051, 11.702534701492539 ], [ 76.606526159844051, 11.702265223880598 ], [ 76.606256666666667, 11.702265223880598 ], [ 76.606256666666667, 11.702804179104477 ], [ 76.606526159844051, 11.702804179104477 ], [ 76.606526159844051, 11.703073656716418 ] ], [ [ 76.628355107212471, 11.703073656716418 ], [ 76.628624600389855, 11.703073656716418 ], [ 76.628624600389855, 11.702804179104477 ], [ 76.62889409356724, 11.702804179104477 ], [ 76.62889409356724, 11.702265223880598 ], [ 76.628355107212471, 11.702265223880598 ], [ 76.628355107212471, 11.701726268656717 ], [ 76.628624600389855, 11.701726268656717 ], [ 76.628624600389855, 11.701187313432836 ], [ 76.627816120857702, 11.701187313432836 ], [ 76.627816120857702, 11.700917835820896 ], [ 76.628085614035086, 11.700917835820896 ], [ 76.628085614035086, 11.700648358208955 ], [ 76.627816120857702, 11.700648358208955 ], [ 76.627816120857702, 11.700109402985076 ], [ 76.62889409356724, 11.700109402985076 ], [ 76.62889409356724, 11.699839925373135 ], [ 76.629972066276792, 11.699839925373135 ], [ 76.629972066276792, 11.700109402985076 ], [ 76.630241559454191, 11.700109402985076 ], [ 76.630241559454191, 11.700378880597016 ], [ 76.631050038986345, 11.700378880597016 ], [ 76.631050038986345, 11.700109402985076 ], [ 76.631319532163744, 11.700109402985076 ], [ 76.631319532163744, 11.699570447761195 ], [ 76.631589025341128, 11.699570447761195 ], [ 76.631589025341128, 11.699300970149254 ], [ 76.631319532163744, 11.699300970149254 ], [ 76.631319532163744, 11.699031492537314 ], [ 76.631050038986345, 11.699031492537314 ], [ 76.631050038986345, 11.698762014925373 ], [ 76.630241559454191, 11.698762014925373 ], [ 76.630241559454191, 11.699031492537314 ], [ 76.629972066276792, 11.699031492537314 ], [ 76.629972066276792, 11.698762014925373 ], [ 76.629702573099408, 11.698762014925373 ], [ 76.629702573099408, 11.698223059701494 ], [ 76.629433079922023, 11.698223059701494 ], [ 76.629433079922023, 11.697684104477613 ], [ 76.628624600389855, 11.697684104477613 ], [ 76.628624600389855, 11.697953582089553 ], [ 76.628085614035086, 11.697953582089553 ], [ 76.628085614035086, 11.698223059701494 ], [ 76.627546627680303, 11.698223059701494 ], [ 76.627546627680303, 11.698492537313433 ], [ 76.627277134502918, 11.698492537313433 ], [ 76.627277134502918, 11.698762014925373 ], [ 76.626738148148149, 11.698762014925373 ], [ 76.626738148148149, 11.699031492537314 ], [ 76.626468654970751, 11.699031492537314 ], [ 76.626468654970751, 11.699570447761195 ], [ 76.626738148148149, 11.699570447761195 ], [ 76.626738148148149, 11.699839925373135 ], [ 76.627007641325534, 11.699839925373135 ], [ 76.627007641325534, 11.700378880597016 ], [ 76.626468654970751, 11.700378880597016 ], [ 76.626468654970751, 11.701726268656717 ], [ 76.627007641325534, 11.701726268656717 ], [ 76.627007641325534, 11.701995746268658 ], [ 76.627277134502918, 11.701995746268658 ], [ 76.627277134502918, 11.702265223880598 ], [ 76.627546627680303, 11.702265223880598 ], [ 76.627546627680303, 11.702534701492539 ], [ 76.628085614035086, 11.702534701492539 ], [ 76.628085614035086, 11.702804179104477 ], [ 76.628355107212471, 11.702804179104477 ], [ 76.628355107212471, 11.703073656716418 ] ], [ [ 76.53807489278752, 11.702804179104477 ], [ 76.538344385964905, 11.702804179104477 ], [ 76.538344385964905, 11.702534701492539 ], [ 76.53807489278752, 11.702534701492539 ], [ 76.53807489278752, 11.702804179104477 ] ], [ [ 76.562329278752429, 11.702804179104477 ], [ 76.562598771929814, 11.702804179104477 ], [ 76.562598771929814, 11.702534701492539 ], [ 76.562329278752429, 11.702534701492539 ], [ 76.562329278752429, 11.702804179104477 ] ], [ [ 76.574186978557506, 11.702804179104477 ], [ 76.574456471734891, 11.702804179104477 ], [ 76.574456471734891, 11.702534701492539 ], [ 76.574186978557506, 11.702534701492539 ], [ 76.574186978557506, 11.702804179104477 ] ], [ [ 76.58119380116959, 11.702804179104477 ], [ 76.581463294346975, 11.702804179104477 ], [ 76.581463294346975, 11.702534701492539 ], [ 76.581732787524359, 11.702534701492539 ], [ 76.581732787524359, 11.702265223880598 ], [ 76.58119380116959, 11.702265223880598 ], [ 76.58119380116959, 11.702804179104477 ] ], [ [ 76.582541267056527, 11.702804179104477 ], [ 76.582810760233912, 11.702804179104477 ], [ 76.582810760233912, 11.702534701492539 ], [ 76.582541267056527, 11.702534701492539 ], [ 76.582541267056527, 11.702804179104477 ] ], [ [ 76.562598771929814, 11.702534701492539 ], [ 76.562868265107213, 11.702534701492539 ], [ 76.562868265107213, 11.702265223880598 ], [ 76.563137758284597, 11.702265223880598 ], [ 76.563137758284597, 11.701995746268658 ], [ 76.562598771929814, 11.701995746268658 ], [ 76.562598771929814, 11.702534701492539 ] ], [ [ 76.586044678362569, 11.702534701492539 ], [ 76.586314171539954, 11.702534701492539 ], [ 76.586314171539954, 11.702265223880598 ], [ 76.586044678362569, 11.702265223880598 ], [ 76.586044678362569, 11.702534701492539 ] ], [ [ 76.596554912280695, 11.702534701492539 ], [ 76.596824405458079, 11.702534701492539 ], [ 76.596824405458079, 11.702265223880598 ], [ 76.597363391812863, 11.702265223880598 ], [ 76.597363391812863, 11.701726268656717 ], [ 76.597093898635478, 11.701726268656717 ], [ 76.597093898635478, 11.701456791044777 ], [ 76.596824405458079, 11.701456791044777 ], [ 76.596824405458079, 11.701187313432836 ], [ 76.59628541910331, 11.701187313432836 ], [ 76.59628541910331, 11.701456791044777 ], [ 76.596015925925926, 11.701456791044777 ], [ 76.596015925925926, 11.701726268656717 ], [ 76.596554912280695, 11.701726268656717 ], [ 76.596554912280695, 11.702534701492539 ] ], [ [ 76.605178693957114, 11.702534701492539 ], [ 76.605448187134499, 11.702534701492539 ], [ 76.605448187134499, 11.701726268656717 ], [ 76.605717680311884, 11.701726268656717 ], [ 76.605717680311884, 11.701456791044777 ], [ 76.605448187134499, 11.701456791044777 ], [ 76.605448187134499, 11.701187313432836 ], [ 76.605178693957114, 11.701187313432836 ], [ 76.605178693957114, 11.700917835820896 ], [ 76.604370214424947, 11.700917835820896 ], [ 76.604370214424947, 11.700648358208955 ], [ 76.604100721247562, 11.700648358208955 ], [ 76.604100721247562, 11.701456791044777 ], [ 76.604639707602331, 11.701456791044777 ], [ 76.604639707602331, 11.701995746268658 ], [ 76.604909200779716, 11.701995746268658 ], [ 76.604909200779716, 11.702265223880598 ], [ 76.605178693957114, 11.702265223880598 ], [ 76.605178693957114, 11.702534701492539 ] ], [ [ 76.56421573099415, 11.702265223880598 ], [ 76.564485224171534, 11.702265223880598 ], [ 76.564485224171534, 11.701726268656717 ], [ 76.56421573099415, 11.701726268656717 ], [ 76.56421573099415, 11.701456791044777 ], [ 76.564754717348919, 11.701456791044777 ], [ 76.564754717348919, 11.701726268656717 ], [ 76.565024210526317, 11.701726268656717 ], [ 76.565024210526317, 11.701456791044777 ], [ 76.565293703703702, 11.701456791044777 ], [ 76.565293703703702, 11.701187313432836 ], [ 76.564754717348919, 11.701187313432836 ], [ 76.564754717348919, 11.700917835820896 ], [ 76.564485224171534, 11.700917835820896 ], [ 76.564485224171534, 11.701187313432836 ], [ 76.56421573099415, 11.701187313432836 ], [ 76.56421573099415, 11.700917835820896 ], [ 76.563946237816765, 11.700917835820896 ], [ 76.563946237816765, 11.701187313432836 ], [ 76.563676744639366, 11.701187313432836 ], [ 76.563676744639366, 11.701726268656717 ], [ 76.563946237816765, 11.701726268656717 ], [ 76.563946237816765, 11.701995746268658 ], [ 76.56421573099415, 11.701995746268658 ], [ 76.56421573099415, 11.702265223880598 ] ], [ [ 76.581732787524359, 11.702265223880598 ], [ 76.582810760233912, 11.702265223880598 ], [ 76.582810760233912, 11.701995746268658 ], [ 76.581732787524359, 11.701995746268658 ], [ 76.581732787524359, 11.702265223880598 ] ], [ [ 76.585775185185184, 11.702265223880598 ], [ 76.586044678362569, 11.702265223880598 ], [ 76.586044678362569, 11.701187313432836 ], [ 76.585775185185184, 11.701187313432836 ], [ 76.585775185185184, 11.700917835820896 ], [ 76.5855056920078, 11.700917835820896 ], [ 76.5855056920078, 11.701726268656717 ], [ 76.585775185185184, 11.701726268656717 ], [ 76.585775185185184, 11.702265223880598 ] ], [ [ 76.542656276803115, 11.701995746268658 ], [ 76.543195263157884, 11.701995746268658 ], [ 76.543195263157884, 11.701726268656717 ], [ 76.542656276803115, 11.701726268656717 ], [ 76.542656276803115, 11.701995746268658 ] ], [ [ 76.574186978557506, 11.701995746268658 ], [ 76.574456471734891, 11.701995746268658 ], [ 76.574456471734891, 11.701726268656717 ], [ 76.574186978557506, 11.701726268656717 ], [ 76.574186978557506, 11.701995746268658 ] ], [ [ 76.598980350877184, 11.701995746268658 ], [ 76.599519337231968, 11.701995746268658 ], [ 76.599519337231968, 11.701456791044777 ], [ 76.60059730994152, 11.701456791044777 ], [ 76.60059730994152, 11.701187313432836 ], [ 76.601136296296289, 11.701187313432836 ], [ 76.601136296296289, 11.700917835820896 ], [ 76.600058323586737, 11.700917835820896 ], [ 76.600058323586737, 11.701187313432836 ], [ 76.599788830409352, 11.701187313432836 ], [ 76.599788830409352, 11.700917835820896 ], [ 76.5987108576998, 11.700917835820896 ], [ 76.5987108576998, 11.700648358208955 ], [ 76.597363391812863, 11.700648358208955 ], [ 76.597363391812863, 11.700917835820896 ], [ 76.597632884990247, 11.700917835820896 ], [ 76.597632884990247, 11.701187313432836 ], [ 76.598441364522415, 11.701187313432836 ], [ 76.598441364522415, 11.701456791044777 ], [ 76.598980350877184, 11.701456791044777 ], [ 76.598980350877184, 11.701995746268658 ] ], [ [ 76.520557836257311, 11.701726268656717 ], [ 76.520827329434695, 11.701726268656717 ], [ 76.520827329434695, 11.701456791044777 ], [ 76.52109682261208, 11.701456791044777 ], [ 76.52109682261208, 11.701187313432836 ], [ 76.520827329434695, 11.701187313432836 ], [ 76.520827329434695, 11.700917835820896 ], [ 76.520557836257311, 11.700917835820896 ], [ 76.520557836257311, 11.701187313432836 ], [ 76.520288343079912, 11.701187313432836 ], [ 76.520288343079912, 11.701456791044777 ], [ 76.520557836257311, 11.701456791044777 ], [ 76.520557836257311, 11.701726268656717 ] ], [ [ 76.536727426900583, 11.701726268656717 ], [ 76.536996920077968, 11.701726268656717 ], [ 76.536996920077968, 11.701456791044777 ], [ 76.536727426900583, 11.701456791044777 ], [ 76.536727426900583, 11.701726268656717 ] ], [ [ 76.550202085769982, 11.701726268656717 ], [ 76.550471578947366, 11.701726268656717 ], [ 76.550471578947366, 11.701456791044777 ], [ 76.550202085769982, 11.701456791044777 ], [ 76.550202085769982, 11.701726268656717 ] ], [ [ 76.566910662768024, 11.701726268656717 ], [ 76.567180155945408, 11.701726268656717 ], [ 76.567180155945408, 11.701456791044777 ], [ 76.566910662768024, 11.701456791044777 ], [ 76.566910662768024, 11.701726268656717 ] ], [ [ 76.572839512670555, 11.701726268656717 ], [ 76.573109005847954, 11.701726268656717 ], [ 76.573109005847954, 11.701456791044777 ], [ 76.572839512670555, 11.701456791044777 ], [ 76.572839512670555, 11.701726268656717 ] ], [ [ 76.573378499025338, 11.701726268656717 ], [ 76.573647992202723, 11.701726268656717 ], [ 76.573647992202723, 11.701456791044777 ], [ 76.573378499025338, 11.701456791044777 ], [ 76.573378499025338, 11.701726268656717 ] ], [ [ 76.59439896686159, 11.701726268656717 ], [ 76.594668460038989, 11.701726268656717 ], [ 76.594668460038989, 11.700917835820896 ], [ 76.595207446393758, 11.700917835820896 ], [ 76.595207446393758, 11.700648358208955 ], [ 76.595476939571142, 11.700648358208955 ], [ 76.595476939571142, 11.701187313432836 ], [ 76.595746432748527, 11.701187313432836 ], [ 76.595746432748527, 11.700917835820896 ], [ 76.59628541910331, 11.700917835820896 ], [ 76.59628541910331, 11.700648358208955 ], [ 76.596824405458079, 11.700648358208955 ], [ 76.596824405458079, 11.700917835820896 ], [ 76.597093898635478, 11.700917835820896 ], [ 76.597093898635478, 11.700648358208955 ], [ 76.597363391812863, 11.700648358208955 ], [ 76.597363391812863, 11.700378880597016 ], [ 76.596554912280695, 11.700378880597016 ], [ 76.596554912280695, 11.700109402985076 ], [ 76.59628541910331, 11.700109402985076 ], [ 76.59628541910331, 11.699570447761195 ], [ 76.595476939571142, 11.699570447761195 ], [ 76.595476939571142, 11.700109402985076 ], [ 76.595207446393758, 11.700109402985076 ], [ 76.595207446393758, 11.700378880597016 ], [ 76.594668460038989, 11.700378880597016 ], [ 76.594668460038989, 11.700648358208955 ], [ 76.59439896686159, 11.700648358208955 ], [ 76.59439896686159, 11.701726268656717 ] ], [ [ 76.630241559454191, 11.701726268656717 ], [ 76.631050038986345, 11.701726268656717 ], [ 76.631050038986345, 11.701456791044777 ], [ 76.631319532163744, 11.701456791044777 ], [ 76.631319532163744, 11.700917835820896 ], [ 76.63078054580896, 11.700917835820896 ], [ 76.63078054580896, 11.701456791044777 ], [ 76.630241559454191, 11.701456791044777 ], [ 76.630241559454191, 11.701726268656717 ] ], [ [ 76.5361884405458, 11.701456791044777 ], [ 76.536457933723199, 11.701456791044777 ], [ 76.536457933723199, 11.701187313432836 ], [ 76.5361884405458, 11.701187313432836 ], [ 76.5361884405458, 11.701456791044777 ] ], [ [ 76.543195263157884, 11.701456791044777 ], [ 76.543464756335283, 11.701456791044777 ], [ 76.543464756335283, 11.700648358208955 ], [ 76.543195263157884, 11.700648358208955 ], [ 76.543195263157884, 11.701456791044777 ] ], [ [ 76.567988635477576, 11.701456791044777 ], [ 76.568258128654961, 11.701456791044777 ], [ 76.568258128654961, 11.701187313432836 ], [ 76.567988635477576, 11.701187313432836 ], [ 76.567988635477576, 11.701456791044777 ] ], [ [ 76.52109682261208, 11.701187313432836 ], [ 76.521366315789464, 11.701187313432836 ], [ 76.521366315789464, 11.700648358208955 ], [ 76.52109682261208, 11.700648358208955 ], [ 76.52109682261208, 11.701187313432836 ] ], [ [ 76.523522261208569, 11.701187313432836 ], [ 76.523791754385954, 11.701187313432836 ], [ 76.523791754385954, 11.700917835820896 ], [ 76.524061247563353, 11.700917835820896 ], [ 76.524061247563353, 11.700378880597016 ], [ 76.523791754385954, 11.700378880597016 ], [ 76.523791754385954, 11.700109402985076 ], [ 76.523252768031185, 11.700109402985076 ], [ 76.523252768031185, 11.700917835820896 ], [ 76.523522261208569, 11.700917835820896 ], [ 76.523522261208569, 11.701187313432836 ] ], [ [ 76.548854619883031, 11.701187313432836 ], [ 76.549124113060429, 11.701187313432836 ], [ 76.549124113060429, 11.700109402985076 ], [ 76.548854619883031, 11.700109402985076 ], [ 76.548854619883031, 11.701187313432836 ] ], [ [ 76.568527621832359, 11.701187313432836 ], [ 76.568797115009744, 11.701187313432836 ], [ 76.568797115009744, 11.700917835820896 ], [ 76.568527621832359, 11.700917835820896 ], [ 76.568527621832359, 11.701187313432836 ] ], [ [ 76.570953060428849, 11.701187313432836 ], [ 76.571492046783618, 11.701187313432836 ], [ 76.571492046783618, 11.700917835820896 ], [ 76.570953060428849, 11.700917835820896 ], [ 76.570953060428849, 11.701187313432836 ] ], [ [ 76.616497407407408, 11.701187313432836 ], [ 76.616766900584793, 11.701187313432836 ], [ 76.616766900584793, 11.700917835820896 ], [ 76.616497407407408, 11.700917835820896 ], [ 76.616497407407408, 11.701187313432836 ] ], [ [ 76.564754717348919, 11.700917835820896 ], [ 76.565024210526317, 11.700917835820896 ], [ 76.565024210526317, 11.700648358208955 ], [ 76.564754717348919, 11.700648358208955 ], [ 76.564754717348919, 11.700917835820896 ] ], [ [ 76.568258128654961, 11.700917835820896 ], [ 76.568527621832359, 11.700917835820896 ], [ 76.568527621832359, 11.700378880597016 ], [ 76.568258128654961, 11.700378880597016 ], [ 76.568258128654961, 11.700917835820896 ] ], [ [ 76.569336101364513, 11.700917835820896 ], [ 76.569875087719296, 11.700917835820896 ], [ 76.569875087719296, 11.700648358208955 ], [ 76.569336101364513, 11.700648358208955 ], [ 76.569336101364513, 11.700917835820896 ] ], [ [ 76.570144580896681, 11.700917835820896 ], [ 76.570953060428849, 11.700917835820896 ], [ 76.570953060428849, 11.700648358208955 ], [ 76.570144580896681, 11.700648358208955 ], [ 76.570144580896681, 11.700917835820896 ] ], [ [ 76.583349746588695, 11.700917835820896 ], [ 76.583888732943464, 11.700917835820896 ], [ 76.583888732943464, 11.700648358208955 ], [ 76.583349746588695, 11.700648358208955 ], [ 76.583349746588695, 11.700917835820896 ] ], [ [ 76.585236198830401, 11.700917835820896 ], [ 76.5855056920078, 11.700917835820896 ], [ 76.5855056920078, 11.700109402985076 ], [ 76.585236198830401, 11.700109402985076 ], [ 76.585236198830401, 11.699839925373135 ], [ 76.584966705653017, 11.699839925373135 ], [ 76.584966705653017, 11.700648358208955 ], [ 76.585236198830401, 11.700648358208955 ], [ 76.585236198830401, 11.700917835820896 ] ], [ [ 76.565024210526317, 11.700648358208955 ], [ 76.565563196881087, 11.700648358208955 ], [ 76.565563196881087, 11.700378880597016 ], [ 76.565832690058471, 11.700378880597016 ], [ 76.565832690058471, 11.700109402985076 ], [ 76.56610218323587, 11.700109402985076 ], [ 76.56610218323587, 11.699839925373135 ], [ 76.565293703703702, 11.699839925373135 ], [ 76.565293703703702, 11.700109402985076 ], [ 76.565024210526317, 11.700109402985076 ], [ 76.565024210526317, 11.700648358208955 ] ], [ [ 76.522444288499017, 11.700378880597016 ], [ 76.5229832748538, 11.700378880597016 ], [ 76.5229832748538, 11.700109402985076 ], [ 76.522444288499017, 11.700109402985076 ], [ 76.522444288499017, 11.700378880597016 ] ], [ [ 76.616497407407408, 11.700378880597016 ], [ 76.616766900584793, 11.700378880597016 ], [ 76.616766900584793, 11.700109402985076 ], [ 76.616497407407408, 11.700109402985076 ], [ 76.616497407407408, 11.700378880597016 ] ], [ [ 76.58361923976608, 11.700109402985076 ], [ 76.584427719298247, 11.700109402985076 ], [ 76.584427719298247, 11.699839925373135 ], [ 76.584158226120849, 11.699839925373135 ], [ 76.584158226120849, 11.699300970149254 ], [ 76.583888732943464, 11.699300970149254 ], [ 76.583888732943464, 11.698762014925373 ], [ 76.58361923976608, 11.698762014925373 ], [ 76.58361923976608, 11.698492537313433 ], [ 76.583080253411296, 11.698492537313433 ], [ 76.583080253411296, 11.699031492537314 ], [ 76.583349746588695, 11.699031492537314 ], [ 76.583349746588695, 11.699839925373135 ], [ 76.58361923976608, 11.699839925373135 ], [ 76.58361923976608, 11.700109402985076 ] ], [ [ 76.597093898635478, 11.700109402985076 ], [ 76.597902378167632, 11.700109402985076 ], [ 76.597902378167632, 11.699839925373135 ], [ 76.598171871345031, 11.699839925373135 ], [ 76.598171871345031, 11.699570447761195 ], [ 76.598441364522415, 11.699570447761195 ], [ 76.598441364522415, 11.699300970149254 ], [ 76.599249844054583, 11.699300970149254 ], [ 76.599249844054583, 11.698492537313433 ], [ 76.60059730994152, 11.698492537313433 ], [ 76.60059730994152, 11.698762014925373 ], [ 76.601136296296289, 11.698762014925373 ], [ 76.601136296296289, 11.697953582089553 ], [ 76.60059730994152, 11.697953582089553 ], [ 76.60059730994152, 11.697414626865672 ], [ 76.600866803118905, 11.697414626865672 ], [ 76.600866803118905, 11.697684104477613 ], [ 76.601405789473674, 11.697684104477613 ], [ 76.601405789473674, 11.697414626865672 ], [ 76.601136296296289, 11.697414626865672 ], [ 76.601136296296289, 11.697145149253732 ], [ 76.601675282651073, 11.697145149253732 ], [ 76.601675282651073, 11.696875671641791 ], [ 76.601944775828457, 11.696875671641791 ], [ 76.601944775828457, 11.696606194029851 ], [ 76.602483762183226, 11.696606194029851 ], [ 76.602483762183226, 11.696875671641791 ], [ 76.60302274853801, 11.696875671641791 ], [ 76.60302274853801, 11.696606194029851 ], [ 76.603292241715394, 11.696606194029851 ], [ 76.603292241715394, 11.69633671641791 ], [ 76.60302274853801, 11.69633671641791 ], [ 76.60302274853801, 11.69525880597015 ], [ 76.601405789473674, 11.69525880597015 ], [ 76.601405789473674, 11.69498932835821 ], [ 76.600866803118905, 11.69498932835821 ], [ 76.600866803118905, 11.69525880597015 ], [ 76.60059730994152, 11.69525880597015 ], [ 76.60059730994152, 11.695797761194031 ], [ 76.600327816764121, 11.695797761194031 ], [ 76.600327816764121, 11.696067238805972 ], [ 76.599788830409352, 11.696067238805972 ], [ 76.599788830409352, 11.695797761194031 ], [ 76.5987108576998, 11.695797761194031 ], [ 76.5987108576998, 11.69525880597015 ], [ 76.597902378167632, 11.69525880597015 ], [ 76.597902378167632, 11.695528283582091 ], [ 76.597632884990247, 11.695528283582091 ], [ 76.597632884990247, 11.69525880597015 ], [ 76.595746432748527, 11.69525880597015 ], [ 76.595746432748527, 11.695528283582091 ], [ 76.595476939571142, 11.695528283582091 ], [ 76.595476939571142, 11.69525880597015 ], [ 76.595207446393758, 11.69525880597015 ], [ 76.595207446393758, 11.695797761194031 ], [ 76.594668460038989, 11.695797761194031 ], [ 76.594668460038989, 11.696067238805972 ], [ 76.59439896686159, 11.696067238805972 ], [ 76.59439896686159, 11.695797761194031 ], [ 76.594129473684205, 11.695797761194031 ], [ 76.594129473684205, 11.695528283582091 ], [ 76.593590487329436, 11.695528283582091 ], [ 76.593590487329436, 11.696067238805972 ], [ 76.593051500974653, 11.696067238805972 ], [ 76.593051500974653, 11.697145149253732 ], [ 76.592782007797268, 11.697145149253732 ], [ 76.592782007797268, 11.697684104477613 ], [ 76.593051500974653, 11.697684104477613 ], [ 76.593051500974653, 11.698762014925373 ], [ 76.593320994152037, 11.698762014925373 ], [ 76.593320994152037, 11.696875671641791 ], [ 76.593859980506821, 11.696875671641791 ], [ 76.593859980506821, 11.697414626865672 ], [ 76.594129473684205, 11.697414626865672 ], [ 76.594129473684205, 11.697953582089553 ], [ 76.594668460038989, 11.697953582089553 ], [ 76.594668460038989, 11.697684104477613 ], [ 76.594937953216373, 11.697684104477613 ], [ 76.594937953216373, 11.698223059701494 ], [ 76.595207446393758, 11.698223059701494 ], [ 76.595207446393758, 11.698492537313433 ], [ 76.595746432748527, 11.698492537313433 ], [ 76.595746432748527, 11.698762014925373 ], [ 76.596015925925926, 11.698762014925373 ], [ 76.596015925925926, 11.699031492537314 ], [ 76.59628541910331, 11.699031492537314 ], [ 76.59628541910331, 11.699570447761195 ], [ 76.596554912280695, 11.699570447761195 ], [ 76.596554912280695, 11.699839925373135 ], [ 76.597093898635478, 11.699839925373135 ], [ 76.597093898635478, 11.700109402985076 ] ], [ [ 76.626468654970751, 11.700109402985076 ], [ 76.626738148148149, 11.700109402985076 ], [ 76.626738148148149, 11.699839925373135 ], [ 76.626468654970751, 11.699839925373135 ], [ 76.626468654970751, 11.700109402985076 ] ], [ [ 76.523252768031185, 11.699839925373135 ], [ 76.523522261208569, 11.699839925373135 ], [ 76.523522261208569, 11.699570447761195 ], [ 76.523252768031185, 11.699570447761195 ], [ 76.523252768031185, 11.699839925373135 ] ], [ [ 76.524330740740737, 11.699839925373135 ], [ 76.524600233918122, 11.699839925373135 ], [ 76.524600233918122, 11.699570447761195 ], [ 76.524330740740737, 11.699570447761195 ], [ 76.524330740740737, 11.699839925373135 ] ], [ [ 76.550471578947366, 11.699839925373135 ], [ 76.550741072124751, 11.699839925373135 ], [ 76.550741072124751, 11.699570447761195 ], [ 76.550471578947366, 11.699570447761195 ], [ 76.550471578947366, 11.699839925373135 ] ], [ [ 76.56610218323587, 11.699839925373135 ], [ 76.566371676413254, 11.699839925373135 ], [ 76.566371676413254, 11.699570447761195 ], [ 76.56610218323587, 11.699570447761195 ], [ 76.56610218323587, 11.699839925373135 ] ], [ [ 76.579846335282653, 11.699839925373135 ], [ 76.580115828460038, 11.699839925373135 ], [ 76.580115828460038, 11.699570447761195 ], [ 76.579846335282653, 11.699570447761195 ], [ 76.579846335282653, 11.699839925373135 ] ], [ [ 76.556939415204681, 11.699570447761195 ], [ 76.557208908382066, 11.699570447761195 ], [ 76.557208908382066, 11.698762014925373 ], [ 76.556669922027282, 11.698762014925373 ], [ 76.556669922027282, 11.699300970149254 ], [ 76.556939415204681, 11.699300970149254 ], [ 76.556939415204681, 11.699570447761195 ] ], [ [ 76.578229376218317, 11.699570447761195 ], [ 76.578498869395702, 11.699570447761195 ], [ 76.578498869395702, 11.699300970149254 ], [ 76.578229376218317, 11.699300970149254 ], [ 76.578229376218317, 11.699570447761195 ] ], [ [ 76.580924307992191, 11.699570447761195 ], [ 76.581463294346975, 11.699570447761195 ], [ 76.581463294346975, 11.699031492537314 ], [ 76.58119380116959, 11.699031492537314 ], [ 76.58119380116959, 11.699300970149254 ], [ 76.580924307992191, 11.699300970149254 ], [ 76.580924307992191, 11.699570447761195 ] ], [ [ 76.610838050682261, 11.699570447761195 ], [ 76.61137703703703, 11.699570447761195 ], [ 76.61137703703703, 11.699300970149254 ], [ 76.610838050682261, 11.699300970149254 ], [ 76.610838050682261, 11.699570447761195 ] ], [ [ 76.614071968810919, 11.699570447761195 ], [ 76.615149941520457, 11.699570447761195 ], [ 76.615149941520457, 11.699300970149254 ], [ 76.615419434697856, 11.699300970149254 ], [ 76.615419434697856, 11.697684104477613 ], [ 76.614880448343072, 11.697684104477613 ], [ 76.614880448343072, 11.698223059701494 ], [ 76.614341461988303, 11.698223059701494 ], [ 76.614341461988303, 11.699031492537314 ], [ 76.614071968810919, 11.699031492537314 ], [ 76.614071968810919, 11.699570447761195 ] ], [ [ 76.605987173489268, 11.699300970149254 ], [ 76.606526159844051, 11.699300970149254 ], [ 76.606526159844051, 11.697684104477613 ], [ 76.606256666666667, 11.697684104477613 ], [ 76.606256666666667, 11.697414626865672 ], [ 76.605987173489268, 11.697414626865672 ], [ 76.605987173489268, 11.697145149253732 ], [ 76.605717680311884, 11.697145149253732 ], [ 76.605717680311884, 11.697414626865672 ], [ 76.605448187134499, 11.697414626865672 ], [ 76.605448187134499, 11.697684104477613 ], [ 76.605717680311884, 11.697684104477613 ], [ 76.605717680311884, 11.698762014925373 ], [ 76.605987173489268, 11.698762014925373 ], [ 76.605987173489268, 11.699300970149254 ] ], [ [ 76.514898479532164, 11.699031492537314 ], [ 76.515167972709548, 11.699031492537314 ], [ 76.515167972709548, 11.697953582089553 ], [ 76.514898479532164, 11.697953582089553 ], [ 76.514898479532164, 11.699031492537314 ] ], [ [ 76.55747840155945, 11.699031492537314 ], [ 76.558286881091618, 11.699031492537314 ], [ 76.558286881091618, 11.698762014925373 ], [ 76.55747840155945, 11.698762014925373 ], [ 76.55747840155945, 11.699031492537314 ] ], [ [ 76.564754717348919, 11.699031492537314 ], [ 76.565024210526317, 11.699031492537314 ], [ 76.565024210526317, 11.698762014925373 ], [ 76.564754717348919, 11.698762014925373 ], [ 76.564754717348919, 11.699031492537314 ] ], [ [ 76.601675282651073, 11.699031492537314 ], [ 76.602214269005842, 11.699031492537314 ], [ 76.602214269005842, 11.698492537313433 ], [ 76.601675282651073, 11.698492537313433 ], [ 76.601675282651073, 11.699031492537314 ] ], [ [ 76.553436003898625, 11.698762014925373 ], [ 76.553705497076024, 11.698762014925373 ], [ 76.553705497076024, 11.698492537313433 ], [ 76.553436003898625, 11.698492537313433 ], [ 76.553436003898625, 11.698762014925373 ] ], [ [ 76.558286881091618, 11.698762014925373 ], [ 76.559095360623772, 11.698762014925373 ], [ 76.559095360623772, 11.698492537313433 ], [ 76.558825867446387, 11.698492537313433 ], [ 76.558825867446387, 11.697684104477613 ], [ 76.558556374269003, 11.697684104477613 ], [ 76.558556374269003, 11.697414626865672 ], [ 76.558017387914219, 11.697414626865672 ], [ 76.558017387914219, 11.698492537313433 ], [ 76.558286881091618, 11.698492537313433 ], [ 76.558286881091618, 11.698762014925373 ] ], [ [ 76.569336101364513, 11.698762014925373 ], [ 76.569875087719296, 11.698762014925373 ], [ 76.569875087719296, 11.698492537313433 ], [ 76.569336101364513, 11.698492537313433 ], [ 76.569336101364513, 11.698762014925373 ] ], [ [ 76.631050038986345, 11.698762014925373 ], [ 76.631319532163744, 11.698762014925373 ], [ 76.631319532163744, 11.698492537313433 ], [ 76.631050038986345, 11.698492537313433 ], [ 76.631050038986345, 11.698762014925373 ] ], [ [ 76.549124113060429, 11.698492537313433 ], [ 76.549393606237814, 11.698492537313433 ], [ 76.549393606237814, 11.698223059701494 ], [ 76.549124113060429, 11.698223059701494 ], [ 76.549124113060429, 11.698492537313433 ] ], [ [ 76.555052962962961, 11.698492537313433 ], [ 76.555322456140345, 11.698492537313433 ], [ 76.555322456140345, 11.698223059701494 ], [ 76.55559194931773, 11.698223059701494 ], [ 76.55559194931773, 11.697414626865672 ], [ 76.555322456140345, 11.697414626865672 ], [ 76.555322456140345, 11.697953582089553 ], [ 76.555052962962961, 11.697953582089553 ], [ 76.555052962962961, 11.698492537313433 ] ], [ [ 76.556939415204681, 11.698492537313433 ], [ 76.557208908382066, 11.698492537313433 ], [ 76.557208908382066, 11.698223059701494 ], [ 76.556939415204681, 11.698223059701494 ], [ 76.556939415204681, 11.698492537313433 ] ], [ [ 76.559634346978555, 11.698492537313433 ], [ 76.560173333333324, 11.698492537313433 ], [ 76.560173333333324, 11.698223059701494 ], [ 76.55990384015594, 11.698223059701494 ], [ 76.55990384015594, 11.697953582089553 ], [ 76.559634346978555, 11.697953582089553 ], [ 76.559634346978555, 11.697684104477613 ], [ 76.559364853801171, 11.697684104477613 ], [ 76.559364853801171, 11.698223059701494 ], [ 76.559634346978555, 11.698223059701494 ], [ 76.559634346978555, 11.698492537313433 ] ], [ [ 76.565024210526317, 11.698492537313433 ], [ 76.565563196881087, 11.698492537313433 ], [ 76.565563196881087, 11.698223059701494 ], [ 76.565024210526317, 11.698223059701494 ], [ 76.565024210526317, 11.698492537313433 ] ], [ [ 76.570144580896681, 11.698492537313433 ], [ 76.570683567251464, 11.698492537313433 ], [ 76.570683567251464, 11.697953582089553 ], [ 76.570414074074066, 11.697953582089553 ], [ 76.570414074074066, 11.698223059701494 ], [ 76.570144580896681, 11.698223059701494 ], [ 76.570144580896681, 11.698492537313433 ] ], [ [ 76.57257001949317, 11.698492537313433 ], [ 76.572839512670555, 11.698492537313433 ], [ 76.572839512670555, 11.698223059701494 ], [ 76.57257001949317, 11.698223059701494 ], [ 76.57257001949317, 11.698492537313433 ] ], [ [ 76.582002280701744, 11.698492537313433 ], [ 76.582271773879143, 11.698492537313433 ], [ 76.582271773879143, 11.698223059701494 ], [ 76.582002280701744, 11.698223059701494 ], [ 76.582002280701744, 11.698492537313433 ] ], [ [ 76.582810760233912, 11.698492537313433 ], [ 76.583080253411296, 11.698492537313433 ], [ 76.583080253411296, 11.697414626865672 ], [ 76.583349746588695, 11.697414626865672 ], [ 76.583349746588695, 11.696875671641791 ], [ 76.583080253411296, 11.696875671641791 ], [ 76.583080253411296, 11.697145149253732 ], [ 76.582810760233912, 11.697145149253732 ], [ 76.582810760233912, 11.697684104477613 ], [ 76.582541267056527, 11.697684104477613 ], [ 76.582541267056527, 11.698223059701494 ], [ 76.582810760233912, 11.698223059701494 ], [ 76.582810760233912, 11.698492537313433 ] ], [ [ 76.62242625730994, 11.698492537313433 ], [ 76.622695750487324, 11.698492537313433 ], [ 76.622695750487324, 11.698223059701494 ], [ 76.62242625730994, 11.698223059701494 ], [ 76.62242625730994, 11.698492537313433 ] ], [ [ 76.630241559454191, 11.698492537313433 ], [ 76.630511052631576, 11.698492537313433 ], [ 76.630511052631576, 11.697953582089553 ], [ 76.630241559454191, 11.697953582089553 ], [ 76.630241559454191, 11.698492537313433 ] ], [ [ 76.565563196881087, 11.698223059701494 ], [ 76.565832690058471, 11.698223059701494 ], [ 76.565832690058471, 11.697953582089553 ], [ 76.565563196881087, 11.697953582089553 ], [ 76.565563196881087, 11.698223059701494 ] ], [ [ 76.573378499025338, 11.698223059701494 ], [ 76.573647992202723, 11.698223059701494 ], [ 76.573647992202723, 11.697953582089553 ], [ 76.573378499025338, 11.697953582089553 ], [ 76.573378499025338, 11.698223059701494 ] ], [ [ 76.583349746588695, 11.698223059701494 ], [ 76.58361923976608, 11.698223059701494 ], [ 76.58361923976608, 11.697953582089553 ], [ 76.583349746588695, 11.697953582089553 ], [ 76.583349746588695, 11.698223059701494 ] ], [ [ 76.585775185185184, 11.698223059701494 ], [ 76.586583664717338, 11.698223059701494 ], [ 76.586583664717338, 11.697414626865672 ], [ 76.586853157894737, 11.697414626865672 ], [ 76.586853157894737, 11.696875671641791 ], [ 76.587122651072121, 11.696875671641791 ], [ 76.587122651072121, 11.696606194029851 ], [ 76.586853157894737, 11.696606194029851 ], [ 76.586853157894737, 11.69633671641791 ], [ 76.586314171539954, 11.69633671641791 ], [ 76.586314171539954, 11.695797761194031 ], [ 76.586044678362569, 11.695797761194031 ], [ 76.586044678362569, 11.696606194029851 ], [ 76.5855056920078, 11.696606194029851 ], [ 76.5855056920078, 11.696875671641791 ], [ 76.586044678362569, 11.696875671641791 ], [ 76.586044678362569, 11.697145149253732 ], [ 76.5855056920078, 11.697145149253732 ], [ 76.5855056920078, 11.697414626865672 ], [ 76.585236198830401, 11.697414626865672 ], [ 76.585236198830401, 11.696875671641791 ], [ 76.584427719298247, 11.696875671641791 ], [ 76.584427719298247, 11.697145149253732 ], [ 76.584158226120849, 11.697145149253732 ], [ 76.584158226120849, 11.696875671641791 ], [ 76.583888732943464, 11.696875671641791 ], [ 76.583888732943464, 11.697414626865672 ], [ 76.584966705653017, 11.697414626865672 ], [ 76.584966705653017, 11.697684104477613 ], [ 76.584697212475632, 11.697684104477613 ], [ 76.584697212475632, 11.697953582089553 ], [ 76.585775185185184, 11.697953582089553 ], [ 76.585775185185184, 11.698223059701494 ] ], [ [ 76.623234736842107, 11.698223059701494 ], [ 76.624312709551646, 11.698223059701494 ], [ 76.624312709551646, 11.697953582089553 ], [ 76.624851695906429, 11.697953582089553 ], [ 76.624851695906429, 11.697684104477613 ], [ 76.624582202729044, 11.697684104477613 ], [ 76.624582202729044, 11.697414626865672 ], [ 76.624043216374261, 11.697414626865672 ], [ 76.624043216374261, 11.697145149253732 ], [ 76.623234736842107, 11.697145149253732 ], [ 76.623234736842107, 11.698223059701494 ] ], [ [ 76.560981812865492, 11.697953582089553 ], [ 76.561251306042877, 11.697953582089553 ], [ 76.561251306042877, 11.697684104477613 ], [ 76.560981812865492, 11.697684104477613 ], [ 76.560981812865492, 11.697953582089553 ] ], [ [ 76.586853157894737, 11.697953582089553 ], [ 76.587122651072121, 11.697953582089553 ], [ 76.587122651072121, 11.697684104477613 ], [ 76.586853157894737, 11.697684104477613 ], [ 76.586853157894737, 11.697953582089553 ] ], [ [ 76.522174795321632, 11.697684104477613 ], [ 76.522444288499017, 11.697684104477613 ], [ 76.522444288499017, 11.697145149253732 ], [ 76.522174795321632, 11.697145149253732 ], [ 76.522174795321632, 11.696875671641791 ], [ 76.521635808966863, 11.696875671641791 ], [ 76.521635808966863, 11.697145149253732 ], [ 76.521905302144248, 11.697145149253732 ], [ 76.521905302144248, 11.697414626865672 ], [ 76.522174795321632, 11.697414626865672 ], [ 76.522174795321632, 11.697684104477613 ] ], [ [ 76.553705497076024, 11.697684104477613 ], [ 76.553974990253408, 11.697684104477613 ], [ 76.553974990253408, 11.697145149253732 ], [ 76.553705497076024, 11.697145149253732 ], [ 76.553705497076024, 11.697684104477613 ] ], [ [ 76.56610218323587, 11.697684104477613 ], [ 76.566371676413254, 11.697684104477613 ], [ 76.566371676413254, 11.697414626865672 ], [ 76.56610218323587, 11.697414626865672 ], [ 76.56610218323587, 11.697684104477613 ] ], [ [ 76.579037855750485, 11.697684104477613 ], [ 76.580115828460038, 11.697684104477613 ], [ 76.580115828460038, 11.697414626865672 ], [ 76.579846335282653, 11.697414626865672 ], [ 76.579846335282653, 11.697145149253732 ], [ 76.57930734892787, 11.697145149253732 ], [ 76.57930734892787, 11.697414626865672 ], [ 76.579037855750485, 11.697414626865672 ], [ 76.579037855750485, 11.697684104477613 ] ], [ [ 76.616766900584793, 11.697684104477613 ], [ 76.617305886939562, 11.697684104477613 ], [ 76.617305886939562, 11.697414626865672 ], [ 76.61811436647173, 11.697414626865672 ], [ 76.61811436647173, 11.697145149253732 ], [ 76.617305886939562, 11.697145149253732 ], [ 76.617305886939562, 11.696875671641791 ], [ 76.617036393762177, 11.696875671641791 ], [ 76.617036393762177, 11.696606194029851 ], [ 76.616766900584793, 11.696606194029851 ], [ 76.616766900584793, 11.697684104477613 ] ], [ [ 76.630241559454191, 11.697684104477613 ], [ 76.630511052631576, 11.697684104477613 ], [ 76.630511052631576, 11.697145149253732 ], [ 76.629702573099408, 11.697145149253732 ], [ 76.629702573099408, 11.697414626865672 ], [ 76.630241559454191, 11.697414626865672 ], [ 76.630241559454191, 11.697684104477613 ] ], [ [ 76.559095360623772, 11.697414626865672 ], [ 76.559364853801171, 11.697414626865672 ], [ 76.559364853801171, 11.697145149253732 ], [ 76.559095360623772, 11.697145149253732 ], [ 76.559095360623772, 11.697414626865672 ] ], [ [ 76.580385321637422, 11.697414626865672 ], [ 76.581463294346975, 11.697414626865672 ], [ 76.581463294346975, 11.697145149253732 ], [ 76.580385321637422, 11.697145149253732 ], [ 76.580385321637422, 11.697414626865672 ] ], [ [ 76.5919735282651, 11.697414626865672 ], [ 76.592243021442485, 11.697414626865672 ], [ 76.592243021442485, 11.696606194029851 ], [ 76.592782007797268, 11.696606194029851 ], [ 76.592782007797268, 11.696067238805972 ], [ 76.592512514619884, 11.696067238805972 ], [ 76.592512514619884, 11.695528283582091 ], [ 76.592782007797268, 11.695528283582091 ], [ 76.592782007797268, 11.69498932835821 ], [ 76.592243021442485, 11.69498932835821 ], [ 76.592243021442485, 11.69525880597015 ], [ 76.5919735282651, 11.69525880597015 ], [ 76.5919735282651, 11.694180895522388 ], [ 76.591704035087716, 11.694180895522388 ], [ 76.591704035087716, 11.693911417910449 ], [ 76.591434541910331, 11.693911417910449 ], [ 76.591434541910331, 11.694450373134329 ], [ 76.591704035087716, 11.694450373134329 ], [ 76.591704035087716, 11.69498932835821 ], [ 76.591434541910331, 11.69498932835821 ], [ 76.591434541910331, 11.69525880597015 ], [ 76.591704035087716, 11.69525880597015 ], [ 76.591704035087716, 11.695528283582091 ], [ 76.590626062378163, 11.695528283582091 ], [ 76.590626062378163, 11.695797761194031 ], [ 76.590356569200779, 11.695797761194031 ], [ 76.590356569200779, 11.69633671641791 ], [ 76.590895555555548, 11.69633671641791 ], [ 76.590895555555548, 11.695797761194031 ], [ 76.591704035087716, 11.695797761194031 ], [ 76.591704035087716, 11.696606194029851 ], [ 76.5919735282651, 11.696606194029851 ], [ 76.5919735282651, 11.697414626865672 ] ], [ [ 76.604100721247562, 11.697414626865672 ], [ 76.604370214424947, 11.697414626865672 ], [ 76.604370214424947, 11.697145149253732 ], [ 76.604100721247562, 11.697145149253732 ], [ 76.604100721247562, 11.697414626865672 ] ], [ [ 76.614610955165688, 11.697414626865672 ], [ 76.614880448343072, 11.697414626865672 ], [ 76.614880448343072, 11.697145149253732 ], [ 76.614610955165688, 11.697145149253732 ], [ 76.614610955165688, 11.697414626865672 ] ], [ [ 76.61568892787524, 11.697414626865672 ], [ 76.615958421052625, 11.697414626865672 ], [ 76.615958421052625, 11.696875671641791 ], [ 76.61568892787524, 11.696875671641791 ], [ 76.61568892787524, 11.697414626865672 ] ], [ [ 76.525678206627674, 11.697145149253732 ], [ 76.525947699805059, 11.697145149253732 ], [ 76.525947699805059, 11.696606194029851 ], [ 76.525678206627674, 11.696606194029851 ], [ 76.525678206627674, 11.697145149253732 ] ], [ [ 76.5361884405458, 11.697145149253732 ], [ 76.536457933723199, 11.697145149253732 ], [ 76.536457933723199, 11.696875671641791 ], [ 76.5361884405458, 11.696875671641791 ], [ 76.5361884405458, 11.697145149253732 ] ], [ [ 76.553436003898625, 11.697145149253732 ], [ 76.553705497076024, 11.697145149253732 ], [ 76.553705497076024, 11.696875671641791 ], [ 76.553436003898625, 11.696875671641791 ], [ 76.553436003898625, 11.697145149253732 ] ], [ [ 76.570683567251464, 11.697145149253732 ], [ 76.570953060428849, 11.697145149253732 ], [ 76.570953060428849, 11.696606194029851 ], [ 76.570683567251464, 11.696606194029851 ], [ 76.570683567251464, 11.697145149253732 ] ], [ [ 76.605448187134499, 11.697145149253732 ], [ 76.605717680311884, 11.697145149253732 ], [ 76.605717680311884, 11.696875671641791 ], [ 76.605987173489268, 11.696875671641791 ], [ 76.605987173489268, 11.696606194029851 ], [ 76.605717680311884, 11.696606194029851 ], [ 76.605717680311884, 11.696067238805972 ], [ 76.605448187134499, 11.696067238805972 ], [ 76.605448187134499, 11.69633671641791 ], [ 76.605178693957114, 11.69633671641791 ], [ 76.605178693957114, 11.696606194029851 ], [ 76.605448187134499, 11.696606194029851 ], [ 76.605448187134499, 11.697145149253732 ] ], [ [ 76.55316651072124, 11.696875671641791 ], [ 76.553436003898625, 11.696875671641791 ], [ 76.553436003898625, 11.696606194029851 ], [ 76.55316651072124, 11.696606194029851 ], [ 76.55316651072124, 11.696875671641791 ] ], [ [ 76.619461832358667, 11.696875671641791 ], [ 76.620270311890835, 11.696875671641791 ], [ 76.620270311890835, 11.696606194029851 ], [ 76.621617777777772, 11.696606194029851 ], [ 76.621617777777772, 11.696067238805972 ], [ 76.621348284600387, 11.696067238805972 ], [ 76.621348284600387, 11.695797761194031 ], [ 76.62000081871345, 11.695797761194031 ], [ 76.62000081871345, 11.696067238805972 ], [ 76.619192339181282, 11.696067238805972 ], [ 76.619192339181282, 11.69633671641791 ], [ 76.619461832358667, 11.69633671641791 ], [ 76.619461832358667, 11.696875671641791 ] ], [ [ 76.527834152046779, 11.696606194029851 ], [ 76.528642631578947, 11.696606194029851 ], [ 76.528642631578947, 11.695797761194031 ], [ 76.528373138401562, 11.695797761194031 ], [ 76.528373138401562, 11.69633671641791 ], [ 76.527834152046779, 11.69633671641791 ], [ 76.527834152046779, 11.696606194029851 ] ], [ [ 76.559095360623772, 11.696606194029851 ], [ 76.559634346978555, 11.696606194029851 ], [ 76.559634346978555, 11.69633671641791 ], [ 76.559364853801171, 11.69633671641791 ], [ 76.559364853801171, 11.696067238805972 ], [ 76.558556374269003, 11.696067238805972 ], [ 76.558556374269003, 11.69633671641791 ], [ 76.559095360623772, 11.69633671641791 ], [ 76.559095360623772, 11.696606194029851 ] ], [ [ 76.567180155945408, 11.696606194029851 ], [ 76.567449649122807, 11.696606194029851 ], [ 76.567449649122807, 11.696067238805972 ], [ 76.567180155945408, 11.696067238805972 ], [ 76.567180155945408, 11.696606194029851 ] ], [ [ 76.578229376218317, 11.696606194029851 ], [ 76.578498869395702, 11.696606194029851 ], [ 76.578498869395702, 11.696067238805972 ], [ 76.578229376218317, 11.696067238805972 ], [ 76.578229376218317, 11.696606194029851 ] ], [ [ 76.582271773879143, 11.696606194029851 ], [ 76.583080253411296, 11.696606194029851 ], [ 76.583080253411296, 11.69633671641791 ], [ 76.582810760233912, 11.69633671641791 ], [ 76.582810760233912, 11.695797761194031 ], [ 76.583080253411296, 11.695797761194031 ], [ 76.583080253411296, 11.695528283582091 ], [ 76.582541267056527, 11.695528283582091 ], [ 76.582541267056527, 11.695797761194031 ], [ 76.582271773879143, 11.695797761194031 ], [ 76.582271773879143, 11.696606194029851 ] ], [ [ 76.631050038986345, 11.696606194029851 ], [ 76.631319532163744, 11.696606194029851 ], [ 76.631319532163744, 11.69633671641791 ], [ 76.631050038986345, 11.69633671641791 ], [ 76.631050038986345, 11.696606194029851 ] ], [ [ 76.57688191033138, 11.69633671641791 ], [ 76.577151403508765, 11.69633671641791 ], [ 76.577151403508765, 11.696067238805972 ], [ 76.577420896686149, 11.696067238805972 ], [ 76.577420896686149, 11.695797761194031 ], [ 76.57688191033138, 11.695797761194031 ], [ 76.57688191033138, 11.69633671641791 ] ], [ [ 76.580924307992191, 11.69633671641791 ], [ 76.581732787524359, 11.69633671641791 ], [ 76.581732787524359, 11.696067238805972 ], [ 76.580924307992191, 11.696067238805972 ], [ 76.580924307992191, 11.69633671641791 ] ], [ [ 76.61380247563352, 11.69633671641791 ], [ 76.614341461988303, 11.69633671641791 ], [ 76.614341461988303, 11.696067238805972 ], [ 76.614610955165688, 11.696067238805972 ], [ 76.614610955165688, 11.695797761194031 ], [ 76.614880448343072, 11.695797761194031 ], [ 76.614880448343072, 11.696067238805972 ], [ 76.615149941520457, 11.696067238805972 ], [ 76.615149941520457, 11.69525880597015 ], [ 76.614880448343072, 11.69525880597015 ], [ 76.614880448343072, 11.694719850746269 ], [ 76.614071968810919, 11.694719850746269 ], [ 76.614071968810919, 11.694450373134329 ], [ 76.61380247563352, 11.694450373134329 ], [ 76.61380247563352, 11.694719850746269 ], [ 76.613532982456135, 11.694719850746269 ], [ 76.613532982456135, 11.69498932835821 ], [ 76.613263489278751, 11.69498932835821 ], [ 76.613263489278751, 11.69525880597015 ], [ 76.612724502923967, 11.69525880597015 ], [ 76.612724502923967, 11.695528283582091 ], [ 76.613532982456135, 11.695528283582091 ], [ 76.613532982456135, 11.695797761194031 ], [ 76.61380247563352, 11.695797761194031 ], [ 76.61380247563352, 11.69633671641791 ] ], [ [ 76.616227914230009, 11.69633671641791 ], [ 76.616497407407408, 11.69633671641791 ], [ 76.616497407407408, 11.696067238805972 ], [ 76.616766900584793, 11.696067238805972 ], [ 76.616766900584793, 11.695797761194031 ], [ 76.617036393762177, 11.695797761194031 ], [ 76.617036393762177, 11.695528283582091 ], [ 76.617305886939562, 11.695528283582091 ], [ 76.617305886939562, 11.695797761194031 ], [ 76.617844873294345, 11.695797761194031 ], [ 76.617844873294345, 11.696067238805972 ], [ 76.618383859649114, 11.696067238805972 ], [ 76.618383859649114, 11.69633671641791 ], [ 76.618922846003898, 11.69633671641791 ], [ 76.618922846003898, 11.695797761194031 ], [ 76.619461832358667, 11.695797761194031 ], [ 76.619461832358667, 11.695528283582091 ], [ 76.619192339181282, 11.695528283582091 ], [ 76.619192339181282, 11.69525880597015 ], [ 76.618383859649114, 11.69525880597015 ], [ 76.618383859649114, 11.694450373134329 ], [ 76.617305886939562, 11.694450373134329 ], [ 76.617305886939562, 11.694180895522388 ], [ 76.616766900584793, 11.694180895522388 ], [ 76.616766900584793, 11.693911417910449 ], [ 76.615958421052625, 11.693911417910449 ], [ 76.615958421052625, 11.695797761194031 ], [ 76.616227914230009, 11.695797761194031 ], [ 76.616227914230009, 11.69633671641791 ] ], [ [ 76.62242625730994, 11.69633671641791 ], [ 76.622695750487324, 11.69633671641791 ], [ 76.622695750487324, 11.696067238805972 ], [ 76.622965243664709, 11.696067238805972 ], [ 76.622965243664709, 11.695797761194031 ], [ 76.623234736842107, 11.695797761194031 ], [ 76.623234736842107, 11.695528283582091 ], [ 76.622695750487324, 11.695528283582091 ], [ 76.622695750487324, 11.695797761194031 ], [ 76.62242625730994, 11.695797761194031 ], [ 76.62242625730994, 11.69633671641791 ] ], [ [ 76.5361884405458, 11.696067238805972 ], [ 76.536727426900583, 11.696067238805972 ], [ 76.536727426900583, 11.69525880597015 ], [ 76.536996920077968, 11.69525880597015 ], [ 76.536996920077968, 11.695528283582091 ], [ 76.537266413255352, 11.695528283582091 ], [ 76.537266413255352, 11.695797761194031 ], [ 76.537805399610136, 11.695797761194031 ], [ 76.537805399610136, 11.69525880597015 ], [ 76.53807489278752, 11.69525880597015 ], [ 76.53807489278752, 11.69498932835821 ], [ 76.538613879142289, 11.69498932835821 ], [ 76.538613879142289, 11.694719850746269 ], [ 76.539152865497073, 11.694719850746269 ], [ 76.539152865497073, 11.69525880597015 ], [ 76.539422358674457, 11.69525880597015 ], [ 76.539422358674457, 11.695528283582091 ], [ 76.539691851851842, 11.695528283582091 ], [ 76.539691851851842, 11.69525880597015 ], [ 76.539961345029241, 11.69525880597015 ], [ 76.539961345029241, 11.69498932835821 ], [ 76.539691851851842, 11.69498932835821 ], [ 76.539691851851842, 11.694450373134329 ], [ 76.541308810916178, 11.694450373134329 ], [ 76.541308810916178, 11.694719850746269 ], [ 76.541578304093562, 11.694719850746269 ], [ 76.541578304093562, 11.69498932835821 ], [ 76.541308810916178, 11.69498932835821 ], [ 76.541308810916178, 11.69525880597015 ], [ 76.541578304093562, 11.69525880597015 ], [ 76.541578304093562, 11.695528283582091 ], [ 76.542117290448346, 11.695528283582091 ], [ 76.542117290448346, 11.695797761194031 ], [ 76.54238678362573, 11.695797761194031 ], [ 76.54238678362573, 11.696067238805972 ], [ 76.542656276803115, 11.696067238805972 ], [ 76.542656276803115, 11.695528283582091 ], [ 76.543195263157884, 11.695528283582091 ], [ 76.543195263157884, 11.69525880597015 ], [ 76.542925769980499, 11.69525880597015 ], [ 76.542925769980499, 11.69498932835821 ], [ 76.54238678362573, 11.69498932835821 ], [ 76.54238678362573, 11.694450373134329 ], [ 76.541578304093562, 11.694450373134329 ], [ 76.541578304093562, 11.694180895522388 ], [ 76.541308810916178, 11.694180895522388 ], [ 76.541308810916178, 11.693911417910449 ], [ 76.540769824561394, 11.693911417910449 ], [ 76.540769824561394, 11.693641940298509 ], [ 76.541039317738793, 11.693641940298509 ], [ 76.541039317738793, 11.693372462686568 ], [ 76.54050033138401, 11.693372462686568 ], [ 76.54050033138401, 11.693641940298509 ], [ 76.539691851851842, 11.693641940298509 ], [ 76.539691851851842, 11.693911417910449 ], [ 76.539152865497073, 11.693911417910449 ], [ 76.539152865497073, 11.693641940298509 ], [ 76.53807489278752, 11.693641940298509 ], [ 76.53807489278752, 11.693372462686568 ], [ 76.537535906432751, 11.693372462686568 ], [ 76.537535906432751, 11.693102985074628 ], [ 76.536727426900583, 11.693102985074628 ], [ 76.536727426900583, 11.693372462686568 ], [ 76.536996920077968, 11.693372462686568 ], [ 76.536996920077968, 11.693911417910449 ], [ 76.536457933723199, 11.693911417910449 ], [ 76.536457933723199, 11.695797761194031 ], [ 76.5361884405458, 11.695797761194031 ], [ 76.5361884405458, 11.696067238805972 ] ], [ [ 76.570683567251464, 11.696067238805972 ], [ 76.571222553606233, 11.696067238805972 ], [ 76.571222553606233, 11.695797761194031 ], [ 76.570683567251464, 11.695797761194031 ], [ 76.570683567251464, 11.696067238805972 ] ], [ [ 76.571222553606233, 11.695797761194031 ], [ 76.571492046783618, 11.695797761194031 ], [ 76.571492046783618, 11.695528283582091 ], [ 76.571222553606233, 11.695528283582091 ], [ 76.571222553606233, 11.695797761194031 ] ], [ [ 76.577690389863548, 11.695797761194031 ], [ 76.577959883040933, 11.695797761194031 ], [ 76.577959883040933, 11.695528283582091 ], [ 76.577690389863548, 11.695528283582091 ], [ 76.577690389863548, 11.695797761194031 ] ], [ [ 76.586314171539954, 11.695797761194031 ], [ 76.586853157894737, 11.695797761194031 ], [ 76.586853157894737, 11.695528283582091 ], [ 76.586583664717338, 11.695528283582091 ], [ 76.586583664717338, 11.69525880597015 ], [ 76.586314171539954, 11.69525880597015 ], [ 76.586314171539954, 11.695797761194031 ] ], [ [ 76.632128011695897, 11.695797761194031 ], [ 76.632397504873296, 11.695797761194031 ], [ 76.632397504873296, 11.695528283582091 ], [ 76.632128011695897, 11.695528283582091 ], [ 76.632128011695897, 11.695797761194031 ] ], [ [ 76.528103645224164, 11.695528283582091 ], [ 76.528642631578947, 11.695528283582091 ], [ 76.528642631578947, 11.69498932835821 ], [ 76.528103645224164, 11.69498932835821 ], [ 76.528103645224164, 11.695528283582091 ] ], [ [ 76.529451111111101, 11.695528283582091 ], [ 76.529720604288499, 11.695528283582091 ], [ 76.529720604288499, 11.69498932835821 ], [ 76.529451111111101, 11.69498932835821 ], [ 76.529451111111101, 11.695528283582091 ] ], [ [ 76.570414074074066, 11.695528283582091 ], [ 76.570683567251464, 11.695528283582091 ], [ 76.570683567251464, 11.69525880597015 ], [ 76.570414074074066, 11.69525880597015 ], [ 76.570414074074066, 11.695528283582091 ] ], [ [ 76.583080253411296, 11.695528283582091 ], [ 76.58361923976608, 11.695528283582091 ], [ 76.58361923976608, 11.69525880597015 ], [ 76.583080253411296, 11.69525880597015 ], [ 76.583080253411296, 11.695528283582091 ] ], [ [ 76.583888732943464, 11.695528283582091 ], [ 76.584158226120849, 11.695528283582091 ], [ 76.584158226120849, 11.69498932835821 ], [ 76.583888732943464, 11.69498932835821 ], [ 76.583888732943464, 11.695528283582091 ] ], [ [ 76.586853157894737, 11.695528283582091 ], [ 76.587392144249506, 11.695528283582091 ], [ 76.587392144249506, 11.69525880597015 ], [ 76.587122651072121, 11.69525880597015 ], [ 76.587122651072121, 11.694719850746269 ], [ 76.586853157894737, 11.694719850746269 ], [ 76.586853157894737, 11.695528283582091 ] ], [ [ 76.603561734892779, 11.695528283582091 ], [ 76.604100721247562, 11.695528283582091 ], [ 76.604100721247562, 11.69525880597015 ], [ 76.604370214424947, 11.69525880597015 ], [ 76.604370214424947, 11.69498932835821 ], [ 76.604100721247562, 11.69498932835821 ], [ 76.604100721247562, 11.694719850746269 ], [ 76.603831228070177, 11.694719850746269 ], [ 76.603831228070177, 11.69498932835821 ], [ 76.603292241715394, 11.69498932835821 ], [ 76.603292241715394, 11.69525880597015 ], [ 76.603561734892779, 11.69525880597015 ], [ 76.603561734892779, 11.695528283582091 ] ], [ [ 76.530798576998052, 11.69525880597015 ], [ 76.531607056530206, 11.69525880597015 ], [ 76.531607056530206, 11.69498932835821 ], [ 76.531876549707604, 11.69498932835821 ], [ 76.531876549707604, 11.694450373134329 ], [ 76.531068070175436, 11.694450373134329 ], [ 76.531068070175436, 11.693641940298509 ], [ 76.530798576998052, 11.693641940298509 ], [ 76.530798576998052, 11.694180895522388 ], [ 76.530529083820653, 11.694180895522388 ], [ 76.530529083820653, 11.69498932835821 ], [ 76.530798576998052, 11.69498932835821 ], [ 76.530798576998052, 11.69525880597015 ] ], [ [ 76.53376300194931, 11.69525880597015 ], [ 76.534032495126695, 11.69525880597015 ], [ 76.534032495126695, 11.69498932835821 ], [ 76.53376300194931, 11.69498932835821 ], [ 76.53376300194931, 11.69525880597015 ] ], [ [ 76.588200623781674, 11.69525880597015 ], [ 76.588470116959058, 11.69525880597015 ], [ 76.588470116959058, 11.69498932835821 ], [ 76.588739610136443, 11.69498932835821 ], [ 76.588739610136443, 11.694719850746269 ], [ 76.589548089668611, 11.694719850746269 ], [ 76.589548089668611, 11.694450373134329 ], [ 76.589817582845996, 11.694450373134329 ], [ 76.589817582845996, 11.694180895522388 ], [ 76.589548089668611, 11.694180895522388 ], [ 76.589548089668611, 11.693911417910449 ], [ 76.590087076023394, 11.693911417910449 ], [ 76.590087076023394, 11.693372462686568 ], [ 76.590356569200779, 11.693372462686568 ], [ 76.590356569200779, 11.692564029850747 ], [ 76.590087076023394, 11.692564029850747 ], [ 76.590087076023394, 11.692833507462687 ], [ 76.589817582845996, 11.692833507462687 ], [ 76.589817582845996, 11.692294552238806 ], [ 76.590356569200779, 11.692294552238806 ], [ 76.590356569200779, 11.692025074626866 ], [ 76.590626062378163, 11.692025074626866 ], [ 76.590626062378163, 11.692294552238806 ], [ 76.590895555555548, 11.692294552238806 ], [ 76.590895555555548, 11.691755597014927 ], [ 76.593859980506821, 11.691755597014927 ], [ 76.593859980506821, 11.691486119402986 ], [ 76.594129473684205, 11.691486119402986 ], [ 76.594129473684205, 11.691216641791046 ], [ 76.59439896686159, 11.691216641791046 ], [ 76.59439896686159, 11.691486119402986 ], [ 76.594937953216373, 11.691486119402986 ], [ 76.594937953216373, 11.691216641791046 ], [ 76.595207446393758, 11.691216641791046 ], [ 76.595207446393758, 11.691486119402986 ], [ 76.596015925925926, 11.691486119402986 ], [ 76.596015925925926, 11.691216641791046 ], [ 76.59628541910331, 11.691216641791046 ], [ 76.59628541910331, 11.690947164179105 ], [ 76.593590487329436, 11.690947164179105 ], [ 76.593590487329436, 11.691216641791046 ], [ 76.593320994152037, 11.691216641791046 ], [ 76.593320994152037, 11.691486119402986 ], [ 76.5919735282651, 11.691486119402986 ], [ 76.5919735282651, 11.691216641791046 ], [ 76.590895555555548, 11.691216641791046 ], [ 76.590895555555548, 11.690947164179105 ], [ 76.590626062378163, 11.690947164179105 ], [ 76.590626062378163, 11.691216641791046 ], [ 76.590356569200779, 11.691216641791046 ], [ 76.590356569200779, 11.690947164179105 ], [ 76.589817582845996, 11.690947164179105 ], [ 76.589817582845996, 11.691216641791046 ], [ 76.589548089668611, 11.691216641791046 ], [ 76.589548089668611, 11.691486119402986 ], [ 76.588739610136443, 11.691486119402986 ], [ 76.588739610136443, 11.691755597014927 ], [ 76.587931130604289, 11.691755597014927 ], [ 76.587931130604289, 11.692025074626866 ], [ 76.587392144249506, 11.692025074626866 ], [ 76.587392144249506, 11.691755597014927 ], [ 76.587122651072121, 11.691755597014927 ], [ 76.587122651072121, 11.692025074626866 ], [ 76.586314171539954, 11.692025074626866 ], [ 76.586314171539954, 11.692294552238806 ], [ 76.586044678362569, 11.692294552238806 ], [ 76.586044678362569, 11.692564029850747 ], [ 76.5855056920078, 11.692564029850747 ], [ 76.5855056920078, 11.692294552238806 ], [ 76.584966705653017, 11.692294552238806 ], [ 76.584966705653017, 11.692564029850747 ], [ 76.584158226120849, 11.692564029850747 ], [ 76.584158226120849, 11.692294552238806 ], [ 76.584427719298247, 11.692294552238806 ], [ 76.584427719298247, 11.692025074626866 ], [ 76.584697212475632, 11.692025074626866 ], [ 76.584697212475632, 11.691755597014927 ], [ 76.584966705653017, 11.691755597014927 ], [ 76.584966705653017, 11.692025074626866 ], [ 76.5855056920078, 11.692025074626866 ], [ 76.5855056920078, 11.691755597014927 ], [ 76.585236198830401, 11.691755597014927 ], [ 76.585236198830401, 11.690677686567165 ], [ 76.584966705653017, 11.690677686567165 ], [ 76.584966705653017, 11.690138731343284 ], [ 76.584697212475632, 11.690138731343284 ], [ 76.584697212475632, 11.690677686567165 ], [ 76.584427719298247, 11.690677686567165 ], [ 76.584427719298247, 11.690947164179105 ], [ 76.584697212475632, 11.690947164179105 ], [ 76.584697212475632, 11.691216641791046 ], [ 76.584966705653017, 11.691216641791046 ], [ 76.584966705653017, 11.691486119402986 ], [ 76.584427719298247, 11.691486119402986 ], [ 76.584427719298247, 11.691216641791046 ], [ 76.584158226120849, 11.691216641791046 ], [ 76.584158226120849, 11.690947164179105 ], [ 76.583349746588695, 11.690947164179105 ], [ 76.583349746588695, 11.691216641791046 ], [ 76.582002280701744, 11.691216641791046 ], [ 76.582002280701744, 11.691486119402986 ], [ 76.581732787524359, 11.691486119402986 ], [ 76.581732787524359, 11.691755597014927 ], [ 76.581463294346975, 11.691755597014927 ], [ 76.581463294346975, 11.692025074626866 ], [ 76.580924307992191, 11.692025074626866 ], [ 76.580924307992191, 11.692294552238806 ], [ 76.581732787524359, 11.692294552238806 ], [ 76.581732787524359, 11.692564029850747 ], [ 76.582002280701744, 11.692564029850747 ], [ 76.582002280701744, 11.693102985074628 ], [ 76.582810760233912, 11.693102985074628 ], [ 76.582810760233912, 11.692833507462687 ], [ 76.583080253411296, 11.692833507462687 ], [ 76.583080253411296, 11.693102985074628 ], [ 76.583888732943464, 11.693102985074628 ], [ 76.583888732943464, 11.693372462686568 ], [ 76.584966705653017, 11.693372462686568 ], [ 76.584966705653017, 11.693641940298509 ], [ 76.585236198830401, 11.693641940298509 ], [ 76.585236198830401, 11.693911417910449 ], [ 76.585775185185184, 11.693911417910449 ], [ 76.585775185185184, 11.693641940298509 ], [ 76.586044678362569, 11.693641940298509 ], [ 76.586044678362569, 11.693372462686568 ], [ 76.586314171539954, 11.693372462686568 ], [ 76.586314171539954, 11.692833507462687 ], [ 76.587122651072121, 11.692833507462687 ], [ 76.587122651072121, 11.692564029850747 ], [ 76.587661637426891, 11.692564029850747 ], [ 76.587661637426891, 11.693102985074628 ], [ 76.587931130604289, 11.693102985074628 ], [ 76.587931130604289, 11.692833507462687 ], [ 76.588200623781674, 11.692833507462687 ], [ 76.588200623781674, 11.693372462686568 ], [ 76.588470116959058, 11.693372462686568 ], [ 76.588470116959058, 11.692294552238806 ], [ 76.588739610136443, 11.692294552238806 ], [ 76.588739610136443, 11.692025074626866 ], [ 76.589278596491226, 11.692025074626866 ], [ 76.589278596491226, 11.692564029850747 ], [ 76.588739610136443, 11.692564029850747 ], [ 76.588739610136443, 11.693102985074628 ], [ 76.589009103313842, 11.693102985074628 ], [ 76.589009103313842, 11.693641940298509 ], [ 76.588739610136443, 11.693641940298509 ], [ 76.588739610136443, 11.693911417910449 ], [ 76.588200623781674, 11.693911417910449 ], [ 76.588200623781674, 11.694719850746269 ], [ 76.587931130604289, 11.694719850746269 ], [ 76.587931130604289, 11.69498932835821 ], [ 76.588200623781674, 11.69498932835821 ], [ 76.588200623781674, 11.69525880597015 ] ], [ [ 76.605178693957114, 11.69525880597015 ], [ 76.605448187134499, 11.69525880597015 ], [ 76.605448187134499, 11.69498932835821 ], [ 76.605178693957114, 11.69498932835821 ], [ 76.605178693957114, 11.69525880597015 ] ], [ [ 76.527834152046779, 11.69498932835821 ], [ 76.528103645224164, 11.69498932835821 ], [ 76.528103645224164, 11.694719850746269 ], [ 76.527834152046779, 11.694719850746269 ], [ 76.527834152046779, 11.69498932835821 ] ], [ [ 76.528912124756332, 11.69498932835821 ], [ 76.529181617933716, 11.69498932835821 ], [ 76.529181617933716, 11.694719850746269 ], [ 76.528912124756332, 11.694719850746269 ], [ 76.528912124756332, 11.69498932835821 ] ], [ [ 76.534032495126695, 11.69498932835821 ], [ 76.534301988304094, 11.69498932835821 ], [ 76.534301988304094, 11.694719850746269 ], [ 76.534032495126695, 11.694719850746269 ], [ 76.534032495126695, 11.69498932835821 ] ], [ [ 76.590895555555548, 11.69498932835821 ], [ 76.591165048732933, 11.69498932835821 ], [ 76.591165048732933, 11.694719850746269 ], [ 76.590895555555548, 11.694719850746269 ], [ 76.590895555555548, 11.69498932835821 ] ], [ [ 76.520288343079912, 11.694719850746269 ], [ 76.520557836257311, 11.694719850746269 ], [ 76.520557836257311, 11.694450373134329 ], [ 76.520288343079912, 11.694450373134329 ], [ 76.520288343079912, 11.694719850746269 ] ], [ [ 76.545351208576989, 11.694719850746269 ], [ 76.547237660818709, 11.694719850746269 ], [ 76.547237660818709, 11.694450373134329 ], [ 76.546968167641324, 11.694450373134329 ], [ 76.546968167641324, 11.694180895522388 ], [ 76.54669867446394, 11.694180895522388 ], [ 76.54669867446394, 11.694450373134329 ], [ 76.545351208576989, 11.694450373134329 ], [ 76.545351208576989, 11.694719850746269 ] ], [ [ 76.583888732943464, 11.694719850746269 ], [ 76.584158226120849, 11.694719850746269 ], [ 76.584158226120849, 11.694450373134329 ], [ 76.583888732943464, 11.694450373134329 ], [ 76.583888732943464, 11.694719850746269 ] ], [ [ 76.595476939571142, 11.694719850746269 ], [ 76.595746432748527, 11.694719850746269 ], [ 76.595746432748527, 11.694450373134329 ], [ 76.595476939571142, 11.694450373134329 ], [ 76.595476939571142, 11.694719850746269 ] ], [ [ 76.597093898635478, 11.694719850746269 ], [ 76.597363391812863, 11.694719850746269 ], [ 76.597363391812863, 11.694180895522388 ], [ 76.596824405458079, 11.694180895522388 ], [ 76.596824405458079, 11.694450373134329 ], [ 76.597093898635478, 11.694450373134329 ], [ 76.597093898635478, 11.694719850746269 ] ], [ [ 76.528103645224164, 11.694450373134329 ], [ 76.528373138401562, 11.694450373134329 ], [ 76.528373138401562, 11.694180895522388 ], [ 76.528642631578947, 11.694180895522388 ], [ 76.528642631578947, 11.693911417910449 ], [ 76.529181617933716, 11.693911417910449 ], [ 76.529181617933716, 11.693641940298509 ], [ 76.529451111111101, 11.693641940298509 ], [ 76.529451111111101, 11.693372462686568 ], [ 76.528642631578947, 11.693372462686568 ], [ 76.528642631578947, 11.693641940298509 ], [ 76.528373138401562, 11.693641940298509 ], [ 76.528373138401562, 11.693911417910449 ], [ 76.527834152046779, 11.693911417910449 ], [ 76.527834152046779, 11.694180895522388 ], [ 76.528103645224164, 11.694180895522388 ], [ 76.528103645224164, 11.694450373134329 ] ], [ [ 76.547507153996094, 11.694450373134329 ], [ 76.548315633528262, 11.694450373134329 ], [ 76.548315633528262, 11.693911417910449 ], [ 76.547776647173478, 11.693911417910449 ], [ 76.547776647173478, 11.694180895522388 ], [ 76.547507153996094, 11.694180895522388 ], [ 76.547507153996094, 11.694450373134329 ] ], [ [ 76.575803937621828, 11.694450373134329 ], [ 76.576073430799212, 11.694450373134329 ], [ 76.576073430799212, 11.694180895522388 ], [ 76.575803937621828, 11.694180895522388 ], [ 76.575803937621828, 11.694450373134329 ] ], [ [ 76.57930734892787, 11.694450373134329 ], [ 76.579576842105254, 11.694450373134329 ], [ 76.579576842105254, 11.694180895522388 ], [ 76.57930734892787, 11.694180895522388 ], [ 76.57930734892787, 11.694450373134329 ] ], [ [ 76.595746432748527, 11.694450373134329 ], [ 76.59628541910331, 11.694450373134329 ], [ 76.59628541910331, 11.694180895522388 ], [ 76.595746432748527, 11.694180895522388 ], [ 76.595746432748527, 11.694450373134329 ] ], [ [ 76.570683567251464, 11.694180895522388 ], [ 76.571222553606233, 11.694180895522388 ], [ 76.571222553606233, 11.693911417910449 ], [ 76.572031033138401, 11.693911417910449 ], [ 76.572031033138401, 11.694180895522388 ], [ 76.57257001949317, 11.694180895522388 ], [ 76.57257001949317, 11.693911417910449 ], [ 76.572839512670555, 11.693911417910449 ], [ 76.572839512670555, 11.693372462686568 ], [ 76.572300526315786, 11.693372462686568 ], [ 76.572300526315786, 11.693641940298509 ], [ 76.572031033138401, 11.693641940298509 ], [ 76.572031033138401, 11.693372462686568 ], [ 76.571761539961003, 11.693372462686568 ], [ 76.571761539961003, 11.693641940298509 ], [ 76.570953060428849, 11.693641940298509 ], [ 76.570953060428849, 11.693911417910449 ], [ 76.570683567251464, 11.693911417910449 ], [ 76.570683567251464, 11.694180895522388 ] ], [ [ 76.575534444444443, 11.694180895522388 ], [ 76.575803937621828, 11.694180895522388 ], [ 76.575803937621828, 11.693911417910449 ], [ 76.575534444444443, 11.693911417910449 ], [ 76.575534444444443, 11.694180895522388 ] ], [ [ 76.596554912280695, 11.694180895522388 ], [ 76.596824405458079, 11.694180895522388 ], [ 76.596824405458079, 11.693911417910449 ], [ 76.596554912280695, 11.693911417910449 ], [ 76.596554912280695, 11.694180895522388 ] ], [ [ 76.605178693957114, 11.694180895522388 ], [ 76.605448187134499, 11.694180895522388 ], [ 76.605448187134499, 11.693911417910449 ], [ 76.605178693957114, 11.693911417910449 ], [ 76.605178693957114, 11.694180895522388 ] ], [ [ 76.576342923976597, 11.693911417910449 ], [ 76.57688191033138, 11.693911417910449 ], [ 76.57688191033138, 11.693641940298509 ], [ 76.576612417153996, 11.693641940298509 ], [ 76.576612417153996, 11.693372462686568 ], [ 76.576342923976597, 11.693372462686568 ], [ 76.576342923976597, 11.693911417910449 ] ], [ [ 76.578498869395702, 11.693911417910449 ], [ 76.578768362573101, 11.693911417910449 ], [ 76.578768362573101, 11.693641940298509 ], [ 76.578498869395702, 11.693641940298509 ], [ 76.578498869395702, 11.693911417910449 ] ], [ [ 76.542925769980499, 11.693641940298509 ], [ 76.543195263157884, 11.693641940298509 ], [ 76.543195263157884, 11.693372462686568 ], [ 76.542925769980499, 11.693372462686568 ], [ 76.542925769980499, 11.693641940298509 ] ], [ [ 76.574456471734891, 11.693641940298509 ], [ 76.57499545808966, 11.693641940298509 ], [ 76.57499545808966, 11.693372462686568 ], [ 76.575264951267059, 11.693372462686568 ], [ 76.575264951267059, 11.693102985074628 ], [ 76.575534444444443, 11.693102985074628 ], [ 76.575534444444443, 11.692833507462687 ], [ 76.575264951267059, 11.692833507462687 ], [ 76.575264951267059, 11.692564029850747 ], [ 76.57499545808966, 11.692564029850747 ], [ 76.57499545808966, 11.692833507462687 ], [ 76.574456471734891, 11.692833507462687 ], [ 76.574456471734891, 11.693641940298509 ] ], [ [ 76.63320598440545, 11.693641940298509 ], [ 76.633475477582834, 11.693641940298509 ], [ 76.633475477582834, 11.693372462686568 ], [ 76.63320598440545, 11.693372462686568 ], [ 76.63320598440545, 11.693641940298509 ] ], [ [ 76.541308810916178, 11.693372462686568 ], [ 76.541578304093562, 11.693372462686568 ], [ 76.541578304093562, 11.692833507462687 ], [ 76.541847797270947, 11.692833507462687 ], [ 76.541847797270947, 11.692564029850747 ], [ 76.541578304093562, 11.692564029850747 ], [ 76.541578304093562, 11.692294552238806 ], [ 76.541308810916178, 11.692294552238806 ], [ 76.541308810916178, 11.692833507462687 ], [ 76.541039317738793, 11.692833507462687 ], [ 76.541039317738793, 11.693102985074628 ], [ 76.541308810916178, 11.693102985074628 ], [ 76.541308810916178, 11.693372462686568 ] ], [ [ 76.545890194931772, 11.693372462686568 ], [ 76.547237660818709, 11.693372462686568 ], [ 76.547237660818709, 11.692564029850747 ], [ 76.546968167641324, 11.692564029850747 ], [ 76.546968167641324, 11.692294552238806 ], [ 76.545890194931772, 11.692294552238806 ], [ 76.545890194931772, 11.692564029850747 ], [ 76.546159688109157, 11.692564029850747 ], [ 76.546159688109157, 11.692833507462687 ], [ 76.545890194931772, 11.692833507462687 ], [ 76.545890194931772, 11.693372462686568 ] ], [ [ 76.548854619883031, 11.693372462686568 ], [ 76.549124113060429, 11.693372462686568 ], [ 76.549124113060429, 11.693102985074628 ], [ 76.548854619883031, 11.693102985074628 ], [ 76.548854619883031, 11.693372462686568 ] ], [ [ 76.57688191033138, 11.693372462686568 ], [ 76.577420896686149, 11.693372462686568 ], [ 76.577420896686149, 11.693102985074628 ], [ 76.57688191033138, 11.693102985074628 ], [ 76.57688191033138, 11.693372462686568 ] ], [ [ 76.642099259259254, 11.693372462686568 ], [ 76.642368752436639, 11.693372462686568 ], [ 76.642368752436639, 11.693102985074628 ], [ 76.642099259259254, 11.693102985074628 ], [ 76.642099259259254, 11.693372462686568 ] ], [ [ 76.541847797270947, 11.693102985074628 ], [ 76.542117290448346, 11.693102985074628 ], [ 76.542117290448346, 11.692833507462687 ], [ 76.541847797270947, 11.692833507462687 ], [ 76.541847797270947, 11.693102985074628 ] ], [ [ 76.549663099415199, 11.693102985074628 ], [ 76.550471578947366, 11.693102985074628 ], [ 76.550471578947366, 11.692833507462687 ], [ 76.549663099415199, 11.692833507462687 ], [ 76.549663099415199, 11.693102985074628 ] ], [ [ 76.572839512670555, 11.693102985074628 ], [ 76.573378499025338, 11.693102985074628 ], [ 76.573378499025338, 11.692564029850747 ], [ 76.573109005847954, 11.692564029850747 ], [ 76.573109005847954, 11.692833507462687 ], [ 76.572839512670555, 11.692833507462687 ], [ 76.572839512670555, 11.693102985074628 ] ], [ [ 76.576073430799212, 11.693102985074628 ], [ 76.576342923976597, 11.693102985074628 ], [ 76.576342923976597, 11.692833507462687 ], [ 76.576073430799212, 11.692833507462687 ], [ 76.576073430799212, 11.693102985074628 ] ], [ [ 76.577420896686149, 11.693102985074628 ], [ 76.577690389863548, 11.693102985074628 ], [ 76.577690389863548, 11.692833507462687 ], [ 76.577959883040933, 11.692833507462687 ], [ 76.577959883040933, 11.692564029850747 ], [ 76.577420896686149, 11.692564029850747 ], [ 76.577420896686149, 11.693102985074628 ] ], [ [ 76.547507153996094, 11.692833507462687 ], [ 76.547776647173478, 11.692833507462687 ], [ 76.547776647173478, 11.692564029850747 ], [ 76.547507153996094, 11.692564029850747 ], [ 76.547507153996094, 11.692833507462687 ] ], [ [ 76.550471578947366, 11.692833507462687 ], [ 76.551280058479534, 11.692833507462687 ], [ 76.551280058479534, 11.692564029850747 ], [ 76.550471578947366, 11.692564029850747 ], [ 76.550471578947366, 11.692833507462687 ] ], [ [ 76.567449649122807, 11.692833507462687 ], [ 76.567719142300191, 11.692833507462687 ], [ 76.567719142300191, 11.692564029850747 ], [ 76.567449649122807, 11.692564029850747 ], [ 76.567449649122807, 11.692833507462687 ] ], [ [ 76.573647992202723, 11.692833507462687 ], [ 76.573917485380107, 11.692833507462687 ], [ 76.573917485380107, 11.692564029850747 ], [ 76.573647992202723, 11.692564029850747 ], [ 76.573647992202723, 11.692833507462687 ] ], [ [ 76.575803937621828, 11.692833507462687 ], [ 76.576073430799212, 11.692833507462687 ], [ 76.576073430799212, 11.692564029850747 ], [ 76.575803937621828, 11.692564029850747 ], [ 76.575803937621828, 11.692833507462687 ] ], [ [ 76.552358031189073, 11.692564029850747 ], [ 76.552627524366471, 11.692564029850747 ], [ 76.552627524366471, 11.692294552238806 ], [ 76.552358031189073, 11.692294552238806 ], [ 76.552358031189073, 11.692564029850747 ] ], [ [ 76.573378499025338, 11.692564029850747 ], [ 76.573647992202723, 11.692564029850747 ], [ 76.573647992202723, 11.692294552238806 ], [ 76.573378499025338, 11.692294552238806 ], [ 76.573378499025338, 11.692564029850747 ] ], [ [ 76.592243021442485, 11.692564029850747 ], [ 76.592512514619884, 11.692564029850747 ], [ 76.592512514619884, 11.692025074626866 ], [ 76.592243021442485, 11.692025074626866 ], [ 76.592243021442485, 11.692564029850747 ] ], [ [ 76.641829766081869, 11.692564029850747 ], [ 76.642099259259254, 11.692564029850747 ], [ 76.642099259259254, 11.692294552238806 ], [ 76.641829766081869, 11.692294552238806 ], [ 76.641829766081869, 11.692564029850747 ] ], [ [ 76.565832690058471, 11.692294552238806 ], [ 76.56610218323587, 11.692294552238806 ], [ 76.56610218323587, 11.691755597014927 ], [ 76.565832690058471, 11.691755597014927 ], [ 76.565832690058471, 11.692294552238806 ] ], [ [ 76.573647992202723, 11.692294552238806 ], [ 76.573917485380107, 11.692294552238806 ], [ 76.573917485380107, 11.690947164179105 ], [ 76.573647992202723, 11.690947164179105 ], [ 76.573647992202723, 11.690677686567165 ], [ 76.573378499025338, 11.690677686567165 ], [ 76.573378499025338, 11.691216641791046 ], [ 76.573647992202723, 11.691216641791046 ], [ 76.573647992202723, 11.692294552238806 ] ], [ [ 76.577959883040933, 11.692294552238806 ], [ 76.578498869395702, 11.692294552238806 ], [ 76.578498869395702, 11.692025074626866 ], [ 76.577959883040933, 11.692025074626866 ], [ 76.577959883040933, 11.692294552238806 ] ], [ [ 76.640751793372317, 11.692294552238806 ], [ 76.641021286549702, 11.692294552238806 ], [ 76.641021286549702, 11.692025074626866 ], [ 76.641829766081869, 11.692025074626866 ], [ 76.641829766081869, 11.691755597014927 ], [ 76.640751793372317, 11.691755597014927 ], [ 76.640751793372317, 11.692294552238806 ] ], [ [ 76.53807489278752, 11.692025074626866 ], [ 76.538344385964905, 11.692025074626866 ], [ 76.538344385964905, 11.691755597014927 ], [ 76.53807489278752, 11.691755597014927 ], [ 76.53807489278752, 11.692025074626866 ] ], [ [ 76.548315633528262, 11.692025074626866 ], [ 76.548854619883031, 11.692025074626866 ], [ 76.548854619883031, 11.690677686567165 ], [ 76.549124113060429, 11.690677686567165 ], [ 76.549124113060429, 11.690408208955224 ], [ 76.549393606237814, 11.690408208955224 ], [ 76.549393606237814, 11.690138731343284 ], [ 76.549663099415199, 11.690138731343284 ], [ 76.549663099415199, 11.690408208955224 ], [ 76.549932592592583, 11.690408208955224 ], [ 76.549932592592583, 11.691486119402986 ], [ 76.550471578947366, 11.691486119402986 ], [ 76.550471578947366, 11.690947164179105 ], [ 76.551280058479534, 11.690947164179105 ], [ 76.551280058479534, 11.690138731343284 ], [ 76.551010565302136, 11.690138731343284 ], [ 76.551010565302136, 11.689869253731343 ], [ 76.551549551656919, 11.689869253731343 ], [ 76.551549551656919, 11.690947164179105 ], [ 76.553705497076024, 11.690947164179105 ], [ 76.553705497076024, 11.691486119402986 ], [ 76.553974990253408, 11.691486119402986 ], [ 76.553974990253408, 11.691216641791046 ], [ 76.554244483430793, 11.691216641791046 ], [ 76.554244483430793, 11.691486119402986 ], [ 76.554513976608177, 11.691486119402986 ], [ 76.554513976608177, 11.691216641791046 ], [ 76.554783469785576, 11.691216641791046 ], [ 76.554783469785576, 11.690947164179105 ], [ 76.554513976608177, 11.690947164179105 ], [ 76.554513976608177, 11.690677686567165 ], [ 76.553974990253408, 11.690677686567165 ], [ 76.553974990253408, 11.690408208955224 ], [ 76.553705497076024, 11.690408208955224 ], [ 76.553705497076024, 11.689599776119405 ], [ 76.553436003898625, 11.689599776119405 ], [ 76.553436003898625, 11.688791343283583 ], [ 76.55316651072124, 11.688791343283583 ], [ 76.55316651072124, 11.688521865671643 ], [ 76.552627524366471, 11.688521865671643 ], [ 76.552627524366471, 11.688791343283583 ], [ 76.551819044834303, 11.688791343283583 ], [ 76.551819044834303, 11.688252388059702 ], [ 76.551280058479534, 11.688252388059702 ], [ 76.551280058479534, 11.688521865671643 ], [ 76.551549551656919, 11.688521865671643 ], [ 76.551549551656919, 11.688791343283583 ], [ 76.551280058479534, 11.688791343283583 ], [ 76.551280058479534, 11.689330298507464 ], [ 76.551010565302136, 11.689330298507464 ], [ 76.551010565302136, 11.689599776119405 ], [ 76.550741072124751, 11.689599776119405 ], [ 76.550741072124751, 11.689869253731343 ], [ 76.549393606237814, 11.689869253731343 ], [ 76.549393606237814, 11.689599776119405 ], [ 76.549124113060429, 11.689599776119405 ], [ 76.549124113060429, 11.689869253731343 ], [ 76.548585126705646, 11.689869253731343 ], [ 76.548585126705646, 11.689599776119405 ], [ 76.548046140350877, 11.689599776119405 ], [ 76.548046140350877, 11.690138731343284 ], [ 76.548585126705646, 11.690138731343284 ], [ 76.548585126705646, 11.690947164179105 ], [ 76.548315633528262, 11.690947164179105 ], [ 76.548315633528262, 11.692025074626866 ] ], [ [ 76.552627524366471, 11.692025074626866 ], [ 76.552897017543856, 11.692025074626866 ], [ 76.552897017543856, 11.691755597014927 ], [ 76.552627524366471, 11.691755597014927 ], [ 76.552627524366471, 11.692025074626866 ] ], [ [ 76.55316651072124, 11.692025074626866 ], [ 76.553436003898625, 11.692025074626866 ], [ 76.553436003898625, 11.691755597014927 ], [ 76.55316651072124, 11.691755597014927 ], [ 76.55316651072124, 11.692025074626866 ] ], [ [ 76.578498869395702, 11.692025074626866 ], [ 76.578768362573101, 11.692025074626866 ], [ 76.578768362573101, 11.691755597014927 ], [ 76.578498869395702, 11.691755597014927 ], [ 76.578498869395702, 11.692025074626866 ] ], [ [ 76.579576842105254, 11.692025074626866 ], [ 76.579846335282653, 11.692025074626866 ], [ 76.579846335282653, 11.691216641791046 ], [ 76.580385321637422, 11.691216641791046 ], [ 76.580385321637422, 11.690947164179105 ], [ 76.580654814814807, 11.690947164179105 ], [ 76.580654814814807, 11.690677686567165 ], [ 76.581463294346975, 11.690677686567165 ], [ 76.581463294346975, 11.690408208955224 ], [ 76.58119380116959, 11.690408208955224 ], [ 76.58119380116959, 11.690138731343284 ], [ 76.580385321637422, 11.690138731343284 ], [ 76.580385321637422, 11.689869253731343 ], [ 76.580115828460038, 11.689869253731343 ], [ 76.580115828460038, 11.689599776119405 ], [ 76.579846335282653, 11.689599776119405 ], [ 76.579846335282653, 11.690408208955224 ], [ 76.579037855750485, 11.690408208955224 ], [ 76.579037855750485, 11.690677686567165 ], [ 76.57930734892787, 11.690677686567165 ], [ 76.57930734892787, 11.691486119402986 ], [ 76.579576842105254, 11.691486119402986 ], [ 76.579576842105254, 11.692025074626866 ] ], [ [ 76.541847797270947, 11.691755597014927 ], [ 76.542117290448346, 11.691755597014927 ], [ 76.542117290448346, 11.691216641791046 ], [ 76.541847797270947, 11.691216641791046 ], [ 76.541847797270947, 11.691755597014927 ] ], [ [ 76.54669867446394, 11.691755597014927 ], [ 76.547507153996094, 11.691755597014927 ], [ 76.547507153996094, 11.691216641791046 ], [ 76.54669867446394, 11.691216641791046 ], [ 76.54669867446394, 11.691755597014927 ] ], [ [ 76.555861442495129, 11.691755597014927 ], [ 76.556400428849898, 11.691755597014927 ], [ 76.556400428849898, 11.691486119402986 ], [ 76.555861442495129, 11.691486119402986 ], [ 76.555861442495129, 11.691755597014927 ] ], [ [ 76.579037855750485, 11.691755597014927 ], [ 76.57930734892787, 11.691755597014927 ], [ 76.57930734892787, 11.691486119402986 ], [ 76.579037855750485, 11.691486119402986 ], [ 76.579037855750485, 11.691755597014927 ] ], [ [ 76.547776647173478, 11.691486119402986 ], [ 76.548046140350877, 11.691486119402986 ], [ 76.548046140350877, 11.691216641791046 ], [ 76.547776647173478, 11.691216641791046 ], [ 76.547776647173478, 11.691486119402986 ] ], [ [ 76.630511052631576, 11.691486119402986 ], [ 76.63078054580896, 11.691486119402986 ], [ 76.63078054580896, 11.691216641791046 ], [ 76.630511052631576, 11.691216641791046 ], [ 76.630511052631576, 11.691486119402986 ] ], [ [ 76.639673820662765, 11.691486119402986 ], [ 76.640212807017534, 11.691486119402986 ], [ 76.640212807017534, 11.691216641791046 ], [ 76.639673820662765, 11.691216641791046 ], [ 76.639673820662765, 11.691486119402986 ] ], [ [ 76.575803937621828, 11.691216641791046 ], [ 76.576073430799212, 11.691216641791046 ], [ 76.576073430799212, 11.690947164179105 ], [ 76.575803937621828, 11.690947164179105 ], [ 76.575803937621828, 11.691216641791046 ] ], [ [ 76.629972066276792, 11.691216641791046 ], [ 76.630241559454191, 11.691216641791046 ], [ 76.630241559454191, 11.690408208955224 ], [ 76.629972066276792, 11.690408208955224 ], [ 76.629972066276792, 11.691216641791046 ] ], [ [ 76.640212807017534, 11.691216641791046 ], [ 76.640482300194932, 11.691216641791046 ], [ 76.640482300194932, 11.690947164179105 ], [ 76.640212807017534, 11.690947164179105 ], [ 76.640212807017534, 11.691216641791046 ] ], [ [ 76.574456471734891, 11.690947164179105 ], [ 76.574725964912275, 11.690947164179105 ], [ 76.574725964912275, 11.690677686567165 ], [ 76.575534444444443, 11.690677686567165 ], [ 76.575534444444443, 11.689869253731343 ], [ 76.575264951267059, 11.689869253731343 ], [ 76.575264951267059, 11.690138731343284 ], [ 76.57499545808966, 11.690138731343284 ], [ 76.57499545808966, 11.689869253731343 ], [ 76.574725964912275, 11.689869253731343 ], [ 76.574725964912275, 11.690138731343284 ], [ 76.574456471734891, 11.690138731343284 ], [ 76.574456471734891, 11.690408208955224 ], [ 76.574186978557506, 11.690408208955224 ], [ 76.574186978557506, 11.690677686567165 ], [ 76.574456471734891, 11.690677686567165 ], [ 76.574456471734891, 11.690947164179105 ] ], [ [ 76.597093898635478, 11.690947164179105 ], [ 76.597363391812863, 11.690947164179105 ], [ 76.597363391812863, 11.690677686567165 ], [ 76.597093898635478, 11.690677686567165 ], [ 76.597093898635478, 11.690947164179105 ] ], [ [ 76.590356569200779, 11.690677686567165 ], [ 76.590626062378163, 11.690677686567165 ], [ 76.590626062378163, 11.690138731343284 ], [ 76.590087076023394, 11.690138731343284 ], [ 76.590087076023394, 11.690408208955224 ], [ 76.590356569200779, 11.690408208955224 ], [ 76.590356569200779, 11.690677686567165 ] ], [ [ 76.618383859649114, 11.690677686567165 ], [ 76.618653352826513, 11.690677686567165 ], [ 76.618653352826513, 11.690408208955224 ], [ 76.618383859649114, 11.690408208955224 ], [ 76.618383859649114, 11.690677686567165 ] ], [ [ 76.641560272904485, 11.690677686567165 ], [ 76.641829766081869, 11.690677686567165 ], [ 76.641829766081869, 11.690138731343284 ], [ 76.641560272904485, 11.690138731343284 ], [ 76.641560272904485, 11.690677686567165 ] ], [ [ 76.577420896686149, 11.690408208955224 ], [ 76.578498869395702, 11.690408208955224 ], [ 76.578498869395702, 11.690138731343284 ], [ 76.578768362573101, 11.690138731343284 ], [ 76.578768362573101, 11.689869253731343 ], [ 76.579037855750485, 11.689869253731343 ], [ 76.579037855750485, 11.689599776119405 ], [ 76.578498869395702, 11.689599776119405 ], [ 76.578498869395702, 11.689060820895524 ], [ 76.578229376218317, 11.689060820895524 ], [ 76.578229376218317, 11.689330298507464 ], [ 76.577690389863548, 11.689330298507464 ], [ 76.577690389863548, 11.689060820895524 ], [ 76.577959883040933, 11.689060820895524 ], [ 76.577959883040933, 11.688791343283583 ], [ 76.577690389863548, 11.688791343283583 ], [ 76.577690389863548, 11.688521865671643 ], [ 76.577420896686149, 11.688521865671643 ], [ 76.577420896686149, 11.688252388059702 ], [ 76.57688191033138, 11.688252388059702 ], [ 76.57688191033138, 11.687982910447761 ], [ 76.577420896686149, 11.687982910447761 ], [ 76.577420896686149, 11.687713432835821 ], [ 76.577959883040933, 11.687713432835821 ], [ 76.577959883040933, 11.687443955223882 ], [ 76.577690389863548, 11.687443955223882 ], [ 76.577690389863548, 11.686905 ], [ 76.577420896686149, 11.686905 ], [ 76.577420896686149, 11.687174477611942 ], [ 76.577151403508765, 11.687174477611942 ], [ 76.577151403508765, 11.687443955223882 ], [ 76.576612417153996, 11.687443955223882 ], [ 76.576612417153996, 11.687713432835821 ], [ 76.576342923976597, 11.687713432835821 ], [ 76.576342923976597, 11.689599776119405 ], [ 76.575534444444443, 11.689599776119405 ], [ 76.575534444444443, 11.689869253731343 ], [ 76.57688191033138, 11.689869253731343 ], [ 76.57688191033138, 11.690138731343284 ], [ 76.577420896686149, 11.690138731343284 ], [ 76.577420896686149, 11.690408208955224 ] ], [ [ 76.586853157894737, 11.690408208955224 ], [ 76.587122651072121, 11.690408208955224 ], [ 76.587122651072121, 11.689869253731343 ], [ 76.586853157894737, 11.689869253731343 ], [ 76.586853157894737, 11.690408208955224 ] ], [ [ 76.53376300194931, 11.690138731343284 ], [ 76.534032495126695, 11.690138731343284 ], [ 76.534032495126695, 11.689869253731343 ], [ 76.53376300194931, 11.689869253731343 ], [ 76.53376300194931, 11.690138731343284 ] ], [ [ 76.584158226120849, 11.690138731343284 ], [ 76.584427719298247, 11.690138731343284 ], [ 76.584427719298247, 11.689869253731343 ], [ 76.584158226120849, 11.689869253731343 ], [ 76.584158226120849, 11.690138731343284 ] ], [ [ 76.580924307992191, 11.689869253731343 ], [ 76.58119380116959, 11.689869253731343 ], [ 76.58119380116959, 11.689599776119405 ], [ 76.580924307992191, 11.689599776119405 ], [ 76.580924307992191, 11.689869253731343 ] ], [ [ 76.629702573099408, 11.689869253731343 ], [ 76.629972066276792, 11.689869253731343 ], [ 76.629972066276792, 11.689330298507464 ], [ 76.629702573099408, 11.689330298507464 ], [ 76.629702573099408, 11.689869253731343 ] ], [ [ 76.594937953216373, 11.689330298507464 ], [ 76.595207446393758, 11.689330298507464 ], [ 76.595207446393758, 11.689060820895524 ], [ 76.594937953216373, 11.689060820895524 ], [ 76.594937953216373, 11.689330298507464 ] ], [ [ 76.629972066276792, 11.689330298507464 ], [ 76.630241559454191, 11.689330298507464 ], [ 76.630241559454191, 11.688521865671643 ], [ 76.630511052631576, 11.688521865671643 ], [ 76.630511052631576, 11.688252388059702 ], [ 76.630241559454191, 11.688252388059702 ], [ 76.630241559454191, 11.687982910447761 ], [ 76.629972066276792, 11.687982910447761 ], [ 76.629972066276792, 11.687174477611942 ], [ 76.629433079922023, 11.687174477611942 ], [ 76.629433079922023, 11.687713432835821 ], [ 76.629702573099408, 11.687713432835821 ], [ 76.629702573099408, 11.688521865671643 ], [ 76.629972066276792, 11.688521865671643 ], [ 76.629972066276792, 11.689330298507464 ] ], [ [ 76.579846335282653, 11.689060820895524 ], [ 76.580115828460038, 11.689060820895524 ], [ 76.580115828460038, 11.688521865671643 ], [ 76.579846335282653, 11.688521865671643 ], [ 76.579846335282653, 11.689060820895524 ] ], [ [ 76.597632884990247, 11.689060820895524 ], [ 76.597902378167632, 11.689060820895524 ], [ 76.597902378167632, 11.688791343283583 ], [ 76.597632884990247, 11.688791343283583 ], [ 76.597632884990247, 11.689060820895524 ] ], [ [ 76.535379961013646, 11.688791343283583 ], [ 76.535649454191031, 11.688791343283583 ], [ 76.535649454191031, 11.688521865671643 ], [ 76.535379961013646, 11.688521865671643 ], [ 76.535379961013646, 11.688791343283583 ] ], [ [ 76.553974990253408, 11.688791343283583 ], [ 76.554244483430793, 11.688791343283583 ], [ 76.554244483430793, 11.688521865671643 ], [ 76.553974990253408, 11.688521865671643 ], [ 76.553974990253408, 11.688791343283583 ] ], [ [ 76.57499545808966, 11.688791343283583 ], [ 76.575264951267059, 11.688791343283583 ], [ 76.575264951267059, 11.688252388059702 ], [ 76.57499545808966, 11.688252388059702 ], [ 76.57499545808966, 11.688791343283583 ] ], [ [ 76.578229376218317, 11.688791343283583 ], [ 76.578498869395702, 11.688791343283583 ], [ 76.578498869395702, 11.688521865671643 ], [ 76.578229376218317, 11.688521865671643 ], [ 76.578229376218317, 11.688791343283583 ] ], [ [ 76.582002280701744, 11.688791343283583 ], [ 76.582541267056527, 11.688791343283583 ], [ 76.582541267056527, 11.688521865671643 ], [ 76.582271773879143, 11.688521865671643 ], [ 76.582271773879143, 11.688252388059702 ], [ 76.582002280701744, 11.688252388059702 ], [ 76.582002280701744, 11.688791343283583 ] ], [ [ 76.63940432748538, 11.688791343283583 ], [ 76.639943313840149, 11.688791343283583 ], [ 76.639943313840149, 11.688252388059702 ], [ 76.639673820662765, 11.688252388059702 ], [ 76.639673820662765, 11.687713432835821 ], [ 76.639943313840149, 11.687713432835821 ], [ 76.639943313840149, 11.687443955223882 ], [ 76.640212807017534, 11.687443955223882 ], [ 76.640212807017534, 11.687174477611942 ], [ 76.640482300194932, 11.687174477611942 ], [ 76.640482300194932, 11.686635522388061 ], [ 76.640751793372317, 11.686635522388061 ], [ 76.640751793372317, 11.68636604477612 ], [ 76.641021286549702, 11.68636604477612 ], [ 76.641021286549702, 11.68609656716418 ], [ 76.641290779727086, 11.68609656716418 ], [ 76.641290779727086, 11.685557611940299 ], [ 76.641021286549702, 11.685557611940299 ], [ 76.641021286549702, 11.685288134328358 ], [ 76.640482300194932, 11.685288134328358 ], [ 76.640482300194932, 11.685018656716419 ], [ 76.639943313840149, 11.685018656716419 ], [ 76.639943313840149, 11.685288134328358 ], [ 76.638595847953212, 11.685288134328358 ], [ 76.638595847953212, 11.685557611940299 ], [ 76.638865341130597, 11.685557611940299 ], [ 76.638865341130597, 11.685827089552239 ], [ 76.639134834307981, 11.685827089552239 ], [ 76.639134834307981, 11.68636604477612 ], [ 76.63940432748538, 11.68636604477612 ], [ 76.63940432748538, 11.687174477611942 ], [ 76.639134834307981, 11.687174477611942 ], [ 76.639134834307981, 11.687443955223882 ], [ 76.638326354775828, 11.687443955223882 ], [ 76.638326354775828, 11.687713432835821 ], [ 76.638056861598429, 11.687713432835821 ], [ 76.638056861598429, 11.688252388059702 ], [ 76.638326354775828, 11.688252388059702 ], [ 76.638326354775828, 11.688521865671643 ], [ 76.63940432748538, 11.688521865671643 ], [ 76.63940432748538, 11.688791343283583 ] ], [ [ 76.563137758284597, 11.688521865671643 ], [ 76.563407251461982, 11.688521865671643 ], [ 76.563407251461982, 11.688252388059702 ], [ 76.563137758284597, 11.688252388059702 ], [ 76.563137758284597, 11.688521865671643 ] ], [ [ 76.574725964912275, 11.688252388059702 ], [ 76.57499545808966, 11.688252388059702 ], [ 76.57499545808966, 11.687982910447761 ], [ 76.574725964912275, 11.687982910447761 ], [ 76.574725964912275, 11.688252388059702 ] ], [ [ 76.577959883040933, 11.688252388059702 ], [ 76.578229376218317, 11.688252388059702 ], [ 76.578229376218317, 11.687982910447761 ], [ 76.577959883040933, 11.687982910447761 ], [ 76.577959883040933, 11.688252388059702 ] ], [ [ 76.579576842105254, 11.688252388059702 ], [ 76.580385321637422, 11.688252388059702 ], [ 76.580385321637422, 11.687443955223882 ], [ 76.580924307992191, 11.687443955223882 ], [ 76.580924307992191, 11.687713432835821 ], [ 76.581463294346975, 11.687713432835821 ], [ 76.581463294346975, 11.687982910447761 ], [ 76.581732787524359, 11.687982910447761 ], [ 76.581732787524359, 11.687443955223882 ], [ 76.581463294346975, 11.687443955223882 ], [ 76.581463294346975, 11.687174477611942 ], [ 76.580924307992191, 11.687174477611942 ], [ 76.580924307992191, 11.686905 ], [ 76.580385321637422, 11.686905 ], [ 76.580385321637422, 11.686635522388061 ], [ 76.579846335282653, 11.686635522388061 ], [ 76.579846335282653, 11.68636604477612 ], [ 76.580654814814807, 11.68636604477612 ], [ 76.580654814814807, 11.68609656716418 ], [ 76.580924307992191, 11.68609656716418 ], [ 76.580924307992191, 11.685827089552239 ], [ 76.581463294346975, 11.685827089552239 ], [ 76.581463294346975, 11.685557611940299 ], [ 76.579846335282653, 11.685557611940299 ], [ 76.579846335282653, 11.685827089552239 ], [ 76.57930734892787, 11.685827089552239 ], [ 76.57930734892787, 11.685288134328358 ], [ 76.578229376218317, 11.685288134328358 ], [ 76.578229376218317, 11.685557611940299 ], [ 76.577959883040933, 11.685557611940299 ], [ 76.577959883040933, 11.685827089552239 ], [ 76.577690389863548, 11.685827089552239 ], [ 76.577690389863548, 11.68609656716418 ], [ 76.578229376218317, 11.68609656716418 ], [ 76.578229376218317, 11.685827089552239 ], [ 76.578498869395702, 11.685827089552239 ], [ 76.578498869395702, 11.685557611940299 ], [ 76.578768362573101, 11.685557611940299 ], [ 76.578768362573101, 11.68609656716418 ], [ 76.579037855750485, 11.68609656716418 ], [ 76.579037855750485, 11.68636604477612 ], [ 76.578768362573101, 11.68636604477612 ], [ 76.578768362573101, 11.687174477611942 ], [ 76.579576842105254, 11.687174477611942 ], [ 76.579576842105254, 11.687713432835821 ], [ 76.579846335282653, 11.687713432835821 ], [ 76.579846335282653, 11.687982910447761 ], [ 76.579576842105254, 11.687982910447761 ], [ 76.579576842105254, 11.688252388059702 ] ], [ [ 76.551010565302136, 11.687982910447761 ], [ 76.551280058479534, 11.687982910447761 ], [ 76.551280058479534, 11.687713432835821 ], [ 76.551549551656919, 11.687713432835821 ], [ 76.551549551656919, 11.687443955223882 ], [ 76.551280058479534, 11.687443955223882 ], [ 76.551280058479534, 11.687174477611942 ], [ 76.551010565302136, 11.687174477611942 ], [ 76.551010565302136, 11.687982910447761 ] ], [ [ 76.531607056530206, 11.687443955223882 ], [ 76.531876549707604, 11.687443955223882 ], [ 76.531876549707604, 11.687174477611942 ], [ 76.531607056530206, 11.687174477611942 ], [ 76.531607056530206, 11.687443955223882 ] ], [ [ 76.563676744639366, 11.687443955223882 ], [ 76.563946237816765, 11.687443955223882 ], [ 76.563946237816765, 11.687174477611942 ], [ 76.56421573099415, 11.687174477611942 ], [ 76.56421573099415, 11.686905 ], [ 76.563676744639366, 11.686905 ], [ 76.563676744639366, 11.687443955223882 ] ], [ [ 76.574456471734891, 11.687443955223882 ], [ 76.574725964912275, 11.687443955223882 ], [ 76.574725964912275, 11.686905 ], [ 76.574456471734891, 11.686905 ], [ 76.574456471734891, 11.687443955223882 ] ], [ [ 76.577959883040933, 11.687443955223882 ], [ 76.578498869395702, 11.687443955223882 ], [ 76.578498869395702, 11.686905 ], [ 76.577959883040933, 11.686905 ], [ 76.577959883040933, 11.687443955223882 ] ], [ [ 76.629163586744639, 11.687174477611942 ], [ 76.629433079922023, 11.687174477611942 ], [ 76.629433079922023, 11.686905 ], [ 76.629163586744639, 11.686905 ], [ 76.629163586744639, 11.687174477611942 ] ], [ [ 76.545620701754387, 11.686905 ], [ 76.545890194931772, 11.686905 ], [ 76.545890194931772, 11.68636604477612 ], [ 76.545620701754387, 11.68636604477612 ], [ 76.545620701754387, 11.686905 ] ], [ [ 76.584966705653017, 11.686905 ], [ 76.585236198830401, 11.686905 ], [ 76.585236198830401, 11.686635522388061 ], [ 76.5855056920078, 11.686635522388061 ], [ 76.5855056920078, 11.68636604477612 ], [ 76.585775185185184, 11.68636604477612 ], [ 76.585775185185184, 11.685827089552239 ], [ 76.5855056920078, 11.685827089552239 ], [ 76.5855056920078, 11.685557611940299 ], [ 76.585236198830401, 11.685557611940299 ], [ 76.585236198830401, 11.685827089552239 ], [ 76.584966705653017, 11.685827089552239 ], [ 76.584966705653017, 11.68636604477612 ], [ 76.584697212475632, 11.68636604477612 ], [ 76.584697212475632, 11.686635522388061 ], [ 76.584966705653017, 11.686635522388061 ], [ 76.584966705653017, 11.686905 ] ], [ [ 76.62889409356724, 11.686905 ], [ 76.629163586744639, 11.686905 ], [ 76.629163586744639, 11.686635522388061 ], [ 76.62889409356724, 11.686635522388061 ], [ 76.62889409356724, 11.686905 ] ], [ [ 76.551010565302136, 11.686635522388061 ], [ 76.551280058479534, 11.686635522388061 ], [ 76.551280058479534, 11.68609656716418 ], [ 76.551549551656919, 11.68609656716418 ], [ 76.551549551656919, 11.685827089552239 ], [ 76.551010565302136, 11.685827089552239 ], [ 76.551010565302136, 11.686635522388061 ] ], [ [ 76.576342923976597, 11.686635522388061 ], [ 76.576612417153996, 11.686635522388061 ], [ 76.576612417153996, 11.68636604477612 ], [ 76.57688191033138, 11.68636604477612 ], [ 76.57688191033138, 11.685827089552239 ], [ 76.576612417153996, 11.685827089552239 ], [ 76.576612417153996, 11.68609656716418 ], [ 76.576342923976597, 11.68609656716418 ], [ 76.576342923976597, 11.686635522388061 ] ], [ [ 76.545081715399604, 11.68636604477612 ], [ 76.545351208576989, 11.68636604477612 ], [ 76.545351208576989, 11.68609656716418 ], [ 76.545081715399604, 11.68609656716418 ], [ 76.545081715399604, 11.68636604477612 ] ], [ [ 76.566641169590639, 11.68636604477612 ], [ 76.566910662768024, 11.68636604477612 ], [ 76.566910662768024, 11.68609656716418 ], [ 76.566641169590639, 11.68609656716418 ], [ 76.566641169590639, 11.68636604477612 ] ], [ [ 76.528642631578947, 11.68609656716418 ], [ 76.528912124756332, 11.68609656716418 ], [ 76.528912124756332, 11.685827089552239 ], [ 76.529451111111101, 11.685827089552239 ], [ 76.529451111111101, 11.685288134328358 ], [ 76.529181617933716, 11.685288134328358 ], [ 76.529181617933716, 11.685557611940299 ], [ 76.528103645224164, 11.685557611940299 ], [ 76.528103645224164, 11.685827089552239 ], [ 76.528642631578947, 11.685827089552239 ], [ 76.528642631578947, 11.68609656716418 ] ], [ [ 76.574186978557506, 11.68609656716418 ], [ 76.57499545808966, 11.68609656716418 ], [ 76.57499545808966, 11.685018656716419 ], [ 76.574456471734891, 11.685018656716419 ], [ 76.574456471734891, 11.685557611940299 ], [ 76.574186978557506, 11.685557611940299 ], [ 76.574186978557506, 11.68609656716418 ] ], [ [ 76.628624600389855, 11.68609656716418 ], [ 76.62889409356724, 11.68609656716418 ], [ 76.62889409356724, 11.685557611940299 ], [ 76.628624600389855, 11.685557611940299 ], [ 76.628624600389855, 11.68609656716418 ] ], [ [ 76.570683567251464, 11.685557611940299 ], [ 76.570953060428849, 11.685557611940299 ], [ 76.570953060428849, 11.685288134328358 ], [ 76.570683567251464, 11.685288134328358 ], [ 76.570683567251464, 11.685557611940299 ] ], [ [ 76.581463294346975, 11.685288134328358 ], [ 76.582271773879143, 11.685288134328358 ], [ 76.582271773879143, 11.685018656716419 ], [ 76.582002280701744, 11.685018656716419 ], [ 76.582002280701744, 11.684479701492538 ], [ 76.583080253411296, 11.684479701492538 ], [ 76.583080253411296, 11.684749179104479 ], [ 76.583349746588695, 11.684749179104479 ], [ 76.583349746588695, 11.685018656716419 ], [ 76.58361923976608, 11.685018656716419 ], [ 76.58361923976608, 11.685288134328358 ], [ 76.583888732943464, 11.685288134328358 ], [ 76.583888732943464, 11.685018656716419 ], [ 76.584427719298247, 11.685018656716419 ], [ 76.584427719298247, 11.684749179104479 ], [ 76.584697212475632, 11.684749179104479 ], [ 76.584697212475632, 11.684479701492538 ], [ 76.58361923976608, 11.684479701492538 ], [ 76.58361923976608, 11.684210223880598 ], [ 76.583080253411296, 11.684210223880598 ], [ 76.583080253411296, 11.683940746268657 ], [ 76.582541267056527, 11.683940746268657 ], [ 76.582541267056527, 11.684210223880598 ], [ 76.581732787524359, 11.684210223880598 ], [ 76.581732787524359, 11.684479701492538 ], [ 76.58119380116959, 11.684479701492538 ], [ 76.58119380116959, 11.685018656716419 ], [ 76.581463294346975, 11.685018656716419 ], [ 76.581463294346975, 11.685288134328358 ] ], [ [ 76.586314171539954, 11.685288134328358 ], [ 76.586583664717338, 11.685288134328358 ], [ 76.586583664717338, 11.685018656716419 ], [ 76.586314171539954, 11.685018656716419 ], [ 76.586314171539954, 11.685288134328358 ] ], [ [ 76.588470116959058, 11.685288134328358 ], [ 76.588739610136443, 11.685288134328358 ], [ 76.588739610136443, 11.685018656716419 ], [ 76.588470116959058, 11.685018656716419 ], [ 76.588470116959058, 11.685288134328358 ] ], [ [ 76.551010565302136, 11.684749179104479 ], [ 76.551280058479534, 11.684749179104479 ], [ 76.551280058479534, 11.683940746268657 ], [ 76.551010565302136, 11.683940746268657 ], [ 76.551010565302136, 11.684749179104479 ] ], [ [ 76.569875087719296, 11.684479701492538 ], [ 76.570414074074066, 11.684479701492538 ], [ 76.570414074074066, 11.684210223880598 ], [ 76.569875087719296, 11.684210223880598 ], [ 76.569875087719296, 11.684479701492538 ] ], [ [ 76.576612417153996, 11.684479701492538 ], [ 76.577151403508765, 11.684479701492538 ], [ 76.577151403508765, 11.684210223880598 ], [ 76.57688191033138, 11.684210223880598 ], [ 76.57688191033138, 11.683940746268657 ], [ 76.576612417153996, 11.683940746268657 ], [ 76.576612417153996, 11.684479701492538 ] ], [ [ 76.591165048732933, 11.684479701492538 ], [ 76.591434541910331, 11.684479701492538 ], [ 76.591434541910331, 11.684210223880598 ], [ 76.591165048732933, 11.684210223880598 ], [ 76.591165048732933, 11.684479701492538 ] ], [ [ 76.569336101364513, 11.684210223880598 ], [ 76.569875087719296, 11.684210223880598 ], [ 76.569875087719296, 11.683940746268657 ], [ 76.569605594541912, 11.683940746268657 ], [ 76.569605594541912, 11.683401791044776 ], [ 76.569336101364513, 11.683401791044776 ], [ 76.569336101364513, 11.684210223880598 ] ], [ [ 76.58361923976608, 11.684210223880598 ], [ 76.584427719298247, 11.684210223880598 ], [ 76.584427719298247, 11.683940746268657 ], [ 76.583888732943464, 11.683940746268657 ], [ 76.583888732943464, 11.683401791044776 ], [ 76.58361923976608, 11.683401791044776 ], [ 76.58361923976608, 11.684210223880598 ] ], [ [ 76.608951598440541, 11.684210223880598 ], [ 76.60949058479531, 11.684210223880598 ], [ 76.60949058479531, 11.683940746268657 ], [ 76.608951598440541, 11.683940746268657 ], [ 76.608951598440541, 11.684210223880598 ] ], [ [ 76.573647992202723, 11.683940746268657 ], [ 76.573917485380107, 11.683940746268657 ], [ 76.573917485380107, 11.683401791044776 ], [ 76.573378499025338, 11.683401791044776 ], [ 76.573378499025338, 11.683671268656717 ], [ 76.573647992202723, 11.683671268656717 ], [ 76.573647992202723, 11.683940746268657 ] ], [ [ 76.605448187134499, 11.683940746268657 ], [ 76.605717680311884, 11.683940746268657 ], [ 76.605717680311884, 11.683671268656717 ], [ 76.605987173489268, 11.683671268656717 ], [ 76.605987173489268, 11.683940746268657 ], [ 76.606256666666667, 11.683940746268657 ], [ 76.606256666666667, 11.682862835820897 ], [ 76.605987173489268, 11.682862835820897 ], [ 76.605987173489268, 11.683132313432836 ], [ 76.605448187134499, 11.683132313432836 ], [ 76.605448187134499, 11.683940746268657 ] ], [ [ 76.608412612085772, 11.683940746268657 ], [ 76.608951598440541, 11.683940746268657 ], [ 76.608951598440541, 11.683671268656717 ], [ 76.608412612085772, 11.683671268656717 ], [ 76.608412612085772, 11.683940746268657 ] ], [ [ 76.583080253411296, 11.683671268656717 ], [ 76.583349746588695, 11.683671268656717 ], [ 76.583349746588695, 11.683401791044776 ], [ 76.583080253411296, 11.683401791044776 ], [ 76.583080253411296, 11.683671268656717 ] ], [ [ 76.525678206627674, 11.683401791044776 ], [ 76.525947699805059, 11.683401791044776 ], [ 76.525947699805059, 11.683132313432836 ], [ 76.525678206627674, 11.683132313432836 ], [ 76.525678206627674, 11.683401791044776 ] ], [ [ 76.537266413255352, 11.683401791044776 ], [ 76.537535906432751, 11.683401791044776 ], [ 76.537535906432751, 11.683132313432836 ], [ 76.537266413255352, 11.683132313432836 ], [ 76.537266413255352, 11.683401791044776 ] ], [ [ 76.551280058479534, 11.683401791044776 ], [ 76.551549551656919, 11.683401791044776 ], [ 76.551549551656919, 11.682593358208957 ], [ 76.551819044834303, 11.682593358208957 ], [ 76.551819044834303, 11.682054402985075 ], [ 76.551280058479534, 11.682054402985075 ], [ 76.551280058479534, 11.682323880597016 ], [ 76.551010565302136, 11.682323880597016 ], [ 76.551010565302136, 11.682862835820897 ], [ 76.551280058479534, 11.682862835820897 ], [ 76.551280058479534, 11.683401791044776 ] ], [ [ 76.567180155945408, 11.683401791044776 ], [ 76.567449649122807, 11.683401791044776 ], [ 76.567449649122807, 11.683132313432836 ], [ 76.567180155945408, 11.683132313432836 ], [ 76.567180155945408, 11.683401791044776 ] ], [ [ 76.571492046783618, 11.683401791044776 ], [ 76.572031033138401, 11.683401791044776 ], [ 76.572031033138401, 11.683132313432836 ], [ 76.573647992202723, 11.683132313432836 ], [ 76.573647992202723, 11.682862835820897 ], [ 76.571492046783618, 11.682862835820897 ], [ 76.571492046783618, 11.683401791044776 ] ], [ [ 76.607873625730988, 11.683401791044776 ], [ 76.608412612085772, 11.683401791044776 ], [ 76.608412612085772, 11.683132313432836 ], [ 76.607873625730988, 11.683132313432836 ], [ 76.607873625730988, 11.683401791044776 ] ], [ [ 76.617036393762177, 11.683401791044776 ], [ 76.617305886939562, 11.683401791044776 ], [ 76.617305886939562, 11.683132313432836 ], [ 76.617036393762177, 11.683132313432836 ], [ 76.617036393762177, 11.683401791044776 ] ], [ [ 76.628624600389855, 11.683401791044776 ], [ 76.62889409356724, 11.683401791044776 ], [ 76.62889409356724, 11.682862835820897 ], [ 76.628624600389855, 11.682862835820897 ], [ 76.628624600389855, 11.683401791044776 ] ], [ [ 76.526756179337227, 11.683132313432836 ], [ 76.52729516569201, 11.683132313432836 ], [ 76.52729516569201, 11.682862835820897 ], [ 76.526756179337227, 11.682862835820897 ], [ 76.526756179337227, 11.683132313432836 ] ], [ [ 76.542117290448346, 11.683132313432836 ], [ 76.54238678362573, 11.683132313432836 ], [ 76.54238678362573, 11.682593358208957 ], [ 76.542117290448346, 11.682593358208957 ], [ 76.542117290448346, 11.683132313432836 ] ], [ [ 76.567449649122807, 11.683132313432836 ], [ 76.567719142300191, 11.683132313432836 ], [ 76.567719142300191, 11.682862835820897 ], [ 76.567449649122807, 11.682862835820897 ], [ 76.567449649122807, 11.683132313432836 ] ], [ [ 76.607334639376219, 11.683132313432836 ], [ 76.607873625730988, 11.683132313432836 ], [ 76.607873625730988, 11.682862835820897 ], [ 76.607334639376219, 11.682862835820897 ], [ 76.607334639376219, 11.683132313432836 ] ], [ [ 76.526486686159842, 11.682862835820897 ], [ 76.526756179337227, 11.682862835820897 ], [ 76.526756179337227, 11.682593358208957 ], [ 76.526486686159842, 11.682593358208957 ], [ 76.526486686159842, 11.682862835820897 ] ], [ [ 76.570953060428849, 11.682862835820897 ], [ 76.571222553606233, 11.682862835820897 ], [ 76.571222553606233, 11.682323880597016 ], [ 76.570953060428849, 11.682323880597016 ], [ 76.570953060428849, 11.682054402985075 ], [ 76.570144580896681, 11.682054402985075 ], [ 76.570144580896681, 11.681784925373135 ], [ 76.569875087719296, 11.681784925373135 ], [ 76.569875087719296, 11.681245970149254 ], [ 76.569605594541912, 11.681245970149254 ], [ 76.569605594541912, 11.681515447761194 ], [ 76.569336101364513, 11.681515447761194 ], [ 76.569336101364513, 11.681784925373135 ], [ 76.569605594541912, 11.681784925373135 ], [ 76.569605594541912, 11.682054402985075 ], [ 76.569875087719296, 11.682054402985075 ], [ 76.569875087719296, 11.682323880597016 ], [ 76.570414074074066, 11.682323880597016 ], [ 76.570414074074066, 11.682593358208957 ], [ 76.570953060428849, 11.682593358208957 ], [ 76.570953060428849, 11.682862835820897 ] ], [ [ 76.607065146198821, 11.682862835820897 ], [ 76.607334639376219, 11.682862835820897 ], [ 76.607334639376219, 11.682593358208957 ], [ 76.607065146198821, 11.682593358208957 ], [ 76.607065146198821, 11.682862835820897 ] ], [ [ 76.529451111111101, 11.682593358208957 ], [ 76.529720604288499, 11.682593358208957 ], [ 76.529720604288499, 11.682323880597016 ], [ 76.529451111111101, 11.682323880597016 ], [ 76.529451111111101, 11.682593358208957 ] ], [ [ 76.545351208576989, 11.682593358208957 ], [ 76.545620701754387, 11.682593358208957 ], [ 76.545620701754387, 11.682323880597016 ], [ 76.545351208576989, 11.682323880597016 ], [ 76.545351208576989, 11.682593358208957 ] ], [ [ 76.568797115009744, 11.682593358208957 ], [ 76.569066608187129, 11.682593358208957 ], [ 76.569066608187129, 11.682054402985075 ], [ 76.568797115009744, 11.682054402985075 ], [ 76.568797115009744, 11.682593358208957 ] ], [ [ 76.578498869395702, 11.682593358208957 ], [ 76.57930734892787, 11.682593358208957 ], [ 76.57930734892787, 11.682054402985075 ], [ 76.579037855750485, 11.682054402985075 ], [ 76.579037855750485, 11.682323880597016 ], [ 76.578498869395702, 11.682323880597016 ], [ 76.578498869395702, 11.682593358208957 ] ], [ [ 76.579576842105254, 11.682593358208957 ], [ 76.580115828460038, 11.682593358208957 ], [ 76.580115828460038, 11.682323880597016 ], [ 76.579576842105254, 11.682323880597016 ], [ 76.579576842105254, 11.682593358208957 ] ], [ [ 76.581463294346975, 11.682593358208957 ], [ 76.581732787524359, 11.682593358208957 ], [ 76.581732787524359, 11.681784925373135 ], [ 76.581463294346975, 11.681784925373135 ], [ 76.581463294346975, 11.682054402985075 ], [ 76.58119380116959, 11.682054402985075 ], [ 76.58119380116959, 11.681784925373135 ], [ 76.580924307992191, 11.681784925373135 ], [ 76.580924307992191, 11.682323880597016 ], [ 76.581463294346975, 11.682323880597016 ], [ 76.581463294346975, 11.682593358208957 ] ], [ [ 76.582810760233912, 11.682593358208957 ], [ 76.583080253411296, 11.682593358208957 ], [ 76.583080253411296, 11.682323880597016 ], [ 76.582810760233912, 11.682323880597016 ], [ 76.582810760233912, 11.682593358208957 ] ], [ [ 76.606526159844051, 11.682593358208957 ], [ 76.607065146198821, 11.682593358208957 ], [ 76.607065146198821, 11.682323880597016 ], [ 76.606795653021436, 11.682323880597016 ], [ 76.606795653021436, 11.682054402985075 ], [ 76.606526159844051, 11.682054402985075 ], [ 76.606526159844051, 11.682593358208957 ] ], [ [ 76.535649454191031, 11.682323880597016 ], [ 76.535918947368415, 11.682323880597016 ], [ 76.535918947368415, 11.682054402985075 ], [ 76.535649454191031, 11.682054402985075 ], [ 76.535649454191031, 11.682323880597016 ] ], [ [ 76.5361884405458, 11.682323880597016 ], [ 76.536727426900583, 11.682323880597016 ], [ 76.536727426900583, 11.681515447761194 ], [ 76.5361884405458, 11.681515447761194 ], [ 76.5361884405458, 11.680976492537313 ], [ 76.535918947368415, 11.680976492537313 ], [ 76.535918947368415, 11.682054402985075 ], [ 76.5361884405458, 11.682054402985075 ], [ 76.5361884405458, 11.682323880597016 ] ], [ [ 76.580385321637422, 11.682323880597016 ], [ 76.580654814814807, 11.682323880597016 ], [ 76.580654814814807, 11.681784925373135 ], [ 76.580385321637422, 11.681784925373135 ], [ 76.580385321637422, 11.682323880597016 ] ], [ [ 76.608682105263156, 11.682323880597016 ], [ 76.608951598440541, 11.682323880597016 ], [ 76.608951598440541, 11.682054402985075 ], [ 76.608682105263156, 11.682054402985075 ], [ 76.608682105263156, 11.682323880597016 ] ], [ [ 76.568258128654961, 11.682054402985075 ], [ 76.568527621832359, 11.682054402985075 ], [ 76.568527621832359, 11.681784925373135 ], [ 76.568258128654961, 11.681784925373135 ], [ 76.568258128654961, 11.682054402985075 ] ], [ [ 76.608412612085772, 11.682054402985075 ], [ 76.608682105263156, 11.682054402985075 ], [ 76.608682105263156, 11.681784925373135 ], [ 76.608412612085772, 11.681784925373135 ], [ 76.608412612085772, 11.682054402985075 ] ], [ [ 76.532954522417157, 11.681784925373135 ], [ 76.533224015594541, 11.681784925373135 ], [ 76.533224015594541, 11.681245970149254 ], [ 76.532954522417157, 11.681245970149254 ], [ 76.532954522417157, 11.681784925373135 ] ], [ [ 76.548315633528262, 11.681784925373135 ], [ 76.548585126705646, 11.681784925373135 ], [ 76.548585126705646, 11.681515447761194 ], [ 76.548315633528262, 11.681515447761194 ], [ 76.548315633528262, 11.681784925373135 ] ], [ [ 76.582810760233912, 11.681784925373135 ], [ 76.583349746588695, 11.681784925373135 ], [ 76.583349746588695, 11.681515447761194 ], [ 76.583080253411296, 11.681515447761194 ], [ 76.583080253411296, 11.680976492537313 ], [ 76.582810760233912, 11.680976492537313 ], [ 76.582810760233912, 11.681784925373135 ] ], [ [ 76.609221091617925, 11.681784925373135 ], [ 76.60949058479531, 11.681784925373135 ], [ 76.60949058479531, 11.681515447761194 ], [ 76.609221091617925, 11.681515447761194 ], [ 76.609221091617925, 11.681784925373135 ] ], [ [ 76.524869727095506, 11.681515447761194 ], [ 76.525139220272905, 11.681515447761194 ], [ 76.525139220272905, 11.681245970149254 ], [ 76.524869727095506, 11.681245970149254 ], [ 76.524869727095506, 11.681515447761194 ] ], [ [ 76.542925769980499, 11.681515447761194 ], [ 76.543195263157884, 11.681515447761194 ], [ 76.543195263157884, 11.681245970149254 ], [ 76.542925769980499, 11.681245970149254 ], [ 76.542925769980499, 11.681515447761194 ] ], [ [ 76.568797115009744, 11.681515447761194 ], [ 76.569066608187129, 11.681515447761194 ], [ 76.569066608187129, 11.680976492537313 ], [ 76.568797115009744, 11.680976492537313 ], [ 76.568797115009744, 11.680707014925375 ], [ 76.568527621832359, 11.680707014925375 ], [ 76.568527621832359, 11.680437537313434 ], [ 76.568258128654961, 11.680437537313434 ], [ 76.568258128654961, 11.680976492537313 ], [ 76.568527621832359, 11.680976492537313 ], [ 76.568527621832359, 11.681245970149254 ], [ 76.568797115009744, 11.681245970149254 ], [ 76.568797115009744, 11.681515447761194 ] ], [ [ 76.584158226120849, 11.681515447761194 ], [ 76.584427719298247, 11.681515447761194 ], [ 76.584427719298247, 11.681245970149254 ], [ 76.584158226120849, 11.681245970149254 ], [ 76.584158226120849, 11.681515447761194 ] ], [ [ 76.612455009746583, 11.681245970149254 ], [ 76.612724502923967, 11.681245970149254 ], [ 76.612724502923967, 11.680707014925375 ], [ 76.612185516569198, 11.680707014925375 ], [ 76.612185516569198, 11.680976492537313 ], [ 76.612455009746583, 11.680976492537313 ], [ 76.612455009746583, 11.681245970149254 ] ], [ [ 76.613532982456135, 11.681245970149254 ], [ 76.61380247563352, 11.681245970149254 ], [ 76.61380247563352, 11.680976492537313 ], [ 76.613532982456135, 11.680976492537313 ], [ 76.613532982456135, 11.681245970149254 ] ], [ [ 76.583888732943464, 11.680976492537313 ], [ 76.584427719298247, 11.680976492537313 ], [ 76.584427719298247, 11.680437537313434 ], [ 76.583888732943464, 11.680437537313434 ], [ 76.583888732943464, 11.680976492537313 ] ], [ [ 76.640751793372317, 11.680976492537313 ], [ 76.641021286549702, 11.680976492537313 ], [ 76.641021286549702, 11.680707014925375 ], [ 76.640751793372317, 11.680707014925375 ], [ 76.640751793372317, 11.680976492537313 ] ], [ [ 76.5361884405458, 11.680707014925375 ], [ 76.536457933723199, 11.680707014925375 ], [ 76.536457933723199, 11.680437537313434 ], [ 76.5361884405458, 11.680437537313434 ], [ 76.5361884405458, 11.680707014925375 ] ], [ [ 76.569336101364513, 11.680707014925375 ], [ 76.569605594541912, 11.680707014925375 ], [ 76.569605594541912, 11.679898582089553 ], [ 76.569875087719296, 11.679898582089553 ], [ 76.569875087719296, 11.679629104477613 ], [ 76.570414074074066, 11.679629104477613 ], [ 76.570414074074066, 11.678820671641791 ], [ 76.569875087719296, 11.678820671641791 ], [ 76.569875087719296, 11.678012238805971 ], [ 76.569066608187129, 11.678012238805971 ], [ 76.569066608187129, 11.678551194029852 ], [ 76.568797115009744, 11.678551194029852 ], [ 76.568797115009744, 11.678281716417912 ], [ 76.568258128654961, 11.678281716417912 ], [ 76.568258128654961, 11.67747328358209 ], [ 76.567719142300191, 11.67747328358209 ], [ 76.567719142300191, 11.677742761194031 ], [ 76.567180155945408, 11.677742761194031 ], [ 76.567180155945408, 11.678012238805971 ], [ 76.566910662768024, 11.678012238805971 ], [ 76.566910662768024, 11.678551194029852 ], [ 76.567180155945408, 11.678551194029852 ], [ 76.567180155945408, 11.678820671641791 ], [ 76.567449649122807, 11.678820671641791 ], [ 76.567449649122807, 11.679090149253732 ], [ 76.567719142300191, 11.679090149253732 ], [ 76.567719142300191, 11.679629104477613 ], [ 76.567988635477576, 11.679629104477613 ], [ 76.567988635477576, 11.679898582089553 ], [ 76.568527621832359, 11.679898582089553 ], [ 76.568527621832359, 11.680437537313434 ], [ 76.569336101364513, 11.680437537313434 ], [ 76.569336101364513, 11.680707014925375 ] ], [ [ 76.610838050682261, 11.680707014925375 ], [ 76.61137703703703, 11.680707014925375 ], [ 76.61137703703703, 11.679629104477613 ], [ 76.611107543859646, 11.679629104477613 ], [ 76.611107543859646, 11.679898582089553 ], [ 76.610838050682261, 11.679898582089553 ], [ 76.610838050682261, 11.680168059701494 ], [ 76.610299064327478, 11.680168059701494 ], [ 76.610299064327478, 11.680437537313434 ], [ 76.610838050682261, 11.680437537313434 ], [ 76.610838050682261, 11.680707014925375 ] ], [ [ 76.640482300194932, 11.680707014925375 ], [ 76.640751793372317, 11.680707014925375 ], [ 76.640751793372317, 11.680437537313434 ], [ 76.640482300194932, 11.680437537313434 ], [ 76.640482300194932, 11.680707014925375 ] ], [ [ 76.546159688109157, 11.680168059701494 ], [ 76.546429181286541, 11.680168059701494 ], [ 76.546429181286541, 11.679898582089553 ], [ 76.546159688109157, 11.679898582089553 ], [ 76.546159688109157, 11.680168059701494 ] ], [ [ 76.54669867446394, 11.680168059701494 ], [ 76.546968167641324, 11.680168059701494 ], [ 76.546968167641324, 11.679898582089553 ], [ 76.54669867446394, 11.679898582089553 ], [ 76.54669867446394, 11.680168059701494 ] ], [ [ 76.625929668615981, 11.680168059701494 ], [ 76.626199161793366, 11.680168059701494 ], [ 76.626199161793366, 11.679898582089553 ], [ 76.625929668615981, 11.679898582089553 ], [ 76.625929668615981, 11.680168059701494 ] ], [ [ 76.570953060428849, 11.679898582089553 ], [ 76.571222553606233, 11.679898582089553 ], [ 76.571222553606233, 11.679359626865672 ], [ 76.570953060428849, 11.679359626865672 ], [ 76.570953060428849, 11.679898582089553 ] ], [ [ 76.581732787524359, 11.679898582089553 ], [ 76.582002280701744, 11.679898582089553 ], [ 76.582002280701744, 11.679359626865672 ], [ 76.581732787524359, 11.679359626865672 ], [ 76.581732787524359, 11.679898582089553 ] ], [ [ 76.586853157894737, 11.679898582089553 ], [ 76.587661637426891, 11.679898582089553 ], [ 76.587661637426891, 11.679629104477613 ], [ 76.587122651072121, 11.679629104477613 ], [ 76.587122651072121, 11.679359626865672 ], [ 76.586853157894737, 11.679359626865672 ], [ 76.586853157894737, 11.679898582089553 ] ], [ [ 76.611646530214415, 11.679898582089553 ], [ 76.611916023391814, 11.679898582089553 ], [ 76.611916023391814, 11.679629104477613 ], [ 76.611646530214415, 11.679629104477613 ], [ 76.611646530214415, 11.679898582089553 ] ], [ [ 76.61380247563352, 11.679898582089553 ], [ 76.614341461988303, 11.679898582089553 ], [ 76.614341461988303, 11.679359626865672 ], [ 76.61380247563352, 11.679359626865672 ], [ 76.61380247563352, 11.679898582089553 ] ], [ [ 76.566910662768024, 11.679629104477613 ], [ 76.567180155945408, 11.679629104477613 ], [ 76.567180155945408, 11.679359626865672 ], [ 76.566910662768024, 11.679359626865672 ], [ 76.566910662768024, 11.679629104477613 ] ], [ [ 76.539961345029241, 11.678551194029852 ], [ 76.540769824561394, 11.678551194029852 ], [ 76.540769824561394, 11.678012238805971 ], [ 76.54050033138401, 11.678012238805971 ], [ 76.54050033138401, 11.678281716417912 ], [ 76.539961345029241, 11.678281716417912 ], [ 76.539961345029241, 11.678551194029852 ] ], [ [ 76.583888732943464, 11.678551194029852 ], [ 76.584158226120849, 11.678551194029852 ], [ 76.584158226120849, 11.678281716417912 ], [ 76.583888732943464, 11.678281716417912 ], [ 76.583888732943464, 11.678551194029852 ] ], [ [ 76.573917485380107, 11.678281716417912 ], [ 76.574186978557506, 11.678281716417912 ], [ 76.574186978557506, 11.678012238805971 ], [ 76.573917485380107, 11.678012238805971 ], [ 76.573917485380107, 11.678281716417912 ] ], [ [ 76.537266413255352, 11.678012238805971 ], [ 76.53807489278752, 11.678012238805971 ], [ 76.53807489278752, 11.677742761194031 ], [ 76.537805399610136, 11.677742761194031 ], [ 76.537805399610136, 11.67747328358209 ], [ 76.536996920077968, 11.67747328358209 ], [ 76.536996920077968, 11.677742761194031 ], [ 76.537266413255352, 11.677742761194031 ], [ 76.537266413255352, 11.678012238805971 ] ], [ [ 76.581732787524359, 11.678012238805971 ], [ 76.582002280701744, 11.678012238805971 ], [ 76.582002280701744, 11.67720380597015 ], [ 76.581463294346975, 11.67720380597015 ], [ 76.581463294346975, 11.67747328358209 ], [ 76.581732787524359, 11.67747328358209 ], [ 76.581732787524359, 11.678012238805971 ] ], [ [ 76.608143118908373, 11.67720380597015 ], [ 76.608412612085772, 11.67720380597015 ], [ 76.608412612085772, 11.676934328358209 ], [ 76.608143118908373, 11.676934328358209 ], [ 76.608143118908373, 11.67720380597015 ] ], [ [ 76.565832690058471, 11.675586940298508 ], [ 76.56610218323587, 11.675586940298508 ], [ 76.56610218323587, 11.675317462686568 ], [ 76.565832690058471, 11.675317462686568 ], [ 76.565832690058471, 11.675586940298508 ] ] ] } },
{ "type": "Feature", "properties": { "fid": 811, "DN": 1 }, "geometry": { "type": "Polygon", "coordinates": [ [ [ 76.565563196881087, 11.675047985074627 ], [ 76.565563196881087, 11.674778507462687 ], [ 76.565293703703702, 11.674778507462687 ], [ 76.565293703703702, 11.674509029850746 ], [ 76.565832690058471, 11.674509029850746 ], [ 76.565832690058471, 11.675047985074627 ], [ 76.565563196881087, 11.675047985074627 ] ] ] } },
{ "type": "Feature", "properties": { "fid": 813, "DN": 1 }, "geometry": { "type": "Polygon", "coordinates": [ [ [ 76.580654814814807, 11.674509029850746 ], [ 76.580654814814807, 11.674239552238808 ], [ 76.580924307992191, 11.674239552238808 ], [ 76.580924307992191, 11.674509029850746 ], [ 76.580654814814807, 11.674509029850746 ] ] ] } },
{ "type": "Feature", "properties": { "fid": 814, "DN": 1 }, "geometry": { "type": "Polygon", "coordinates": [ [ [ 76.534032495126695, 11.673970074626867 ], [ 76.534032495126695, 11.673700597014927 ], [ 76.534301988304094, 11.673700597014927 ], [ 76.534301988304094, 11.673970074626867 ], [ 76.534032495126695, 11.673970074626867 ] ] ] } },
{ "type": "Feature", "properties": { "fid": 815, "DN": 1 }, "geometry": { "type": "Polygon", "coordinates": [ [ [ 76.551549551656919, 11.673700597014927 ], [ 76.551549551656919, 11.673431119402986 ], [ 76.552088538011688, 11.673431119402986 ], [ 76.552088538011688, 11.673700597014927 ], [ 76.551549551656919, 11.673700597014927 ] ] ] } },
{ "type": "Feature", "properties": { "fid": 816, "DN": 1 }, "geometry": { "type": "Polygon", "coordinates": [ [ [ 76.519479863547758, 11.680707014925375 ], [ 76.519479863547758, 11.680168059701494 ], [ 76.518940877192975, 11.680168059701494 ], [ 76.518940877192975, 11.679629104477613 ], [ 76.520288343079912, 11.679629104477613 ], [ 76.520288343079912, 11.679359626865672 ], [ 76.520827329434695, 11.679359626865672 ], [ 76.520827329434695, 11.679090149253732 ], [ 76.522174795321632, 11.679090149253732 ], [ 76.522174795321632, 11.679359626865672 ], [ 76.522713781676416, 11.679359626865672 ], [ 76.522713781676416, 11.678820671641791 ], [ 76.522444288499017, 11.678820671641791 ], [ 76.522444288499017, 11.678551194029852 ], [ 76.521905302144248, 11.678551194029852 ], [ 76.521905302144248, 11.678281716417912 ], [ 76.521366315789464, 11.678281716417912 ], [ 76.521366315789464, 11.678551194029852 ], [ 76.52109682261208, 11.678551194029852 ], [ 76.52109682261208, 11.678820671641791 ], [ 76.520288343079912, 11.678820671641791 ], [ 76.520288343079912, 11.678551194029852 ], [ 76.519749356725143, 11.678551194029852 ], [ 76.519749356725143, 11.678820671641791 ], [ 76.520018849902527, 11.678820671641791 ], [ 76.520018849902527, 11.679359626865672 ], [ 76.519210370370359, 11.679359626865672 ], [ 76.519210370370359, 11.678281716417912 ], [ 76.518940877192975, 11.678281716417912 ], [ 76.518940877192975, 11.677742761194031 ], [ 76.51867138401559, 11.677742761194031 ], [ 76.51867138401559, 11.67747328358209 ], [ 76.518401890838206, 11.67747328358209 ], [ 76.518401890838206, 11.67720380597015 ], [ 76.51867138401559, 11.67720380597015 ], [ 76.51867138401559, 11.676664850746269 ], [ 76.518940877192975, 11.676664850746269 ], [ 76.518940877192975, 11.67639537313433 ], [ 76.519210370370359, 11.67639537313433 ], [ 76.519210370370359, 11.676125895522389 ], [ 76.519479863547758, 11.676125895522389 ], [ 76.519479863547758, 11.675856417910449 ], [ 76.520018849902527, 11.675856417910449 ], [ 76.520018849902527, 11.675047985074627 ], [ 76.520557836257311, 11.675047985074627 ], [ 76.520557836257311, 11.674778507462687 ], [ 76.520827329434695, 11.674778507462687 ], [ 76.520827329434695, 11.674509029850746 ], [ 76.52109682261208, 11.674509029850746 ], [ 76.52109682261208, 11.673970074626867 ], [ 76.521635808966863, 11.673970074626867 ], [ 76.521635808966863, 11.673700597014927 ], [ 76.521905302144248, 11.673700597014927 ], [ 76.521905302144248, 11.673431119402986 ], [ 76.522444288499017, 11.673431119402986 ], [ 76.522444288499017, 11.673161641791046 ], [ 76.523252768031185, 11.673161641791046 ], [ 76.523252768031185, 11.673431119402986 ], [ 76.523522261208569, 11.673431119402986 ], [ 76.523522261208569, 11.673700597014927 ], [ 76.523791754385954, 11.673700597014927 ], [ 76.523791754385954, 11.673970074626867 ], [ 76.524330740740737, 11.673970074626867 ], [ 76.524330740740737, 11.673431119402986 ], [ 76.525139220272905, 11.673431119402986 ], [ 76.525139220272905, 11.673700597014927 ], [ 76.526217192982458, 11.673700597014927 ], [ 76.526217192982458, 11.673970074626867 ], [ 76.528642631578947, 11.673970074626867 ], [ 76.528642631578947, 11.674239552238808 ], [ 76.529181617933716, 11.674239552238808 ], [ 76.529181617933716, 11.674509029850746 ], [ 76.532146042884989, 11.674509029850746 ], [ 76.532146042884989, 11.674239552238808 ], [ 76.533493508771926, 11.674239552238808 ], [ 76.533493508771926, 11.673970074626867 ], [ 76.53376300194931, 11.673970074626867 ], [ 76.53376300194931, 11.674509029850746 ], [ 76.533224015594541, 11.674509029850746 ], [ 76.533224015594541, 11.674778507462687 ], [ 76.532954522417157, 11.674778507462687 ], [ 76.532954522417157, 11.675047985074627 ], [ 76.532146042884989, 11.675047985074627 ], [ 76.532146042884989, 11.675317462686568 ], [ 76.531607056530206, 11.675317462686568 ], [ 76.531607056530206, 11.675586940298508 ], [ 76.530798576998052, 11.675586940298508 ], [ 76.530798576998052, 11.675856417910449 ], [ 76.530529083820653, 11.675856417910449 ], [ 76.530529083820653, 11.67639537313433 ], [ 76.529720604288499, 11.67639537313433 ], [ 76.529720604288499, 11.676934328358209 ], [ 76.529451111111101, 11.676934328358209 ], [ 76.529451111111101, 11.67720380597015 ], [ 76.529181617933716, 11.67720380597015 ], [ 76.529181617933716, 11.67747328358209 ], [ 76.528103645224164, 11.67747328358209 ], [ 76.528103645224164, 11.676934328358209 ], [ 76.526756179337227, 11.676934328358209 ], [ 76.526756179337227, 11.677742761194031 ], [ 76.525947699805059, 11.677742761194031 ], [ 76.525947699805059, 11.678012238805971 ], [ 76.52540871345029, 11.678012238805971 ], [ 76.52540871345029, 11.678281716417912 ], [ 76.525139220272905, 11.678281716417912 ], [ 76.525139220272905, 11.678551194029852 ], [ 76.524869727095506, 11.678551194029852 ], [ 76.524869727095506, 11.678820671641791 ], [ 76.524330740740737, 11.678820671641791 ], [ 76.524330740740737, 11.679090149253732 ], [ 76.523522261208569, 11.679090149253732 ], [ 76.523522261208569, 11.679629104477613 ], [ 76.522444288499017, 11.679629104477613 ], [ 76.522444288499017, 11.679898582089553 ], [ 76.522174795321632, 11.679898582089553 ], [ 76.522174795321632, 11.680168059701494 ], [ 76.521366315789464, 11.680168059701494 ], [ 76.521366315789464, 11.679898582089553 ], [ 76.520827329434695, 11.679898582089553 ], [ 76.520827329434695, 11.680168059701494 ], [ 76.520557836257311, 11.680168059701494 ], [ 76.520557836257311, 11.680707014925375 ], [ 76.519479863547758, 11.680707014925375 ] ], [ [ 76.523791754385954, 11.678551194029852 ], [ 76.524600233918122, 11.678551194029852 ], [ 76.524600233918122, 11.678281716417912 ], [ 76.524869727095506, 11.678281716417912 ], [ 76.524869727095506, 11.678012238805971 ], [ 76.524600233918122, 11.678012238805971 ], [ 76.524600233918122, 11.677742761194031 ], [ 76.524061247563353, 11.677742761194031 ], [ 76.524061247563353, 11.678012238805971 ], [ 76.523791754385954, 11.678012238805971 ], [ 76.523791754385954, 11.678551194029852 ] ], [ [ 76.522174795321632, 11.678281716417912 ], [ 76.522713781676416, 11.678281716417912 ], [ 76.522713781676416, 11.678012238805971 ], [ 76.523252768031185, 11.678012238805971 ], [ 76.523252768031185, 11.677742761194031 ], [ 76.523791754385954, 11.677742761194031 ], [ 76.523791754385954, 11.67747328358209 ], [ 76.524061247563353, 11.67747328358209 ], [ 76.524061247563353, 11.67720380597015 ], [ 76.523252768031185, 11.67720380597015 ], [ 76.523252768031185, 11.67747328358209 ], [ 76.522444288499017, 11.67747328358209 ], [ 76.522444288499017, 11.678012238805971 ], [ 76.522174795321632, 11.678012238805971 ], [ 76.522174795321632, 11.678281716417912 ] ], [ [ 76.528373138401562, 11.676934328358209 ], [ 76.528642631578947, 11.676934328358209 ], [ 76.528642631578947, 11.676664850746269 ], [ 76.528373138401562, 11.676664850746269 ], [ 76.528373138401562, 11.676934328358209 ] ], [ [ 76.52540871345029, 11.675047985074627 ], [ 76.525947699805059, 11.675047985074627 ], [ 76.525947699805059, 11.674778507462687 ], [ 76.525678206627674, 11.674778507462687 ], [ 76.525678206627674, 11.674509029850746 ], [ 76.525139220272905, 11.674509029850746 ], [ 76.525139220272905, 11.674778507462687 ], [ 76.52540871345029, 11.674778507462687 ], [ 76.52540871345029, 11.675047985074627 ] ], [ [ 76.524869727095506, 11.674509029850746 ], [ 76.525139220272905, 11.674509029850746 ], [ 76.525139220272905, 11.674239552238808 ], [ 76.524869727095506, 11.674239552238808 ], [ 76.524869727095506, 11.674509029850746 ] ] ] } },
{ "type": "Feature", "properties": { "fid": 817, "DN": 1 }, "geometry": { "type": "Polygon", "coordinates": [ [ [ 76.54050033138401, 11.672622686567165 ], [ 76.54050033138401, 11.672083731343285 ], [ 76.540769824561394, 11.672083731343285 ], [ 76.540769824561394, 11.672622686567165 ], [ 76.54050033138401, 11.672622686567165 ] ] ] } },
{ "type": "Feature", "properties": { "fid": 818, "DN": 1 }, "geometry": { "type": "Polygon", "coordinates": [ [ [ 76.560712319688108, 11.678281716417912 ], [ 76.560712319688108, 11.678012238805971 ], [ 76.559634346978555, 11.678012238805971 ], [ 76.559634346978555, 11.677742761194031 ], [ 76.559364853801171, 11.677742761194031 ], [ 76.559364853801171, 11.67747328358209 ], [ 76.559095360623772, 11.67747328358209 ], [ 76.559095360623772, 11.677742761194031 ], [ 76.558556374269003, 11.677742761194031 ], [ 76.558556374269003, 11.67747328358209 ], [ 76.55747840155945, 11.67747328358209 ], [ 76.55747840155945, 11.677742761194031 ], [ 76.556939415204681, 11.677742761194031 ], [ 76.556939415204681, 11.67747328358209 ], [ 76.556130935672513, 11.67747328358209 ], [ 76.556130935672513, 11.67720380597015 ], [ 76.555322456140345, 11.67720380597015 ], [ 76.555322456140345, 11.676934328358209 ], [ 76.554783469785576, 11.676934328358209 ], [ 76.554783469785576, 11.67639537313433 ], [ 76.553705497076024, 11.67639537313433 ], [ 76.553705497076024, 11.676664850746269 ], [ 76.553436003898625, 11.676664850746269 ], [ 76.553436003898625, 11.67720380597015 ], [ 76.55316651072124, 11.67720380597015 ], [ 76.55316651072124, 11.675856417910449 ], [ 76.552088538011688, 11.675856417910449 ], [ 76.552088538011688, 11.675586940298508 ], [ 76.552358031189073, 11.675586940298508 ], [ 76.552358031189073, 11.675317462686568 ], [ 76.552627524366471, 11.675317462686568 ], [ 76.552627524366471, 11.674778507462687 ], [ 76.552897017543856, 11.674778507462687 ], [ 76.552897017543856, 11.675047985074627 ], [ 76.553705497076024, 11.675047985074627 ], [ 76.553705497076024, 11.674509029850746 ], [ 76.55316651072124, 11.674509029850746 ], [ 76.55316651072124, 11.674239552238808 ], [ 76.553436003898625, 11.674239552238808 ], [ 76.553436003898625, 11.673970074626867 ], [ 76.553705497076024, 11.673970074626867 ], [ 76.553705497076024, 11.673700597014927 ], [ 76.554244483430793, 11.673700597014927 ], [ 76.554244483430793, 11.672892164179105 ], [ 76.553705497076024, 11.672892164179105 ], [ 76.553705497076024, 11.672622686567165 ], [ 76.553436003898625, 11.672622686567165 ], [ 76.553436003898625, 11.672083731343285 ], [ 76.554244483430793, 11.672083731343285 ], [ 76.554244483430793, 11.672353208955224 ], [ 76.554783469785576, 11.672353208955224 ], [ 76.554783469785576, 11.672622686567165 ], [ 76.555322456140345, 11.672622686567165 ], [ 76.555322456140345, 11.672892164179105 ], [ 76.555861442495129, 11.672892164179105 ], [ 76.555861442495129, 11.673161641791046 ], [ 76.55559194931773, 11.673161641791046 ], [ 76.55559194931773, 11.673700597014927 ], [ 76.555861442495129, 11.673700597014927 ], [ 76.555861442495129, 11.673970074626867 ], [ 76.556669922027282, 11.673970074626867 ], [ 76.556669922027282, 11.673700597014927 ], [ 76.556400428849898, 11.673700597014927 ], [ 76.556400428849898, 11.673161641791046 ], [ 76.557208908382066, 11.673161641791046 ], [ 76.557208908382066, 11.673431119402986 ], [ 76.55747840155945, 11.673431119402986 ], [ 76.55747840155945, 11.673700597014927 ], [ 76.557747894736835, 11.673700597014927 ], [ 76.557747894736835, 11.673970074626867 ], [ 76.558556374269003, 11.673970074626867 ], [ 76.558556374269003, 11.674239552238808 ], [ 76.561520799220276, 11.674239552238808 ], [ 76.561520799220276, 11.673970074626867 ], [ 76.562329278752429, 11.673970074626867 ], [ 76.562329278752429, 11.674239552238808 ], [ 76.562598771929814, 11.674239552238808 ], [ 76.562598771929814, 11.673970074626867 ], [ 76.563137758284597, 11.673970074626867 ], [ 76.563137758284597, 11.674239552238808 ], [ 76.563946237816765, 11.674239552238808 ], [ 76.563946237816765, 11.674778507462687 ], [ 76.56421573099415, 11.674778507462687 ], [ 76.56421573099415, 11.675317462686568 ], [ 76.564485224171534, 11.675317462686568 ], [ 76.564485224171534, 11.676664850746269 ], [ 76.56421573099415, 11.676664850746269 ], [ 76.56421573099415, 11.676934328358209 ], [ 76.563676744639366, 11.676934328358209 ], [ 76.563676744639366, 11.67720380597015 ], [ 76.563407251461982, 11.67720380597015 ], [ 76.563407251461982, 11.676934328358209 ], [ 76.563137758284597, 11.676934328358209 ], [ 76.563137758284597, 11.67720380597015 ], [ 76.562868265107213, 11.67720380597015 ], [ 76.562868265107213, 11.67747328358209 ], [ 76.562329278752429, 11.67747328358209 ], [ 76.562329278752429, 11.677742761194031 ], [ 76.56179029239766, 11.677742761194031 ], [ 76.56179029239766, 11.678012238805971 ], [ 76.561251306042877, 11.678012238805971 ], [ 76.561251306042877, 11.678281716417912 ], [ 76.560712319688108, 11.678281716417912 ] ], [ [ 76.562868265107213, 11.675047985074627 ], [ 76.563137758284597, 11.675047985074627 ], [ 76.563137758284597, 11.674778507462687 ], [ 76.562868265107213, 11.674778507462687 ], [ 76.562868265107213, 11.675047985074627 ] ], [ [ 76.563137758284597, 11.674778507462687 ], [ 76.563407251461982, 11.674778507462687 ], [ 76.563407251461982, 11.674509029850746 ], [ 76.563137758284597, 11.674509029850746 ], [ 76.563137758284597, 11.674778507462687 ] ] ] } }
]
}
